#
# There is insufficient memory for the Java Runtime Environment to continue.
# Native memory allocation (malloc) failed to allocate 2747288 bytes. Error detail: Chunk::new
# Possible reasons:
#   The system is out of physical RAM or swap space
#   This process is running with CompressedOops enabled, and the Java Heap may be blocking the growth of the native heap
# Possible solutions:
#   Reduce memory load on the system
#   Increase physical memory or swap space
#   Check if swap backing store is full
#   Decrease Java heap size (-Xmx/-Xms)
#   Decrease number of Java threads
#   Decrease Java thread stack sizes (-Xss)
#   Set larger code cache with -XX:ReservedCodeCacheSize=
#   JVM is running with Zero Based Compressed Oops mode in which the Java heap is
#     placed in the first 32GB address space. The Java Heap base address is the
#     maximum limit for the native heap growth. Please use -XX:HeapBaseMinAddress
#     to set the Java Heap base and to place the Java Heap above 32GB virtual address.
# This output file may be truncated or incomplete.
#
#  Out of Memory Error (arena.cpp:186), pid=46528, tid=46268
#
# JRE version: OpenJDK Runtime Environment (25.0.2) (build 25.0.2+-15348964-b329.117)
# Java VM: OpenJDK 64-Bit Server VM (25.0.2+-15348964-b329.117, mixed mode, tiered, compressed oops, compressed class ptrs, g1 gc, windows-amd64)
# No core dump will be written. Minidumps are not enabled by default on client versions of Windows
#

---------------  S U M M A R Y ------------

Command Line: --add-opens=java.base/java.lang=ALL-UNNAMED --add-opens=java.base/java.lang.invoke=ALL-UNNAMED --add-opens=java.base/java.util=ALL-UNNAMED --add-opens=java.prefs/java.util.prefs=ALL-UNNAMED --add-exports=jdk.compiler/com.sun.tools.javac.api=ALL-UNNAMED --add-exports=jdk.compiler/com.sun.tools.javac.util=ALL-UNNAMED --add-opens=java.base/java.util=ALL-UNNAMED --add-opens=java.prefs/java.util.prefs=ALL-UNNAMED --add-opens=java.base/java.nio.charset=ALL-UNNAMED --add-opens=java.base/java.net=ALL-UNNAMED --add-opens=java.base/java.util.concurrent=ALL-UNNAMED --add-opens=java.base/java.util.concurrent.atomic=ALL-UNNAMED --add-opens=java.xml/javax.xml.namespace=ALL-UNNAMED --add-opens=java.base/java.time=ALL-UNNAMED --enable-native-access=ALL-UNNAMED -Xmx4g -Dfile.encoding=UTF-8 -Duser.country=IN -Duser.language=en -Duser.variant -javaagent:C:\Users\conne\.gradle\wrapper\dists\gradle-9.3.1-bin\23ovyewtku6u96viwx3xl3oks\gradle-9.3.1\lib\agents\gradle-instrumentation-agent-9.3.1.jar org.gradle.launcher.daemon.bootstrap.GradleDaemon 9.3.1

Host: Intel(R) Core(TM) Ultra 5 125H, 18 cores, 15G,  Windows 11 , 64 bit Build 26100 (10.0.26100.9168)
Time: Thu Aug 27 00:45:45 2026 India Standard Time elapsed time: 34.027689 seconds (0d 0h 0m 34s)

---------------  T H R E A D  ---------------

Current thread (0x00000157b05a9210):  JavaThread "C2 CompilerThread0" daemon [_thread_in_native, id=46268, stack(0x0000003619c00000,0x0000003619d00000) (1024K)]


Current CompileTask:
C2:34027 14293       4       groovy.lang.MetaClassImpl::addMetaMethodToIndex (65 bytes)

Stack: [0x0000003619c00000,0x0000003619d00000]
Native frames: (J=compiled Java code, j=interpreted, Vv=VM code, C=native code)
V  [jvm.dll+0x7bd439]  (no source info available)
V  [jvm.dll+0x78763d]  (no source info available)
V  [jvm.dll+0xa0c885]  (no source info available)
V  [jvm.dll+0xa0ef04]  (no source info available)
V  [jvm.dll+0xa0f603]  (no source info available)
V  [jvm.dll+0x309bf6]  (no source info available)
V  [jvm.dll+0x10ea69]  (no source info available)
V  [jvm.dll+0x10ed92]  (no source info available)
V  [jvm.dll+0x1a9837]  (no source info available)
V  [jvm.dll+0x3bec92]  (no source info available)
V  [jvm.dll+0x7c2cb7]  (no source info available)
V  [jvm.dll+0x2ce046]  (no source info available)
V  [jvm.dll+0x2cd221]  (no source info available)
V  [jvm.dll+0x242ffa]  (no source info available)
V  [jvm.dll+0x2dcc05]  (no source info available)
V  [jvm.dll+0x2dae06]  (no source info available)
V  [jvm.dll+0x49b59e]  (no source info available)
V  [jvm.dll+0x9ab9c8]  (no source info available)
V  [jvm.dll+0x7bb985]  (no source info available)
C  [ucrtbase.dll+0x2cd30]  (no source info available)
C  [KERNEL32.DLL+0x2ccb7]  (no source info available)
C  [ntdll.dll+0xaad6c]  (no source info available)

Lock stack of current Java thread (top to bottom):


---------------  P R O C E S S  ---------------

Threads class SMR info:
_java_thread_list=0x00000157b81e92f0, length=70, elements={
0x0000015792eec2f0, 0x00000157afcdb620, 0x00000157afced090, 0x00000157afcee300,
0x00000157b05b39d0, 0x00000157b05b4190, 0x00000157b05b6d60, 0x00000157b05b7920,
0x00000157b05a9210, 0x00000157b05d8c70, 0x00000157b0741ac0, 0x00000157b50261c0,
0x00000157b719eca0, 0x00000157b7121be0, 0x00000157b74735e0, 0x00000157b7155020,
0x00000157b73f0380, 0x00000157b7429590, 0x00000157b7423730, 0x00000157b74246d0,
0x00000157b73f9bc0, 0x00000157b73fa390, 0x00000157b73fbb00, 0x00000157b728e7c0,
0x00000157b728c880, 0x00000157b728d820, 0x00000157b728c0b0, 0x00000157b7291e70,
0x00000157b7290700, 0x00000157b72935e0, 0x00000157b77da030, 0x00000157b77d7150,
0x00000157b77d88c0, 0x00000157b909fe00, 0x00000157b90a0da0, 0x00000157b8ea9650,
0x00000157b8eaa5f0, 0x00000157b8ea7ee0, 0x00000157b8eac530, 0x00000157b8ead4d0,
0x00000157b8eae470, 0x00000157b8eab590, 0x00000157b8f5d820, 0x00000157b8f5dff0,
0x00000157b8f5c0b0, 0x00000157b8f5c880, 0x00000157b50801b0, 0x00000157b5081920,
0x00000157b50828c0, 0x00000157b5084030, 0x00000157b5085f70, 0x00000157b5086740,
0x00000157b5084800, 0x00000157b9ee2010, 0x00000157b9ee08a0, 0x00000157b9ee4720,
0x00000157b9ee6e30, 0x00000157b9ee4ef0, 0x00000157b9ee3f50, 0x00000157ba1b37c0,
0x00000157ba1b3f90, 0x00000157ba1b2820, 0x00000157ba1b66a0, 0x00000157ba1b6e70,
0x00000157ba1b7640, 0x00000157ba1b9580, 0x00000157ba1b9d50, 0x00000157ba1bacf0,
0x00000157ba1bb4c0, 0x00000157bf0e8010
}

Java Threads: ( => current thread )
  0x0000015792eec2f0 JavaThread "main"                              [_thread_blocked, id=7264, stack(0x0000003618d00000,0x0000003618e00000) (1024K)]
  0x00000157afcdb620 JavaThread "Common-Cleaner"             daemon [_thread_blocked, id=28432, stack(0x0000003619500000,0x0000003619600000) (1024K)]
  0x00000157afced090 JavaThread "Reference Handler"          daemon [_thread_blocked, id=44592, stack(0x0000003619600000,0x0000003619700000) (1024K)]
  0x00000157afcee300 JavaThread "Finalizer"                  daemon [_thread_blocked, id=39192, stack(0x0000003619700000,0x0000003619800000) (1024K)]
  0x00000157b05b39d0 JavaThread "Signal Dispatcher"          daemon [_thread_blocked, id=44632, stack(0x0000003619800000,0x0000003619900000) (1024K)]
  0x00000157b05b4190 JavaThread "Attach Listener"            daemon [_thread_blocked, id=14284, stack(0x0000003619900000,0x0000003619a00000) (1024K)]
  0x00000157b05b6d60 JavaThread "Service Thread"             daemon [_thread_blocked, id=29440, stack(0x0000003619a00000,0x0000003619b00000) (1024K)]
  0x00000157b05b7920 JavaThread "Monitor Deflation Thread"   daemon [_thread_blocked, id=26760, stack(0x0000003619b00000,0x0000003619c00000) (1024K)]
=>0x00000157b05a9210 JavaThread "C2 CompilerThread0"         daemon [_thread_in_native, id=46268, stack(0x0000003619c00000,0x0000003619d00000) (1024K)]
  0x00000157b05d8c70 JavaThread "C1 CompilerThread0"         daemon [_thread_blocked, id=29228, stack(0x0000003619d00000,0x0000003619e00000) (1024K)]
  0x00000157b0741ac0 JavaThread "C1 CompilerThread1"         daemon [_thread_blocked, id=11144, stack(0x0000003619e00000,0x0000003619f00000) (1024K)]
  0x00000157b50261c0 JavaThread "Notification Thread"        daemon [_thread_blocked, id=40676, stack(0x0000003619f00000,0x000000361a000000) (1024K)]
  0x00000157b719eca0 JavaThread "Daemon health stats"               [_thread_blocked, id=23440, stack(0x000000361a500000,0x000000361a600000) (1024K)]
  0x00000157b7121be0 JavaThread "Incoming local TCP Connector on port 59930"        [_thread_in_native, id=38240, stack(0x000000361a600000,0x000000361a700000) (1024K)]
  0x00000157b74735e0 JavaThread "Daemon periodic checks"            [_thread_blocked, id=47172, stack(0x000000361a700000,0x000000361a800000) (1024K)]
  0x00000157b7155020 JavaThread "Daemon"                            [_thread_blocked, id=40236, stack(0x000000361a800000,0x000000361a900000) (1024K)]
  0x00000157b73f0380 JavaThread "Handler for socket connection from /127.0.0.1:59930 to /127.0.0.1:59931"        [_thread_in_native, id=20284, stack(0x000000361a900000,0x000000361aa00000) (1024K)]
  0x00000157b7429590 JavaThread "Cancel handler"                    [_thread_blocked, id=22868, stack(0x000000361b500000,0x000000361b600000) (1024K)]
  0x00000157b7423730 JavaThread "Daemon worker"                     [_thread_in_vm, id=46844, stack(0x000000361b600000,0x000000361b700000) (1024K)]
  0x00000157b74246d0 JavaThread "Asynchronous log dispatcher for DefaultDaemonConnection: socket connection from /127.0.0.1:59930 to /127.0.0.1:59931"        [_thread_blocked, id=36532, stack(0x000000361b700000,0x000000361b800000) (1024K)]
  0x00000157b73f9bc0 JavaThread "Stdin handler"                     [_thread_blocked, id=50564, stack(0x000000361b800000,0x000000361b900000) (1024K)]
  0x00000157b73fa390 JavaThread "Daemon client event forwarder"        [_thread_blocked, id=29492, stack(0x000000361b900000,0x000000361ba00000) (1024K)]
  0x00000157b73fbb00 JavaThread "Cache worker for journal cache (C:\Users\conne\.gradle\caches\journal-1)"        [_thread_blocked, id=33868, stack(0x000000361ba00000,0x000000361bb00000) (1024K)]
  0x00000157b728e7c0 JavaThread "File lock request listener"        [_thread_in_native, id=25992, stack(0x000000361bb00000,0x000000361bc00000) (1024K)]
  0x00000157b728c880 JavaThread "Cache worker for file hash cache (C:\Users\conne\.gradle\caches\9.3.1\fileHashes)"        [_thread_blocked, id=44796, stack(0x000000361bc00000,0x000000361bd00000) (1024K)]
  0x00000157b728d820 JavaThread "Cache worker for file hash cache (C:\Users\conne\OneDrive\Desktop\MJ-\.gradle\9.3.1\fileHashes)"        [_thread_blocked, id=25748, stack(0x000000361bd00000,0x000000361be00000) (1024K)]
  0x00000157b728c0b0 JavaThread "Cache worker for checksums cache (C:\Users\conne\OneDrive\Desktop\MJ-\.gradle\9.3.1\checksums)"        [_thread_blocked, id=21864, stack(0x000000361be00000,0x000000361bf00000) (1024K)]
  0x00000157b7291e70 JavaThread "Cache worker for Build Output Cleanup Cache (C:\Users\conne\OneDrive\Desktop\MJ-\.gradle\buildOutputCleanup)"        [_thread_blocked, id=30884, stack(0x000000361bf00000,0x000000361c000000) (1024K)]
  0x00000157b7290700 JavaThread "Cache worker for file content cache (C:\Users\conne\.gradle\caches\9.3.1\fileContent)"        [_thread_blocked, id=9372, stack(0x000000361c000000,0x000000361c100000) (1024K)]
  0x00000157b72935e0 JavaThread "File watcher server"        daemon [_thread_in_native, id=29388, stack(0x000000361c100000,0x000000361c200000) (1024K)]
  0x00000157b77da030 JavaThread "File watcher consumer"      daemon [_thread_blocked, id=29220, stack(0x000000361c200000,0x000000361c300000) (1024K)]
  0x00000157b77d7150 JavaThread "Cache worker for cache directory md-supplier (C:\Users\conne\.gradle\caches\9.3.1\md-supplier)"        [_thread_blocked, id=44948, stack(0x000000361c300000,0x000000361c400000) (1024K)]
  0x00000157b77d88c0 JavaThread "Cache worker for cache directory md-rule (C:\Users\conne\.gradle\caches\9.3.1\md-rule)"        [_thread_blocked, id=45444, stack(0x000000361c400000,0x000000361c500000) (1024K)]
  0x00000157b909fe00 JavaThread "jar transforms"                    [_thread_blocked, id=20136, stack(0x000000361c500000,0x000000361c600000) (1024K)]
  0x00000157b90a0da0 JavaThread "jar transforms Thread 2"           [_thread_blocked, id=36192, stack(0x000000361c600000,0x000000361c700000) (1024K)]
  0x00000157b8ea9650 JavaThread "jar transforms Thread 3"           [_thread_blocked, id=44268, stack(0x000000361c700000,0x000000361c800000) (1024K)]
  0x00000157b8eaa5f0 JavaThread "jar transforms Thread 4"           [_thread_blocked, id=34968, stack(0x000000361c800000,0x000000361c900000) (1024K)]
  0x00000157b8ea7ee0 JavaThread "jar transforms Thread 5"           [_thread_blocked, id=47020, stack(0x000000361c900000,0x000000361ca00000) (1024K)]
  0x00000157b8eac530 JavaThread "Unconstrained build operations"        [_thread_blocked, id=15960, stack(0x000000361ca00000,0x000000361cb00000) (1024K)]
  0x00000157b8ead4d0 JavaThread "Unconstrained build operations Thread 2"        [_thread_blocked, id=26012, stack(0x000000361cb00000,0x000000361cc00000) (1024K)]
  0x00000157b8eae470 JavaThread "Unconstrained build operations Thread 3"        [_thread_blocked, id=46596, stack(0x000000361cc00000,0x000000361cd00000) (1024K)]
  0x00000157b8eab590 JavaThread "Unconstrained build operations Thread 4"        [_thread_blocked, id=41444, stack(0x000000361cd00000,0x000000361ce00000) (1024K)]
  0x00000157b8f5d820 JavaThread "Unconstrained build operations Thread 5"        [_thread_blocked, id=17688, stack(0x000000361ce00000,0x000000361cf00000) (1024K)]
  0x00000157b8f5dff0 JavaThread "Unconstrained build operations Thread 6"        [_thread_blocked, id=40832, stack(0x000000361cf00000,0x000000361d000000) (1024K)]
  0x00000157b8f5c0b0 JavaThread "jar transforms Thread 6"           [_thread_blocked, id=18708, stack(0x000000361d000000,0x000000361d100000) (1024K)]
  0x00000157b8f5c880 JavaThread "jar transforms Thread 7"           [_thread_blocked, id=19256, stack(0x000000361d100000,0x000000361d200000) (1024K)]
  0x00000157b50801b0 JavaThread "Unconstrained build operations Thread 7"        [_thread_blocked, id=48756, stack(0x000000361d200000,0x000000361d300000) (1024K)]
  0x00000157b5081920 JavaThread "Unconstrained build operations Thread 8"        [_thread_blocked, id=31248, stack(0x000000361d300000,0x000000361d400000) (1024K)]
  0x00000157b50828c0 JavaThread "Unconstrained build operations Thread 9"        [_thread_blocked, id=19804, stack(0x000000361d400000,0x000000361d500000) (1024K)]
  0x00000157b5084030 JavaThread "jar transforms Thread 8"           [_thread_blocked, id=35932, stack(0x000000361d500000,0x000000361d600000) (1024K)]
  0x00000157b5085f70 JavaThread "jar transforms Thread 9"           [_thread_blocked, id=3720, stack(0x000000361d600000,0x000000361d700000) (1024K)]
  0x00000157b5086740 JavaThread "jar transforms Thread 10"          [_thread_blocked, id=8612, stack(0x000000361d700000,0x000000361d800000) (1024K)]
  0x00000157b5084800 JavaThread "Unconstrained build operations Thread 10"        [_thread_blocked, id=49672, stack(0x000000361d800000,0x000000361d900000) (1024K)]
  0x00000157b9ee2010 JavaThread "Unconstrained build operations Thread 11"        [_thread_blocked, id=26600, stack(0x000000361d900000,0x000000361da00000) (1024K)]
  0x00000157b9ee08a0 JavaThread "Unconstrained build operations Thread 12"        [_thread_blocked, id=34040, stack(0x000000361da00000,0x000000361db00000) (1024K)]
  0x00000157b9ee4720 JavaThread "Configuration cache report writer"        [_thread_blocked, id=34156, stack(0x000000361db00000,0x000000361dc00000) (1024K)]
  0x00000157b9ee6e30 JavaThread "Unconstrained build operations Thread 13"        [_thread_blocked, id=4764, stack(0x000000361dc00000,0x000000361dd00000) (1024K)]
  0x00000157b9ee4ef0 JavaThread "Unconstrained build operations Thread 14"        [_thread_blocked, id=36472, stack(0x000000361dd00000,0x000000361de00000) (1024K)]
  0x00000157b9ee3f50 JavaThread "Unconstrained build operations Thread 15"        [_thread_blocked, id=46292, stack(0x000000361de00000,0x000000361df00000) (1024K)]
  0x00000157ba1b37c0 JavaThread "Unconstrained build operations Thread 16"        [_thread_blocked, id=50888, stack(0x000000361df00000,0x000000361e000000) (1024K)]
  0x00000157ba1b3f90 JavaThread "Unconstrained build operations Thread 17"        [_thread_blocked, id=41780, stack(0x000000361e000000,0x000000361e100000) (1024K)]
  0x00000157ba1b2820 JavaThread "Unconstrained build operations Thread 18"        [_thread_blocked, id=4428, stack(0x000000361e100000,0x000000361e200000) (1024K)]
  0x00000157ba1b66a0 JavaThread "Unconstrained build operations Thread 19"        [_thread_blocked, id=28812, stack(0x000000361e200000,0x000000361e300000) (1024K)]
  0x00000157ba1b6e70 JavaThread "Unconstrained build operations Thread 20"        [_thread_blocked, id=32944, stack(0x000000361e300000,0x000000361e400000) (1024K)]
  0x00000157ba1b7640 JavaThread "Unconstrained build operations Thread 21"        [_thread_blocked, id=43108, stack(0x000000361e400000,0x000000361e500000) (1024K)]
  0x00000157ba1b9580 JavaThread "build event listener"              [_thread_blocked, id=25244, stack(0x000000361e500000,0x000000361e600000) (1024K)]
  0x00000157ba1b9d50 JavaThread "Memory manager"                    [_thread_blocked, id=16672, stack(0x000000361e600000,0x000000361e700000) (1024K)]
  0x00000157ba1bacf0 JavaThread "build event listener"              [_thread_blocked, id=41100, stack(0x000000361e700000,0x000000361e800000) (1024K)]
  0x00000157ba1bb4c0 JavaThread "File lock release action executor"        [_thread_blocked, id=37368, stack(0x000000361e800000,0x000000361e900000) (1024K)]
  0x00000157bf0e8010 JavaThread "C2 CompilerThread1"         daemon [_thread_in_native, id=20928, stack(0x0000003618900000,0x0000003618a00000) (1024K)]
Total: 70

Other Threads:
  0x00000157afcb3a40 VMThread "VM Thread"                           [id=12416, stack(0x0000003619400000,0x0000003619500000) (1024K)]
  0x00000157afb55140 WatcherThread "VM Periodic Task Thread"        [id=21460, stack(0x0000003619300000,0x0000003619400000) (1024K)]
  0x0000015794b663d0 WorkerThread "GC Thread#0"                     [id=15540, stack(0x0000003618e00000,0x0000003618f00000) (1024K)]
  0x00000157b5ca78f0 WorkerThread "GC Thread#1"                     [id=50476, stack(0x000000361a000000,0x000000361a100000) (1024K)]
  0x00000157b5b44ec0 WorkerThread "GC Thread#2"                     [id=35648, stack(0x000000361a100000,0x000000361a200000) (1024K)]
  0x00000157b5b45700 WorkerThread "GC Thread#3"                     [id=14948, stack(0x000000361a200000,0x000000361a300000) (1024K)]
  0x00000157b5884070 WorkerThread "GC Thread#4"                     [id=42612, stack(0x000000361a300000,0x000000361a400000) (1024K)]
  0x00000157b5dab530 WorkerThread "GC Thread#5"                     [id=32728, stack(0x000000361a400000,0x000000361a500000) (1024K)]
  0x00000157b5dae8f0 WorkerThread "GC Thread#6"                     [id=51152, stack(0x000000361aa00000,0x000000361ab00000) (1024K)]
  0x00000157b5dacac0 WorkerThread "GC Thread#7"                     [id=17364, stack(0x000000361ab00000,0x000000361ac00000) (1024K)]
  0x00000157b5dabdd0 WorkerThread "GC Thread#8"                     [id=27404, stack(0x000000361ac00000,0x000000361ad00000) (1024K)]
  0x00000157b5dac220 WorkerThread "GC Thread#9"                     [id=15412, stack(0x000000361ad00000,0x000000361ae00000) (1024K)]
  0x00000157b713e580 WorkerThread "GC Thread#10"                    [id=34364, stack(0x000000361ae00000,0x000000361af00000) (1024K)]
  0x00000157b71403b0 WorkerThread "GC Thread#11"                    [id=28052, stack(0x000000361af00000,0x000000361b000000) (1024K)]
  0x00000157b713e9d0 WorkerThread "GC Thread#12"                    [id=36420, stack(0x000000361b000000,0x000000361b100000) (1024K)]
  0x00000157b713ff60 WorkerThread "GC Thread#13"                    [id=34220, stack(0x000000361b100000,0x000000361b200000) (1024K)]
  0x0000015794b7f4a0 ConcurrentGCThread "G1 Main Marker"            [id=22124, stack(0x0000003618f00000,0x0000003619000000) (1024K)]
  0x0000015794b81f30 WorkerThread "G1 Conc#0"                       [id=6860, stack(0x0000003619000000,0x0000003619100000) (1024K)]
  0x00000157b713cba0 WorkerThread "G1 Conc#1"                       [id=16080, stack(0x000000361b200000,0x000000361b300000) (1024K)]
  0x00000157b713e130 WorkerThread "G1 Conc#2"                       [id=13140, stack(0x000000361b300000,0x000000361b400000) (1024K)]
  0x00000157b713ee20 WorkerThread "G1 Conc#3"                       [id=9100, stack(0x000000361b400000,0x000000361b500000) (1024K)]
  0x00000157afb3b4f0 ConcurrentGCThread "G1 Refine#0"               [id=29396, stack(0x0000003619100000,0x0000003619200000) (1024K)]
  0x00000157afb3e010 ConcurrentGCThread "G1 Service"                [id=33916, stack(0x0000003619200000,0x0000003619300000) (1024K)]
Total: 23

Threads with active compile tasks:
C2 CompilerThread0  35216 14293       4       groovy.lang.MetaClassImpl::addMetaMethodToIndex (65 bytes)
C2 CompilerThread1  35216 14294       4       groovy.lang.MetaClassImpl::checkIfStdMethod (178 bytes)
Total: 2

VM state: not at safepoint (normal execution)

VM Mutex/Monitor currently owned by a thread: None

Heap address: 0x0000000700000000, size: 4096 MB, Compressed Oops mode: Zero based, Oop shift amount: 3

CDS archive(s) not mapped
Compressed class space mapped at: 0x00000000be000000-0x00000000fe000000, reserved size: 1073741824
UseCompressedClassPointers 1, UseCompactObjectHeaders 0
Narrow klass pointer bits 32, Max shift 3
Narrow klass base: 0x0000000000000000, Narrow klass shift: 0
Encoding Range: [0x0000000000000000 - 0x0000000100000000), (4294967296 bytes)
Klass Range:    [0x00000000be000000 - 0x00000000fe000000), (1073741824 bytes)
Klass ID Range:  [3187671040 - 4261412857) (1073741817)
No protection zone.

GC Precious Log:
 CardTable entry size: 512
 Card Set container configuration: InlinePtr #cards 4 size 8 Array Of Cards #cards 16 size 48 Howl #buckets 8 coarsen threshold 3686 Howl Bitmap #cards 512 size 80 coarsen threshold 460 Card regions per heap region 1 cards per card region 4096
 CPUs: 18 total, 18 available
 Memory: 15805M
 Large Page Support: Disabled
 NUMA Support: Disabled
 Compressed Oops: Enabled (Zero based)
 Heap Region Size: 2M
 Heap Min Capacity: 8M
 Heap Initial Capacity: 248M
 Heap Max Capacity: 4G
 Pre-touch: Disabled
 Parallel Workers: 14
 Concurrent Workers: 4
 Concurrent Refinement Workers: 14
 Periodic GC: Disabled

Heap:
 garbage-first heap   total reserved 4194304K, committed 172032K, used 125240K [0x0000000700000000, 0x0000000800000000)
  region size 2048K, 16 young (32768K), 3 survivors (6144K)

Heap Regions: E=young(eden), S=young(survivor), O=old, HS=humongous(starts), HC=humongous(continues), CS=collection set, F=free, TAMS=top-at-mark-start, PB=parsable bottom
|   0|0x0000000700000000, 0x0000000700200000, 0x0000000700200000|100%|HS|  |TAMS 0x0000000700000000| PB 0x0000000700000000| Complete |  0
|   1|0x0000000700200000, 0x0000000700400000, 0x0000000700400000|100%|HC|  |TAMS 0x0000000700200000| PB 0x0000000700200000| Complete |  0
|   2|0x0000000700400000, 0x0000000700600000, 0x0000000700600000|100%| O|  |TAMS 0x0000000700400000| PB 0x0000000700400000| Untracked |  0
|   3|0x0000000700600000, 0x0000000700800000, 0x0000000700800000|100%| O|  |TAMS 0x0000000700600000| PB 0x0000000700600000| Untracked |  0
|   4|0x0000000700800000, 0x0000000700a00000, 0x0000000700a00000|100%| O|  |TAMS 0x0000000700800000| PB 0x0000000700800000| Untracked |  0
|   5|0x0000000700a00000, 0x0000000700c00000, 0x0000000700c00000|100%| O|  |TAMS 0x0000000700a00000| PB 0x0000000700a00000| Untracked |  0
|   6|0x0000000700c00000, 0x0000000700e00000, 0x0000000700e00000|100%| O|  |TAMS 0x0000000700c00000| PB 0x0000000700c00000| Untracked |  0
|   7|0x0000000700e00000, 0x0000000701000000, 0x0000000701000000|100%| O|  |TAMS 0x0000000700e00000| PB 0x0000000700e00000| Untracked |  0
|   8|0x0000000701000000, 0x0000000701200000, 0x0000000701200000|100%| O|  |TAMS 0x0000000701000000| PB 0x0000000701000000| Untracked |  0
|   9|0x0000000701200000, 0x0000000701400000, 0x0000000701400000|100%| O|  |TAMS 0x0000000701200000| PB 0x0000000701200000| Untracked |  0
|  10|0x0000000701400000, 0x0000000701600000, 0x0000000701600000|100%| O|  |TAMS 0x0000000701400000| PB 0x0000000701400000| Untracked |  0
|  11|0x0000000701600000, 0x0000000701800000, 0x0000000701800000|100%| O|  |TAMS 0x0000000701600000| PB 0x0000000701600000| Untracked |  0
|  12|0x0000000701800000, 0x0000000701a00000, 0x0000000701a00000|100%| O|  |TAMS 0x0000000701800000| PB 0x0000000701800000| Untracked |  0
|  13|0x0000000701a00000, 0x0000000701c00000, 0x0000000701c00000|100%| O|  |TAMS 0x0000000701a00000| PB 0x0000000701a00000| Untracked |  0
|  14|0x0000000701c00000, 0x0000000701e00000, 0x0000000701e00000|100%| O|  |TAMS 0x0000000701c00000| PB 0x0000000701c00000| Untracked |  0
|  15|0x0000000701e00000, 0x0000000702000000, 0x0000000702000000|100%| O|  |TAMS 0x0000000701e00000| PB 0x0000000701e00000| Untracked |  0
|  16|0x0000000702000000, 0x0000000702200000, 0x0000000702200000|100%| O|  |TAMS 0x0000000702000000| PB 0x0000000702000000| Untracked |  0
|  17|0x0000000702200000, 0x0000000702400000, 0x0000000702400000|100%| O|Cm|TAMS 0x0000000702200000| PB 0x0000000702200000| Complete |  0
|  18|0x0000000702400000, 0x0000000702600000, 0x0000000702600000|100%| O|  |TAMS 0x0000000702400000| PB 0x0000000702400000| Untracked |  0
|  19|0x0000000702600000, 0x0000000702800000, 0x0000000702800000|100%| O|  |TAMS 0x0000000702600000| PB 0x0000000702600000| Untracked |  0
|  20|0x0000000702800000, 0x0000000702a00000, 0x0000000702a00000|100%| O|  |TAMS 0x0000000702800000| PB 0x0000000702800000| Untracked |  0
|  21|0x0000000702a00000, 0x0000000702c00000, 0x0000000702c00000|100%| O|  |TAMS 0x0000000702a00000| PB 0x0000000702a00000| Untracked |  0
|  22|0x0000000702c00000, 0x0000000702e00000, 0x0000000702e00000|100%|HS|  |TAMS 0x0000000702c00000| PB 0x0000000702c00000| Complete |  0
|  23|0x0000000702e00000, 0x0000000703000000, 0x0000000703000000|100%|HS|  |TAMS 0x0000000702e00000| PB 0x0000000702e00000| Complete |  0
|  24|0x0000000703000000, 0x0000000703200000, 0x0000000703200000|100%| O|  |TAMS 0x0000000703000000| PB 0x0000000703000000| Untracked |  0
|  25|0x0000000703200000, 0x0000000703400000, 0x0000000703400000|100%| O|  |TAMS 0x0000000703200000| PB 0x0000000703200000| Untracked |  0
|  26|0x0000000703400000, 0x0000000703600000, 0x0000000703600000|100%| O|  |TAMS 0x0000000703400000| PB 0x0000000703400000| Untracked |  0
|  27|0x0000000703600000, 0x0000000703800000, 0x0000000703800000|100%| O|  |TAMS 0x0000000703600000| PB 0x0000000703600000| Untracked |  0
|  28|0x0000000703800000, 0x00000007039e9658, 0x0000000703a00000| 95%| S|CS|TAMS 0x0000000703800000| PB 0x0000000703800000| Complete |  0
|  29|0x0000000703a00000, 0x0000000703c00000, 0x0000000703c00000|100%| O|  |TAMS 0x0000000703a00000| PB 0x0000000703a00000| Untracked |  0
|  30|0x0000000703c00000, 0x0000000703e00000, 0x0000000703e00000|100%| O|  |TAMS 0x0000000703c00000| PB 0x0000000703c00000| Untracked |  0
|  31|0x0000000703e00000, 0x0000000704000000, 0x0000000704000000|100%| O|  |TAMS 0x0000000703e00000| PB 0x0000000703e00000| Untracked |  0
|  32|0x0000000704000000, 0x0000000704200000, 0x0000000704200000|100%| O|  |TAMS 0x0000000704000000| PB 0x0000000704000000| Untracked |  0
|  33|0x0000000704200000, 0x0000000704400000, 0x0000000704400000|100%| O|  |TAMS 0x0000000704200000| PB 0x0000000704200000| Untracked |  0
|  34|0x0000000704400000, 0x0000000704600000, 0x0000000704600000|100%| S|CS|TAMS 0x0000000704400000| PB 0x0000000704400000| Complete |  0
|  35|0x0000000704600000, 0x0000000704800000, 0x0000000704800000|100%| O|  |TAMS 0x0000000704600000| PB 0x0000000704600000| Untracked |  0
|  36|0x0000000704800000, 0x0000000704a00000, 0x0000000704a00000|100%| O|  |TAMS 0x0000000704800000| PB 0x0000000704800000| Untracked |  0
|  37|0x0000000704a00000, 0x0000000704c00000, 0x0000000704c00000|100%| O|  |TAMS 0x0000000704a00000| PB 0x0000000704a00000| Untracked |  0
|  38|0x0000000704c00000, 0x0000000704e00000, 0x0000000704e00000|100%| S|CS|TAMS 0x0000000704c00000| PB 0x0000000704c00000| Complete |  0
|  39|0x0000000704e00000, 0x0000000704e00000, 0x0000000705000000|  0%| F|  |TAMS 0x0000000704e00000| PB 0x0000000704e00000| Untracked |  0
|  40|0x0000000705000000, 0x0000000705200000, 0x0000000705200000|100%| O|  |TAMS 0x0000000705000000| PB 0x0000000705000000| Untracked |  0
|  41|0x0000000705200000, 0x0000000705200000, 0x0000000705400000|  0%| F|  |TAMS 0x0000000705200000| PB 0x0000000705200000| Untracked |  0
|  42|0x0000000705400000, 0x0000000705400000, 0x0000000705600000|  0%| F|  |TAMS 0x0000000705400000| PB 0x0000000705400000| Untracked |  0
|  43|0x0000000705600000, 0x0000000705600000, 0x0000000705800000|  0%| F|  |TAMS 0x0000000705600000| PB 0x0000000705600000| Untracked |  0
|  44|0x0000000705800000, 0x0000000705800000, 0x0000000705a00000|  0%| F|  |TAMS 0x0000000705800000| PB 0x0000000705800000| Untracked |  0
|  45|0x0000000705a00000, 0x0000000705a00000, 0x0000000705c00000|  0%| F|  |TAMS 0x0000000705a00000| PB 0x0000000705a00000| Untracked |  0
|  46|0x0000000705c00000, 0x0000000705c00000, 0x0000000705e00000|  0%| F|  |TAMS 0x0000000705c00000| PB 0x0000000705c00000| Untracked |  0
|  47|0x0000000705e00000, 0x0000000705e00000, 0x0000000706000000|  0%| F|  |TAMS 0x0000000705e00000| PB 0x0000000705e00000| Untracked |  0
|  48|0x0000000706000000, 0x0000000706000000, 0x0000000706200000|  0%| F|  |TAMS 0x0000000706000000| PB 0x0000000706000000| Untracked |  0
|  49|0x0000000706200000, 0x0000000706200000, 0x0000000706400000|  0%| F|  |TAMS 0x0000000706200000| PB 0x0000000706200000| Untracked |  0
|  50|0x0000000706400000, 0x0000000706400000, 0x0000000706600000|  0%| F|  |TAMS 0x0000000706400000| PB 0x0000000706400000| Untracked |  0
|  51|0x0000000706600000, 0x0000000706600000, 0x0000000706800000|  0%| F|  |TAMS 0x0000000706600000| PB 0x0000000706600000| Untracked |  0
|  52|0x0000000706800000, 0x0000000706800000, 0x0000000706a00000|  0%| F|  |TAMS 0x0000000706800000| PB 0x0000000706800000| Untracked |  0
|  53|0x0000000706a00000, 0x0000000706a00000, 0x0000000706c00000|  0%| F|  |TAMS 0x0000000706a00000| PB 0x0000000706a00000| Untracked |  0
|  54|0x0000000706c00000, 0x0000000706c00000, 0x0000000706e00000|  0%| F|  |TAMS 0x0000000706c00000| PB 0x0000000706c00000| Untracked |  0
|  55|0x0000000706e00000, 0x0000000706e00000, 0x0000000707000000|  0%| F|  |TAMS 0x0000000706e00000| PB 0x0000000706e00000| Untracked |  0
|  56|0x0000000707000000, 0x0000000707000000, 0x0000000707200000|  0%| F|  |TAMS 0x0000000707000000| PB 0x0000000707000000| Untracked |  0
|  57|0x0000000707200000, 0x0000000707200000, 0x0000000707400000|  0%| F|  |TAMS 0x0000000707200000| PB 0x0000000707200000| Untracked |  0
|  58|0x0000000707400000, 0x0000000707400000, 0x0000000707600000|  0%| F|  |TAMS 0x0000000707400000| PB 0x0000000707400000| Untracked |  0
|  59|0x0000000707600000, 0x0000000707600000, 0x0000000707800000|  0%| F|  |TAMS 0x0000000707600000| PB 0x0000000707600000| Untracked |  0
|  60|0x0000000707800000, 0x0000000707800000, 0x0000000707a00000|  0%| F|  |TAMS 0x0000000707800000| PB 0x0000000707800000| Untracked |  0
|  61|0x0000000707a00000, 0x0000000707b00000, 0x0000000707c00000| 50%| E|  |TAMS 0x0000000707a00000| PB 0x0000000707a00000| Complete |  0
|  62|0x0000000707c00000, 0x0000000707e00000, 0x0000000707e00000|100%| E|CS|TAMS 0x0000000707c00000| PB 0x0000000707c00000| Complete |  0
|  63|0x0000000707e00000, 0x0000000708000000, 0x0000000708000000|100%| E|CS|TAMS 0x0000000707e00000| PB 0x0000000707e00000| Complete |  0
|  85|0x000000070aa00000, 0x000000070ac00000, 0x000000070ac00000|100%| E|CS|TAMS 0x000000070aa00000| PB 0x000000070aa00000| Complete |  0
|  86|0x000000070ac00000, 0x000000070ae00000, 0x000000070ae00000|100%| E|CS|TAMS 0x000000070ac00000| PB 0x000000070ac00000| Complete |  0
|  87|0x000000070ae00000, 0x000000070b000000, 0x000000070b000000|100%| E|CS|TAMS 0x000000070ae00000| PB 0x000000070ae00000| Complete |  0
|  88|0x000000070b000000, 0x000000070b200000, 0x000000070b200000|100%| E|CS|TAMS 0x000000070b000000| PB 0x000000070b000000| Complete |  0
|  89|0x000000070b200000, 0x000000070b400000, 0x000000070b400000|100%| E|CS|TAMS 0x000000070b200000| PB 0x000000070b200000| Complete |  0
|  90|0x000000070b400000, 0x000000070b600000, 0x000000070b600000|100%| E|CS|TAMS 0x000000070b400000| PB 0x000000070b400000| Complete |  0
|  91|0x000000070b600000, 0x000000070b800000, 0x000000070b800000|100%| E|CS|TAMS 0x000000070b600000| PB 0x000000070b600000| Complete |  0
|  92|0x000000070b800000, 0x000000070ba00000, 0x000000070ba00000|100%| E|CS|TAMS 0x000000070b800000| PB 0x000000070b800000| Complete |  0
|  93|0x000000070ba00000, 0x000000070bc00000, 0x000000070bc00000|100%| E|CS|TAMS 0x000000070ba00000| PB 0x000000070ba00000| Complete |  0
| 123|0x000000070f600000, 0x000000070f800000, 0x000000070f800000|100%| E|CS|TAMS 0x000000070f600000| PB 0x000000070f600000| Complete |  0
|2038|0x00000007fec00000, 0x00000007fec64d40, 0x00000007fee00000| 19%| O|  |TAMS 0x00000007fec00000| PB 0x00000007fec00000| Untracked |  0
|2039|0x00000007fee00000, 0x00000007ff000000, 0x00000007ff000000|100%| O|  |TAMS 0x00000007fee00000| PB 0x00000007fee00000| Untracked |  0
|2040|0x00000007ff000000, 0x00000007ff200000, 0x00000007ff200000|100%| O|  |TAMS 0x00000007ff000000| PB 0x00000007ff000000| Untracked |  0
|2041|0x00000007ff200000, 0x00000007ff400000, 0x00000007ff400000|100%| O|  |TAMS 0x00000007ff200000| PB 0x00000007ff200000| Untracked |  0
|2042|0x00000007ff400000, 0x00000007ff600000, 0x00000007ff600000|100%| O|  |TAMS 0x00000007ff400000| PB 0x00000007ff400000| Untracked |  0
|2043|0x00000007ff600000, 0x00000007ff800000, 0x00000007ff800000|100%| O|  |TAMS 0x00000007ff600000| PB 0x00000007ff600000| Untracked |  0
|2044|0x00000007ff800000, 0x00000007ffa00000, 0x00000007ffa00000|100%| O|  |TAMS 0x00000007ff800000| PB 0x00000007ff800000| Untracked |  0
|2045|0x00000007ffa00000, 0x00000007ffc00000, 0x00000007ffc00000|100%| O|  |TAMS 0x00000007ffa00000| PB 0x00000007ffa00000| Untracked |  0
|2046|0x00000007ffc00000, 0x00000007ffe00000, 0x00000007ffe00000|100%| O|  |TAMS 0x00000007ffc00000| PB 0x00000007ffc00000| Untracked |  0
|2047|0x00000007ffe00000, 0x0000000800000000, 0x0000000800000000|100%| O|  |TAMS 0x00000007ffe00000| PB 0x00000007ffe00000| Untracked |  0

Card table byte_map: [0x00000157a8ab0000,0x00000157a92b0000] _byte_map_base: 0x00000157a52b0000

Marking Bits: (CMBitMap*) 0x0000015794b66b60
 Bits: [0x00000157a92b0000, 0x00000157ad2b0000)

Polling page: 0x00000157934b0000

Metaspace:
Metaspace        used 115337K, committed 117632K, reserved 1179648K
 class space     used 17098K, committed 18176K, reserved 1048576K

Usage:
  Non-class:     95.94 MB used.
      Class:     16.70 MB used.
       Both:    112.63 MB used.

Virtual space:
  Non-class space:      128.00 MB reserved,      97.12 MB ( 76%) committed,  2 nodes.
      Class space:        1.00 GB reserved,      17.75 MB (  2%) committed,  1 nodes.
             Both:        1.12 GB reserved,     114.88 MB ( 10%) committed. 

Chunk freelists:
   Non-Class:  14.36 MB
       Class:  14.27 MB
        Both:  28.63 MB

MaxMetaspaceSize: unlimited
CompressedClassSpaceSize: 1.00 GB
Initial GC threshold: 21.00 MB
Current GC threshold: 190.62 MB
CDS: off
 - commit_granule_bytes: 65536.
 - commit_granule_words: 8192.
 - virtual_space_node_default_size: 8388608.
 - enlarge_chunks_in_place: 1.
UseCompressedClassPointers 1, UseCompactObjectHeaders 0
Narrow klass pointer bits 32, Max shift 3
Narrow klass base: 0x0000000000000000, Narrow klass shift: 0
Encoding Range: [0x0000000000000000 - 0x0000000100000000), (4294967296 bytes)
Klass Range:    [0x00000000be000000 - 0x00000000fe000000), (1073741824 bytes)
Klass ID Range:  [3187671040 - 4261412857) (1073741817)
No protection zone.


Internal statistics:

num_allocs_failed_limit: 9.
num_arena_births: 4474.
num_arena_deaths: 0.
num_vsnodes_births: 3.
num_vsnodes_deaths: 0.
num_space_committed: 1838.
num_space_uncommitted: 0.
num_chunks_returned_to_freelist: 9.
num_chunks_taken_from_freelist: 9252.
num_chunk_merges: 9.
num_chunk_splits: 6093.
num_chunks_enlarged: 3935.
num_inconsistent_stats: 0.

CodeHeap 'non-profiled nmethods': size=119232Kb used=5173Kb max_used=5173Kb free=114058Kb
 bounds [0x000001579fd60000, 0x00000157a0270000, 0x00000157a71d0000]
CodeHeap 'profiled nmethods': size=119104Kb used=17745Kb max_used=17866Kb free=101359Kb
 bounds [0x00000157981d0000, 0x0000015799350000, 0x000001579f620000]
CodeHeap 'non-nmethods': size=7424Kb used=2626Kb max_used=3237Kb free=4798Kb
 bounds [0x000001579f620000, 0x000001579f970000, 0x000001579fd60000]
CodeCache: size=245760Kb, used=25544Kb, max_used=26276Kb, free=220215Kb
 total_blobs=13097, nmethods=12175, adapters=821, full_count=0
Compilation: enabled, stopped_count=0, restarted_count=0

Compilation events (20 events):
Event: 33.001 Thread 0x00000157b05d8c70 nmethod 14319 0x0000015798e14188 code [0x0000015798e14280, 0x0000015798e14698]
Event: 33.001 Thread 0x00000157b0741ac0 14326       3       org.codehaus.groovy.util.ManagedConcurrentLinkedQueue::add (20 bytes)
Event: 33.001 Thread 0x00000157b05d8c70 14321       3       org.codehaus.groovy.reflection.CachedClass$4::<init> (11 bytes)
Event: 33.002 Thread 0x00000157b05d8c70 nmethod 14321 0x00000157986bcb08 code [0x00000157986bcc00, 0x00000157986bd018]
Event: 33.002 Thread 0x00000157b05d8c70 14322       3       org.codehaus.groovy.reflection.CachedClass$5::<init> (11 bytes)
Event: 33.002 Thread 0x00000157b0741ac0 nmethod 14326 0x0000015798835908 code [0x0000015798835a00, 0x0000015798835d98]
Event: 33.002 Thread 0x00000157b0741ac0 14323       3       org.codehaus.groovy.reflection.CachedClass$6::<init> (11 bytes)
Event: 33.002 Thread 0x00000157b0741ac0 nmethod 14323 0x00000157990dd688 code [0x00000157990dd780, 0x00000157990ddb98]
Event: 33.002 Thread 0x00000157b05d8c70 nmethod 14322 0x0000015798926a08 code [0x0000015798926b00, 0x0000015798926f18]
Event: 33.002 Thread 0x00000157b0741ac0 14324       3       org.codehaus.groovy.reflection.CachedClass$7::<init> (11 bytes)
Event: 33.002 Thread 0x00000157b05d8c70 14325       3       org.codehaus.groovy.reflection.CachedClass$8::<init> (11 bytes)
Event: 33.002 Thread 0x00000157b05d8c70 nmethod 14325 0x0000015798926488 code [0x0000015798926580, 0x0000015798926998]
Event: 33.002 Thread 0x00000157b0741ac0 nmethod 14324 0x0000015798a6aa88 code [0x0000015798a6ab80, 0x0000015798a6af98]
Event: 33.027 Thread 0x00000157b0741ac0 14328       3       sun.management.MemoryPoolImpl::getObjectName (10 bytes)
Event: 33.027 Thread 0x00000157b05d8c70 14329       3       sun.management.spi.PlatformMBeanProvider$PlatformComponent$$Lambda/0x00000000be1ec008::test (9 bytes)
Event: 33.028 Thread 0x00000157b05d8c70 nmethod 14329 0x0000015798a49e88 code [0x0000015798a49f80, 0x0000015798a4a130]
Event: 33.028 Thread 0x00000157b05d8c70 14330       3       sun.management.spi.PlatformMBeanProvider$PlatformComponent$$Lambda/0x00000000be1ec2a0::apply (9 bytes)
Event: 33.028 Thread 0x00000157b05d8c70 nmethod 14330 0x0000015798835408 code [0x0000015798835500, 0x00000157988358f0]
Event: 34.017 Thread 0x00000157b0741ac0 nmethod 14328 0x00000157982e5f08 code [0x00000157982e6000, 0x00000157982e7af8]
Event: 34.017 Thread 0x00000157b0741ac0 14332       3       java.io.DataInputStream::readBoolean (13 bytes)

GC Heap Usage History (20 events):
Event: 19.735 {heap Before GC invocations=39 (full 0):
 garbage-first heap   total reserved 4194304K, committed 151552K, used 140363K [0x0000000700000000, 0x0000000800000000)
  region size 2048K, 42 young (86016K), 4 survivors (8192K)
}
Event: 19.741 {heap After GC invocations=40 (full 0):
 garbage-first heap   total reserved 4194304K, committed 161792K, used 74611K [0x0000000700000000, 0x0000000800000000)
  region size 2048K, 6 young (12288K), 6 survivors (12288K)
}
Event: 20.386 {heap Before GC invocations=40 (full 0):
 garbage-first heap   total reserved 4194304K, committed 161792K, used 101235K [0x0000000700000000, 0x0000000800000000)
  region size 2048K, 20 young (40960K), 6 survivors (12288K)
}
Event: 20.391 {heap After GC invocations=41 (full 0):
 garbage-first heap   total reserved 4194304K, committed 161792K, used 76943K [0x0000000700000000, 0x0000000800000000)
  region size 2048K, 1 young (2048K), 1 survivors (2048K)
}
Event: 22.043 {heap Before GC invocations=42 (full 0):
 garbage-first heap   total reserved 4194304K, committed 161792K, used 148623K [0x0000000700000000, 0x0000000800000000)
  region size 2048K, 36 young (73728K), 1 survivors (2048K)
}
Event: 22.047 {heap After GC invocations=43 (full 0):
 garbage-first heap   total reserved 4194304K, committed 161792K, used 84875K [0x0000000700000000, 0x0000000800000000)
  region size 2048K, 4 young (8192K), 4 survivors (8192K)
}
Event: 23.212 {heap Before GC invocations=43 (full 0):
 garbage-first heap   total reserved 4194304K, committed 161792K, used 146315K [0x0000000700000000, 0x0000000800000000)
  region size 2048K, 35 young (71680K), 4 survivors (8192K)
}
Event: 23.218 {heap After GC invocations=44 (full 0):
 garbage-first heap   total reserved 4194304K, committed 161792K, used 88115K [0x0000000700000000, 0x0000000800000000)
  region size 2048K, 3 young (6144K), 3 survivors (6144K)
}
Event: 26.512 {heap Before GC invocations=45 (full 0):
 garbage-first heap   total reserved 4194304K, committed 161792K, used 147507K [0x0000000700000000, 0x0000000800000000)
  region size 2048K, 32 young (65536K), 3 survivors (6144K)
}
Event: 26.517 {heap After GC invocations=46 (full 0):
 garbage-first heap   total reserved 4194304K, committed 161792K, used 90675K [0x0000000700000000, 0x0000000800000000)
  region size 2048K, 4 young (8192K), 4 survivors (8192K)
}
Event: 27.689 {heap Before GC invocations=46 (full 0):
 garbage-first heap   total reserved 4194304K, committed 161792K, used 148019K [0x0000000700000000, 0x0000000800000000)
  region size 2048K, 32 young (65536K), 4 survivors (8192K)
}
Event: 27.695 {heap After GC invocations=47 (full 0):
 garbage-first heap   total reserved 4194304K, committed 161792K, used 92022K [0x0000000700000000, 0x0000000800000000)
  region size 2048K, 3 young (6144K), 3 survivors (6144K)
}
Event: 29.080 {heap Before GC invocations=47 (full 0):
 garbage-first heap   total reserved 4194304K, committed 161792K, used 149366K [0x0000000700000000, 0x0000000800000000)
  region size 2048K, 31 young (63488K), 3 survivors (6144K)
}
Event: 29.086 {heap After GC invocations=48 (full 0):
 garbage-first heap   total reserved 4194304K, committed 161792K, used 93654K [0x0000000700000000, 0x0000000800000000)
  region size 2048K, 2 young (4096K), 2 survivors (4096K)
}
Event: 30.390 {heap Before GC invocations=49 (full 0):
 garbage-first heap   total reserved 4194304K, committed 161792K, used 150998K [0x0000000700000000, 0x0000000800000000)
  region size 2048K, 30 young (61440K), 2 survivors (4096K)
}
Event: 30.396 {heap After GC invocations=50 (full 0):
 garbage-first heap   total reserved 4194304K, committed 161792K, used 96469K [0x0000000700000000, 0x0000000800000000)
  region size 2048K, 4 young (8192K), 4 survivors (8192K)
}
Event: 31.387 {heap Before GC invocations=50 (full 0):
 garbage-first heap   total reserved 4194304K, committed 161792K, used 149717K [0x0000000700000000, 0x0000000800000000)
  region size 2048K, 30 young (61440K), 4 survivors (8192K)
}
Event: 31.393 {heap After GC invocations=51 (full 0):
 garbage-first heap   total reserved 4194304K, committed 163840K, used 96974K [0x0000000700000000, 0x0000000800000000)
  region size 2048K, 3 young (6144K), 3 survivors (6144K)
}
Event: 32.627 {heap Before GC invocations=51 (full 0):
 garbage-first heap   total reserved 4194304K, committed 163840K, used 154318K [0x0000000700000000, 0x0000000800000000)
  region size 2048K, 31 young (63488K), 3 survivors (6144K)
}
Event: 32.633 {heap After GC invocations=52 (full 0):
 garbage-first heap   total reserved 4194304K, committed 165888K, used 100664K [0x0000000700000000, 0x0000000800000000)
  region size 2048K, 3 young (6144K), 3 survivors (6144K)
}

Metaspace Usage History (20 events):
Event: 19.735 {metaspace Before GC invocations=39 (full 0):
 Metaspace       used 80957K, committed 82944K, reserved 1179648K
  class space    used 11804K, committed 12736K, reserved 1048576K
}
Event: 19.741 {metaspace After GC invocations=40 (full 0):
 Metaspace       used 80957K, committed 82944K, reserved 1179648K
  class space    used 11804K, committed 12736K, reserved 1048576K
}
Event: 20.386 {metaspace Before GC invocations=40 (full 0):
 Metaspace       used 83599K, committed 85760K, reserved 1179648K
  class space    used 12243K, committed 13248K, reserved 1048576K
}
Event: 20.391 {metaspace After GC invocations=41 (full 0):
 Metaspace       used 83599K, committed 85760K, reserved 1179648K
  class space    used 12243K, committed 13248K, reserved 1048576K
}
Event: 22.043 {metaspace Before GC invocations=42 (full 0):
 Metaspace       used 89693K, committed 91776K, reserved 1179648K
  class space    used 13086K, committed 14016K, reserved 1048576K
}
Event: 22.047 {metaspace After GC invocations=43 (full 0):
 Metaspace       used 89693K, committed 91776K, reserved 1179648K
  class space    used 13086K, committed 14016K, reserved 1048576K
}
Event: 23.212 {metaspace Before GC invocations=43 (full 0):
 Metaspace       used 93289K, committed 95424K, reserved 1179648K
  class space    used 13581K, committed 14592K, reserved 1048576K
}
Event: 23.218 {metaspace After GC invocations=44 (full 0):
 Metaspace       used 93289K, committed 95424K, reserved 1179648K
  class space    used 13581K, committed 14592K, reserved 1048576K
}
Event: 26.512 {metaspace Before GC invocations=45 (full 0):
 Metaspace       used 95782K, committed 97984K, reserved 1179648K
  class space    used 13925K, committed 14976K, reserved 1048576K
}
Event: 26.517 {metaspace After GC invocations=46 (full 0):
 Metaspace       used 95782K, committed 97984K, reserved 1179648K
  class space    used 13925K, committed 14976K, reserved 1048576K
}
Event: 27.689 {metaspace Before GC invocations=46 (full 0):
 Metaspace       used 99442K, committed 101632K, reserved 1179648K
  class space    used 14524K, committed 15552K, reserved 1048576K
}
Event: 27.695 {metaspace After GC invocations=47 (full 0):
 Metaspace       used 99442K, committed 101632K, reserved 1179648K
  class space    used 14524K, committed 15552K, reserved 1048576K
}
Event: 29.080 {metaspace Before GC invocations=47 (full 0):
 Metaspace       used 103348K, committed 105600K, reserved 1179648K
  class space    used 15253K, committed 16320K, reserved 1048576K
}
Event: 29.086 {metaspace After GC invocations=48 (full 0):
 Metaspace       used 103348K, committed 105600K, reserved 1179648K
  class space    used 15253K, committed 16320K, reserved 1048576K
}
Event: 30.390 {metaspace Before GC invocations=49 (full 0):
 Metaspace       used 107078K, committed 109312K, reserved 1179648K
  class space    used 15865K, committed 16896K, reserved 1048576K
}
Event: 30.396 {metaspace After GC invocations=50 (full 0):
 Metaspace       used 107078K, committed 109312K, reserved 1179648K
  class space    used 15865K, committed 16896K, reserved 1048576K
}
Event: 31.387 {metaspace Before GC invocations=50 (full 0):
 Metaspace       used 110652K, committed 112896K, reserved 1179648K
  class space    used 16440K, committed 17472K, reserved 1048576K
}
Event: 31.393 {metaspace After GC invocations=51 (full 0):
 Metaspace       used 110652K, committed 112896K, reserved 1179648K
  class space    used 16440K, committed 17472K, reserved 1048576K
}
Event: 32.627 {metaspace Before GC invocations=51 (full 0):
 Metaspace       used 114721K, committed 117056K, reserved 1179648K
  class space    used 17014K, committed 18112K, reserved 1048576K
}
Event: 32.633 {metaspace After GC invocations=52 (full 0):
 Metaspace       used 114721K, committed 117056K, reserved 1179648K
  class space    used 17014K, committed 18112K, reserved 1048576K
}

Dll operation events (3 events):
Event: 0.019 Loaded shared library C:\Program Files\Android\Android Studio1\jbr\bin\java.dll
Event: 0.029 Loaded shared library C:\Program Files\Android\Android Studio1\jbr\bin\zip.dll
Event: 1.214 Loaded shared library C:\Program Files\Android\Android Studio1\jbr\bin\verify.dll

Deoptimization events (20 events):
Event: 32.741 Thread 0x00000157b7423730 Uncommon trap: trap_request=0xffffffc6 fr.pc=0x00000157a02583f0 relative=0x0000000000000450
Event: 32.741 Thread 0x00000157b7423730 Uncommon trap: reason=bimorphic_or_optimized_type_check action=maybe_recompile pc=0x00000157a02583f0 method=com.google.common.collect.AbstractMapBasedMultimap.createCollection(Ljava/lang/Object;)Ljava/util/Collection; @ 1 c2
Event: 32.741 Thread 0x00000157b7423730 DEOPT PACKING pc=0x00000157a02583f0 sp=0x000000361b6fb440
Event: 32.741 Thread 0x00000157b7423730 DEOPT UNPACKING pc=0x000001579f738582 sp=0x000000361b6fb3f0 mode 2
Event: 32.741 Thread 0x00000157b7423730 Uncommon trap: trap_request=0xffffffc6 fr.pc=0x00000157a02583f0 relative=0x0000000000000450
Event: 32.741 Thread 0x00000157b7423730 Uncommon trap: reason=bimorphic_or_optimized_type_check action=maybe_recompile pc=0x00000157a02583f0 method=com.google.common.collect.AbstractMapBasedMultimap.createCollection(Ljava/lang/Object;)Ljava/util/Collection; @ 1 c2
Event: 32.741 Thread 0x00000157b7423730 DEOPT PACKING pc=0x00000157a02583f0 sp=0x000000361b6fb440
Event: 32.741 Thread 0x00000157b7423730 DEOPT UNPACKING pc=0x000001579f738582 sp=0x000000361b6fb3f0 mode 2
Event: 32.769 Thread 0x00000157b7423730 Uncommon trap: trap_request=0xffffff45 fr.pc=0x000001579ffdb2cc relative=0x00000000000004cc
Event: 32.769 Thread 0x00000157b7423730 Uncommon trap: reason=unstable_if action=reinterpret pc=0x000001579ffdb2cc method=java.util.HashMap$HashIterator.<init>(Ljava/util/HashMap;)V @ 50 c2
Event: 32.769 Thread 0x00000157b7423730 DEOPT PACKING pc=0x000001579ffdb2cc sp=0x000000361b6fb8b0
Event: 32.769 Thread 0x00000157b7423730 DEOPT UNPACKING pc=0x000001579f738582 sp=0x000000361b6fb720 mode 2
Event: 32.794 Thread 0x00000157b7423730 Uncommon trap: trap_request=0xffffff45 fr.pc=0x00000157a0246e38 relative=0x0000000000001738
Event: 32.794 Thread 0x00000157b7423730 Uncommon trap: reason=unstable_if action=reinterpret pc=0x00000157a0246e38 method=sun.reflect.generics.parser.SignatureParser.parseZeroOrMoreTypeSignatures()[Lsun/reflect/generics/tree/TypeSignature; @ 18 c2
Event: 32.794 Thread 0x00000157b7423730 DEOPT PACKING pc=0x00000157a0246e38 sp=0x000000361b6f8560
Event: 32.794 Thread 0x00000157b7423730 DEOPT UNPACKING pc=0x000001579f738582 sp=0x000000361b6f80e0 mode 2
Event: 32.812 Thread 0x00000157b7423730 Uncommon trap: trap_request=0xffffff45 fr.pc=0x000001579fdbcac4 relative=0x0000000000000144
Event: 32.812 Thread 0x00000157b7423730 Uncommon trap: reason=unstable_if action=reinterpret pc=0x000001579fdbcac4 method=java.lang.invoke.MethodType.equals(Ljava/lang/invoke/MethodType;)Z @ 8 c2
Event: 32.812 Thread 0x00000157b7423730 DEOPT PACKING pc=0x000001579fdbcac4 sp=0x000000361b6f97c0
Event: 32.812 Thread 0x00000157b7423730 DEOPT UNPACKING pc=0x000001579f738582 sp=0x000000361b6f96e8 mode 2

Classes loaded (20 events):
Event: 32.904 Loading class java/security/SecureClassLoaderBeanInfo
Event: 32.904 Loading class java/security/SecureClassLoaderBeanInfo done
Event: 32.904 Loading class java/security/SecureClassLoaderBeanInfo
Event: 32.904 Loading class java/security/SecureClassLoaderBeanInfo done
Event: 32.905 Loading class java/lang/ClassLoaderBeanInfo
Event: 32.905 Loading class java/lang/ClassLoaderBeanInfo done
Event: 32.905 Loading class java/lang/ClassLoaderBeanInfo
Event: 32.905 Loading class java/lang/ClassLoaderBeanInfo done
Event: 32.905 Loading class java/lang/ClassLoaderCustomizer
Event: 32.905 Loading class java/lang/ClassLoaderCustomizer done
Event: 32.905 Loading class java/lang/ClassLoaderCustomizer
Event: 32.905 Loading class java/lang/ClassLoaderCustomizer done
Event: 32.907 Loading class java/security/SecureClassLoaderCustomizer
Event: 32.907 Loading class java/security/SecureClassLoaderCustomizer done
Event: 32.907 Loading class java/security/SecureClassLoaderCustomizer
Event: 32.907 Loading class java/security/SecureClassLoaderCustomizer done
Event: 32.908 Loading class java/net/URLClassLoaderCustomizer
Event: 32.908 Loading class java/net/URLClassLoaderCustomizer done
Event: 32.908 Loading class java/net/URLClassLoaderCustomizer
Event: 32.908 Loading class java/net/URLClassLoaderCustomizer done

Classes unloaded (0 events):
No events

Classes redefined (0 events):
No events

Internal exceptions (20 events):
Event: 32.961 Thread 0x00000157b7423730 Exception <a 'java/lang/ClassNotFoundException'{0x000000070b357560}: com/android/build/gradle/internal/tasks/AndroidVariantTask_DecoratedCustomizer> (0x000000070b357560) 
thrown [s\src\hotspot\share\classfile\systemDictionary.cpp, line 327]
Event: 32.972 Thread 0x00000157b7423730 Exception <a 'java/lang/ClassNotFoundException'{0x000000070b3adad0}: org/gradle/internal/classloader/VisitableURLClassLoader$InstrumentingVisitableURLClassLoaderBeanInfo> (0x000000070b3adad0) 
thrown [s\src\hotspot\share\classfile\systemDictionary.cpp, line 327]
Event: 32.973 Thread 0x00000157b7423730 Exception <a 'java/lang/ClassNotFoundException'{0x000000070b3b6968}: org/gradle/internal/classloader/VisitableURLClassLoaderBeanInfo> (0x000000070b3b6968) 
thrown [s\src\hotspot\share\classfile\systemDictionary.cpp, line 327]
Event: 32.973 Thread 0x00000157b7423730 Exception <a 'java/lang/ClassNotFoundException'{0x000000070b3bf7e8}: org/gradle/internal/classloader/VisitableURLClassLoaderCustomizer> (0x000000070b3bf7e8) 
thrown [s\src\hotspot\share\classfile\systemDictionary.cpp, line 327]
Event: 32.975 Thread 0x00000157b7423730 Exception <a 'java/lang/ClassNotFoundException'{0x000000070b3cf260}: org/gradle/internal/classloader/VisitableURLClassLoader$InstrumentingVisitableURLClassLoaderCustomizer> (0x000000070b3cf260) 
thrown [s\src\hotspot\share\classfile\systemDictionary.cpp, line 327]
Event: 32.980 Thread 0x00000157b7423730 Exception <a 'sun/nio/fs/WindowsException'{0x000000070b3eef00}> (0x000000070b3eef00) 
thrown [s\src\hotspot\share\prims\jni.cpp, line 535]
Event: 32.983 Thread 0x00000157b7423730 Exception <a 'sun/nio/fs/WindowsException'{0x000000070b003118}> (0x000000070b003118) 
thrown [s\src\hotspot\share\prims\jni.cpp, line 535]
Event: 32.985 Thread 0x00000157b7423730 Exception <a 'sun/nio/fs/WindowsException'{0x000000070b00fe70}> (0x000000070b00fe70) 
thrown [s\src\hotspot\share\prims\jni.cpp, line 535]
Event: 32.990 Thread 0x00000157b7423730 Exception <a 'sun/nio/fs/WindowsException'{0x000000070b01b968}> (0x000000070b01b968) 
thrown [s\src\hotspot\share\prims\jni.cpp, line 535]
Event: 32.992 Thread 0x00000157b7423730 Exception <a 'sun/nio/fs/WindowsException'{0x000000070b027408}> (0x000000070b027408) 
thrown [s\src\hotspot\share\prims\jni.cpp, line 535]
Event: 32.998 Thread 0x00000157b7423730 Exception <a 'sun/nio/fs/WindowsException'{0x000000070b0440e0}> (0x000000070b0440e0) 
thrown [s\src\hotspot\share\prims\jni.cpp, line 535]
Event: 33.008 Thread 0x00000157b7423730 Exception <a 'sun/nio/fs/WindowsException'{0x000000070b089e08}> (0x000000070b089e08) 
thrown [s\src\hotspot\share\prims\jni.cpp, line 535]
Event: 33.010 Thread 0x00000157b7423730 Exception <a 'java/lang/ClassNotFoundException'{0x000000070b091818}: com/android/build/gradle/internal/tasks/DeviceProviderInstrumentTestTaskBeanInfo> (0x000000070b091818) 
thrown [s\src\hotspot\share\classfile\systemDictionary.cpp, line 327]
Event: 33.010 Thread 0x00000157b7423730 Exception <a 'sun/nio/fs/WindowsException'{0x000000070b0987f8}> (0x000000070b0987f8) 
thrown [s\src\hotspot\share\prims\jni.cpp, line 535]
Event: 33.011 Thread 0x00000157b7423730 Exception <a 'java/lang/ClassNotFoundException'{0x000000070b0a0460}: com/android/build/gradle/internal/tasks/NonIncrementalTaskBeanInfo> (0x000000070b0a0460) 
thrown [s\src\hotspot\share\classfile\systemDictionary.cpp, line 327]
Event: 33.011 Thread 0x00000157b7423730 Exception <a 'sun/nio/fs/WindowsException'{0x000000070b0a7428}> (0x000000070b0a7428) 
thrown [s\src\hotspot\share\prims\jni.cpp, line 535]
Event: 33.012 Thread 0x00000157b7423730 Exception <a 'java/lang/ClassNotFoundException'{0x000000070b0aedf8}: com/android/build/gradle/internal/tasks/NonIncrementalTaskCustomizer> (0x000000070b0aedf8) 
thrown [s\src\hotspot\share\classfile\systemDictionary.cpp, line 327]
Event: 33.013 Thread 0x00000157b7423730 Exception <a 'sun/nio/fs/WindowsException'{0x000000070b0c3788}> (0x000000070b0c3788) 
thrown [s\src\hotspot\share\prims\jni.cpp, line 535]
Event: 33.014 Thread 0x00000157b7423730 Exception <a 'java/lang/ClassNotFoundException'{0x000000070b0cb1c0}: com/android/build/gradle/internal/tasks/DeviceProviderInstrumentTestTaskCustomizer> (0x000000070b0cb1c0) 
thrown [s\src\hotspot\share\classfile\systemDictionary.cpp, line 327]
Event: 33.492 Thread 0x00000157b74735e0 Exception <a 'sun/nio/fs/WindowsException'{0x000000070aef2b58}> (0x000000070aef2b58) 
thrown [s\src\hotspot\share\prims\jni.cpp, line 535]

VM Operations (20 events):
Event: 30.163 Executing non-safepoint VM operation: HandshakeAllThreads (Deoptimize)
Event: 30.163 Executing non-safepoint VM operation: HandshakeAllThreads (Deoptimize) done
Event: 30.251 Executing non-safepoint VM operation: HandshakeAllThreads (Deoptimize)
Event: 30.251 Executing non-safepoint VM operation: HandshakeAllThreads (Deoptimize) done
Event: 30.390 Executing safepoint VM operation: G1CollectForAllocation (G1 Evacuation Pause)
Event: 30.396 Executing safepoint VM operation: G1CollectForAllocation (G1 Evacuation Pause) done
Event: 31.305 Executing non-safepoint VM operation: HandshakeAllThreads (Deoptimize)
Event: 31.306 Executing non-safepoint VM operation: HandshakeAllThreads (Deoptimize) done
Event: 31.387 Executing safepoint VM operation: G1CollectForAllocation (G1 Evacuation Pause)
Event: 31.393 Executing safepoint VM operation: G1CollectForAllocation (G1 Evacuation Pause) done
Event: 31.767 Executing non-safepoint VM operation: HandshakeAllThreads (Deoptimize)
Event: 31.767 Executing non-safepoint VM operation: HandshakeAllThreads (Deoptimize) done
Event: 32.182 Executing non-safepoint VM operation: HandshakeAllThreads (Deoptimize)
Event: 32.182 Executing non-safepoint VM operation: HandshakeAllThreads (Deoptimize) done
Event: 32.627 Executing safepoint VM operation: G1CollectForAllocation (G1 Evacuation Pause)
Event: 32.633 Executing safepoint VM operation: G1CollectForAllocation (G1 Evacuation Pause) done
Event: 32.677 Executing safepoint VM operation: G1PauseRemark
Event: 32.682 Executing safepoint VM operation: G1PauseRemark done
Event: 32.698 Executing safepoint VM operation: G1PauseCleanup
Event: 32.698 Executing safepoint VM operation: G1PauseCleanup done

Memory protections (0 events):
No events

Nmethod flushes (20 events):
Event: 32.680 Thread 0x00000157afcb3a40 flushing  nmethod 0x000001579833dd88
Event: 32.680 Thread 0x00000157afcb3a40 flushing  nmethod 0x00000157983e7b08
Event: 32.680 Thread 0x00000157afcb3a40 flushing  nmethod 0x00000157984e7a88
Event: 32.680 Thread 0x00000157afcb3a40 flushing  nmethod 0x00000157984ec088
Event: 32.680 Thread 0x00000157afcb3a40 flushing  nmethod 0x000001579858e608
Event: 32.680 Thread 0x00000157afcb3a40 flushing  nmethod 0x0000015798833288
Event: 32.680 Thread 0x00000157afcb3a40 flushing  nmethod 0x0000015798833a88
Event: 32.680 Thread 0x00000157afcb3a40 flushing  nmethod 0x0000015798834908
Event: 32.680 Thread 0x00000157afcb3a40 flushing  nmethod 0x0000015798835408
Event: 32.680 Thread 0x00000157afcb3a40 flushing  nmethod 0x0000015798904988
Event: 32.680 Thread 0x00000157afcb3a40 flushing  nmethod 0x0000015798907488
Event: 32.680 Thread 0x00000157afcb3a40 flushing  nmethod 0x0000015798a16908
Event: 32.680 Thread 0x00000157afcb3a40 flushing  nmethod 0x0000015798ba2488
Event: 32.680 Thread 0x00000157afcb3a40 flushing  nmethod 0x0000015798cd2388
Event: 32.680 Thread 0x00000157afcb3a40 flushing  nmethod 0x0000015798d4ce88
Event: 32.680 Thread 0x00000157afcb3a40 flushing  nmethod 0x0000015798d50388
Event: 32.680 Thread 0x00000157afcb3a40 flushing  nmethod 0x0000015798d50908
Event: 32.680 Thread 0x00000157afcb3a40 flushing  nmethod 0x0000015798d51988
Event: 32.680 Thread 0x00000157afcb3a40 flushing  nmethod 0x0000015798f91e88
Event: 32.680 Thread 0x00000157afcb3a40 flushing  nmethod 0x0000015798f93808

Events (20 events):
Event: 12.009 Thread 0x00000157b7423730 Thread added: 0x00000157b5084800
Event: 12.024 Thread 0x00000157b7423730 Thread added: 0x00000157b9ee2010
Event: 12.040 Thread 0x00000157b7423730 Thread added: 0x00000157b9ee08a0
Event: 12.988 Thread 0x00000157b7423730 Thread added: 0x00000157b9ee4720
Event: 14.945 Thread 0x00000157b7423730 Thread added: 0x00000157b9ee6e30
Event: 14.945 Thread 0x00000157b7423730 Thread added: 0x00000157b9ee4ef0
Event: 14.946 Thread 0x00000157b7423730 Thread added: 0x00000157b9ee3f50
Event: 15.016 Thread 0x00000157b7423730 Thread added: 0x00000157ba1b37c0
Event: 15.017 Thread 0x00000157b7423730 Thread added: 0x00000157ba1b3f90
Event: 15.018 Thread 0x00000157b7423730 Thread added: 0x00000157ba1b2820
Event: 15.569 Thread 0x00000157b7423730 Thread added: 0x00000157ba1b66a0
Event: 15.570 Thread 0x00000157b7423730 Thread added: 0x00000157ba1b6e70
Event: 15.570 Thread 0x00000157b7423730 Thread added: 0x00000157ba1b7640
Event: 19.457 Thread 0x00000157b7423730 Thread added: 0x00000157ba1b9580
Event: 20.289 Thread 0x00000157b7423730 Thread added: 0x00000157ba1b9d50
Event: 21.314 Thread 0x00000157b7423730 Thread added: 0x00000157ba1bacf0
Event: 21.782 Thread 0x00000157b728e7c0 Thread added: 0x00000157ba1bb4c0
Event: 23.858 Thread 0x00000157b0741ac0 Thread added: 0x00000157b8fabe20
Event: 24.592 Thread 0x00000157b8fabe20 Thread exited: 0x00000157b8fabe20
Event: 34.017 Thread 0x00000157b0741ac0 Thread added: 0x00000157bf0e8010


Dynamic libraries:
0x00007ff706e40000 - 0x00007ff706e4a000 	C:\Program Files\Android\Android Studio1\jbr\bin\java.exe
0x00007ff8bf8a0000 - 0x00007ff8bfb06000 	C:\Windows\SYSTEM32\ntdll.dll
0x00007ff8bdb40000 - 0x00007ff8bdc09000 	C:\Windows\System32\KERNEL32.DLL
0x00007ff8bcba0000 - 0x00007ff8bcf9f000 	C:\Windows\System32\KERNELBASE.dll
0x00007ff8bd300000 - 0x00007ff8bd44c000 	C:\Windows\System32\ucrtbase.dll
0x00007ff8a6f60000 - 0x00007ff8a6f7b000 	C:\Program Files\Android\Android Studio1\jbr\bin\VCRUNTIME140.dll
0x00007ff859fb0000 - 0x00007ff859fc6000 	C:\Program Files\Android\Android Studio1\jbr\bin\jli.dll
0x00007ff8bee90000 - 0x00007ff8bf056000 	C:\Windows\System32\USER32.dll
0x00007ff8bcab0000 - 0x00007ff8bcad7000 	C:\Windows\System32\win32u.dll
0x00007ff8a1040000 - 0x00007ff8a12d1000 	C:\Windows\WinSxS\amd64_microsoft.windows.common-controls_6595b64144ccf1df_6.0.26100.8972_none_3e0da176e32f9d4b\COMCTL32.dll
0x00007ff8bda10000 - 0x00007ff8bda3b000 	C:\Windows\System32\GDI32.dll
0x00007ff8bd960000 - 0x00007ff8bda09000 	C:\Windows\System32\msvcrt.dll
0x00007ff8bd140000 - 0x00007ff8bd269000 	C:\Windows\System32\gdi32full.dll
0x00007ff8bd520000 - 0x00007ff8bd5c3000 	C:\Windows\System32\msvcp_win.dll
0x00007ff8bd920000 - 0x00007ff8bd952000 	C:\Windows\System32\IMM32.DLL
0x00007ff88fc70000 - 0x00007ff88fd62000 	C:\Program Files\Windhawk\Engine\1.7.3\64\windhawk.dll
0x00007ff8bd7d0000 - 0x00007ff8bd88c000 	C:\Windows\System32\ADVAPI32.dll
0x00007ff8bdca0000 - 0x00007ff8bdd4a000 	C:\Windows\System32\sechost.dll
0x00007ff8bf420000 - 0x00007ff8bf538000 	C:\Windows\System32\RPCRT4.dll
0x00007ff8a6f50000 - 0x00007ff8a6f5c000 	C:\Program Files\Android\Android Studio1\jbr\bin\vcruntime140_1.dll
0x00007ff814170000 - 0x00007ff8141fd000 	C:\Program Files\Android\Android Studio1\jbr\bin\msvcp140.dll
0x00007ff808ce0000 - 0x00007ff809bba000 	C:\Program Files\Android\Android Studio1\jbr\bin\server\jvm.dll
0x00007ff8bdef0000 - 0x00007ff8bdf72000 	C:\Windows\System32\WS2_32.dll
0x00007ff8bc910000 - 0x00007ff8bc96e000 	C:\Windows\SYSTEM32\POWRPROF.dll
0x00007ff8b9260000 - 0x00007ff8b9296000 	C:\Windows\SYSTEM32\WINMM.dll
0x00007ff8a6120000 - 0x00007ff8a612b000 	C:\Windows\SYSTEM32\VERSION.dll
0x00007ff8bc8f0000 - 0x00007ff8bc905000 	C:\Windows\SYSTEM32\UMPDC.dll
0x00007ff8bb770000 - 0x00007ff8bb78b000 	C:\Windows\SYSTEM32\kernel.appcore.dll
0x00007ff8a6f40000 - 0x00007ff8a6f4a000 	C:\Program Files\Android\Android Studio1\jbr\bin\jimage.dll
0x00007ff8ba0e0000 - 0x00007ff8ba322000 	C:\Windows\SYSTEM32\DBGHELP.DLL
0x00007ff8bf080000 - 0x00007ff8bf405000 	C:\Windows\System32\combase.dll
0x00007ff8be5b0000 - 0x00007ff8be689000 	C:\Windows\System32\OLEAUT32.dll
0x00007ff89b370000 - 0x00007ff89b3ab000 	C:\Windows\SYSTEM32\dbgcore.DLL
0x00007ff8bd460000 - 0x00007ff8bd50c000 	C:\Windows\System32\bcryptPrimitives.dll
0x00007ff8836c0000 - 0x00007ff8836ce000 	C:\Program Files\Android\Android Studio1\jbr\bin\instrument.dll
0x00007ff8a6f20000 - 0x00007ff8a6f3f000 	C:\Program Files\Android\Android Studio1\jbr\bin\java.dll
0x00007ff8bdd50000 - 0x00007ff8bdee9000 	C:\Windows\System32\ole32.dll
0x00007ff8be700000 - 0x00007ff8bee88000 	C:\Windows\System32\SHELL32.dll
0x00007ff85db40000 - 0x00007ff85db57000 	C:\Program Files\Android\Android Studio1\jbr\bin\zip.dll
0x00007ff8ba520000 - 0x00007ff8badbb000 	C:\Windows\SYSTEM32\windows.storage.dll
0x00007ff8bdf80000 - 0x00007ff8be079000 	C:\Windows\System32\SHCORE.dll
0x00007ff8be690000 - 0x00007ff8be6f6000 	C:\Windows\System32\shlwapi.dll
0x00007ff8bc9d0000 - 0x00007ff8bc9f9000 	C:\Windows\SYSTEM32\profapi.dll
0x00007ff88a2a0000 - 0x00007ff88a2b0000 	C:\Program Files\Android\Android Studio1\jbr\bin\net.dll
0x00007ff8bbd10000 - 0x00007ff8bbd7c000 	C:\Windows\system32\mswsock.dll
0x00007ff85d790000 - 0x00007ff85d7a6000 	C:\Program Files\Android\Android Studio1\jbr\bin\nio.dll
0x00007ff8846b0000 - 0x00007ff8846c0000 	C:\Program Files\Android\Android Studio1\jbr\bin\verify.dll
0x00007ff88a2e0000 - 0x00007ff88a307000 	C:\Users\conne\.gradle\native\660c5614fbf4a5f2a75b1949f50a0caf5cd603558e7d8a26e50b933a0cfb79d1\windows-amd64\native-platform.dll
0x00007ff846bd0000 - 0x00007ff846c47000 	C:\Users\conne\.gradle\native\0.2.8\x86_64-windows-gnu\gradle-fileevents.dll
0x00007ff889420000 - 0x00007ff889429000 	C:\Program Files\Android\Android Studio1\jbr\bin\management.dll
0x00007ff887f50000 - 0x00007ff887f5b000 	C:\Program Files\Android\Android Studio1\jbr\bin\management_ext.dll
0x00007ff8bf060000 - 0x00007ff8bf068000 	C:\Windows\System32\PSAPI.DLL
0x00007ff8bb1d0000 - 0x00007ff8bb203000 	C:\Windows\SYSTEM32\IPHLPAPI.DLL
0x00007ff8bf070000 - 0x00007ff8bf07a000 	C:\Windows\System32\NSI.dll
0x00007ff889fb0000 - 0x00007ff889fb9000 	C:\Program Files\Android\Android Studio1\jbr\bin\extnet.dll
0x00007ff8bc040000 - 0x00007ff8bc05b000 	C:\Windows\SYSTEM32\CRYPTSP.dll
0x00007ff8bb6d0000 - 0x00007ff8bb709000 	C:\Windows\system32\rsaenh.dll
0x00007ff8bbdc0000 - 0x00007ff8bbdf2000 	C:\Windows\SYSTEM32\USERENV.dll
0x00007ff8bc9a0000 - 0x00007ff8bc9ca000 	C:\Windows\SYSTEM32\bcrypt.dll
0x00007ff8bc020000 - 0x00007ff8bc02c000 	C:\Windows\SYSTEM32\CRYPTBASE.dll
0x00007ff88ac00000 - 0x00007ff88ac08000 	C:\Windows\system32\wshunix.dll

JVMTI agents:
C:\Users\conne\.gradle\wrapper\dists\gradle-9.3.1-bin\23ovyewtku6u96viwx3xl3oks\gradle-9.3.1\lib\agents\gradle-instrumentation-agent-9.3.1.jar path:C:\Program Files\Android\Android Studio1\jbr\bin\instrument.dll, loaded, initialized, instrumentlib options:none

dbghelp: loaded successfully - version: 4.0.5 - missing functions: none
symbol engine: initialized successfully - sym options: 0x614 - pdb path: .;C:\Program Files\Android\Android Studio1\jbr\bin;C:\Windows\SYSTEM32;C:\Windows\WinSxS\amd64_microsoft.windows.common-controls_6595b64144ccf1df_6.0.26100.8972_none_3e0da176e32f9d4b;C:\Program Files\Windhawk\Engine\1.7.3\64;C:\Program Files\Android\Android Studio1\jbr\bin\server;C:\Users\conne\.gradle\native\660c5614fbf4a5f2a75b1949f50a0caf5cd603558e7d8a26e50b933a0cfb79d1\windows-amd64;C:\Users\conne\.gradle\native\0.2.8\x86_64-windows-gnu

VM Arguments:
jvm_args: --add-opens=java.base/java.lang=ALL-UNNAMED --add-opens=java.base/java.lang.invoke=ALL-UNNAMED --add-opens=java.base/java.util=ALL-UNNAMED --add-opens=java.prefs/java.util.prefs=ALL-UNNAMED --add-exports=jdk.compiler/com.sun.tools.javac.api=ALL-UNNAMED --add-exports=jdk.compiler/com.sun.tools.javac.util=ALL-UNNAMED --add-opens=java.base/java.util=ALL-UNNAMED --add-opens=java.prefs/java.util.prefs=ALL-UNNAMED --add-opens=java.base/java.nio.charset=ALL-UNNAMED --add-opens=java.base/java.net=ALL-UNNAMED --add-opens=java.base/java.util.concurrent=ALL-UNNAMED --add-opens=java.base/java.util.concurrent.atomic=ALL-UNNAMED --add-opens=java.xml/javax.xml.namespace=ALL-UNNAMED --add-opens=java.base/java.time=ALL-UNNAMED --enable-native-access=ALL-UNNAMED -Xmx4g -Dfile.encoding=UTF-8 -Duser.country=IN -Duser.language=en -Duser.variant -javaagent:C:\Users\conne\.gradle\wrapper\dists\gradle-9.3.1-bin\23ovyewtku6u96viwx3xl3oks\gradle-9.3.1\lib\agents\gradle-instrumentation-agent-9.3.1.jar 
java_command: org.gradle.launcher.daemon.bootstrap.GradleDaemon 9.3.1
java_class_path (initial): C:\Users\conne\.gradle\wrapper\dists\gradle-9.3.1-bin\23ovyewtku6u96viwx3xl3oks\gradle-9.3.1\lib\gradle-daemon-main-9.3.1.jar
Launcher Type: SUN_STANDARD

[Global flags]
     intx CICompilerCount                          = 12                                        {product} {ergonomic}
     uint ConcGCThreads                            = 4                                         {product} {ergonomic}
     uint G1ConcRefinementThreads                  = 14                                        {product} {ergonomic}
   size_t G1HeapRegionSize                         = 2097152                                   {product} {ergonomic}
   size_t InitialHeapSize                          = 260046848                                 {product} {ergonomic}
   size_t MarkStackSize                            = 4194304                                   {product} {ergonomic}
   size_t MarkStackSizeMax                         = 536870912                                 {product} {ergonomic}
   size_t MaxHeapSize                              = 4294967296                                {product} {command line}
   size_t MaxNewSize                               = 2575302656                                {product} {ergonomic}
   size_t MinHeapDeltaBytes                        = 2097152                                   {product} {ergonomic}
   size_t MinHeapSize                              = 8388608                                   {product} {ergonomic}
    uintx NonNMethodCodeHeapSize                   = 7602176                                {pd product} {ergonomic}
    uintx NonProfiledCodeHeapSize                  = 122093568                              {pd product} {ergonomic}
    uintx ProfiledCodeHeapSize                     = 121962496                              {pd product} {ergonomic}
    uintx ReservedCodeCacheSize                    = 251658240                              {pd product} {ergonomic}
     bool SegmentedCodeCache                       = true                                      {product} {ergonomic}
   size_t SoftMaxHeapSize                          = 4294967296                             {manageable} {ergonomic}
     bool UseCompressedOops                        = true                           {product lp64_product} {ergonomic}
     bool UseG1GC                                  = true                                      {product} {ergonomic}
     bool UseLargePagesIndividualAllocation        = false                                  {pd product} {ergonomic}

Logging:
Log output configuration:
 #0: stdout all=warning uptime,level,tags foldmultilines=false
 #1: stderr all=off uptime,level,tags foldmultilines=false

Release file:
JAVA_VERSION="25.0.2" 
MODULES="java.base java.compiler java.datatransfer java.xml java.prefs java.desktop java.instrument java.logging java.management java.security.sasl java.naming java.rmi java.management.rmi java.net.http java.scripting java.security.jgss java.transaction.xa java.sql java.sql.rowset java.xml.crypto java.se java.smartcardio jdk.accessibility jdk.internal.jvmstat jdk.attach jdk.charsets jdk.internal.opt jdk.zipfs jdk.compiler jdk.crypto.cryptoki jdk.crypto.ec jdk.dynalink jdk.hotspot.agent jdk.httpserver jdk.internal.ed jdk.internal.le jdk.internal.md jdk.internal.vm.ci jdk.jartool jdk.javadoc jdk.jcmd jdk.jdeps jdk.jdwp.agent jdk.jdi jdk.jfr jdk.jlink jdk.localedata jdk.management jdk.management.agent jdk.management.jfr jdk.naming.dns jdk.naming.rmi jdk.net jdk.sctp jdk.security.auth jdk.security.jgss jdk.unsupported jdk.unsupported.desktop jdk.xml.dom" 
IMPLEMENTOR="JetBrains s.r.o." 
JAVA_RUNTIME_VERSION="25.0.2+-15348964-b329.117" 
LIBC="default" 
OS_ARCH="x86_64" 
OS_NAME="Windows" 
SOURCE=".:git:3cf398e84a39" 

Environment Variables:
PATH=C:\Program Files\Common Files\Oracle\Java\javapath;C:\Program Files (x86)\Common Files\Oracle\Java\java8path;C:\Program Files (x86)\Common Files\Oracle\Java\javapath;C:\Windows\system32;C:\Windows;C:\Windows\System32\Wbem;C:\Windows\System32\WindowsPowerShell\v1.0\;C:\Windows\System32\OpenSSH\;C:\Program Files\Git\cmd;C:\Program Files\dotnet\;C:\Program Files\GitHub CLI\;C:\Program Files\nodejs\;C:\Program Files\PowerShell\7\;C:\Program Files\Docker\Docker\resources\bin;C:\Users\conne\AppData\Local\Programs\Python\Python311\Scripts\;C:\Users\conne\AppData\Local\Programs\Python\Python311\;C:\Users\conne\AppData\Local\Microsoft\WindowsApps;C:\Users\conne\AppData\Local\Programs\Microsoft VS Code\bin;C:\Users\conne\.dotnet\tools;C:\Users\conne\AppData\Local\Programs\Antigravity\bin;C:\Users\conne\AppData\Local\GitHubDesktop\bin;C:\Users\conne\AppData\Local\Programs\Ollama;C:\Users\conne\AppData\Local\Microsoft\WinGet\Packages\Ngrok.Ngrok_Microsoft.Winget.Source_8wekyb3d8bbwe;C:\Users\conne\AppData\Local\Programs\Antigravity IDE\bin;C:\Users\conne\AppData\Roaming\npm;C:\Users\conne\AppData\Local\Google\Cloud SDK\google-cloud-sdk\bin
USERNAME=conne
OS=Windows_NT
PROCESSOR_IDENTIFIER=Intel64 Family 6 Model 170 Stepping 4, GenuineIntel
TMP=C:\Users\conne\AppData\Local\Temp
TEMP=C:\Users\conne\AppData\Local\Temp




Compilation memory statistics disabled.

Periodic native trim disabled

JNI global refs:
JNI global refs: 35, weak refs: 11

JNI global refs memory usage: 835, weak refs: 833

Process memory usage:
Resident Set Size: 461772K (2% of 16184696K total physical memory with 400856K free physical memory)

OOME stack traces (most recent first):
Classloader memory used:
Loader org.gradle.internal.classloader.VisitableURLClassLoader                         : 42661 K
Loader bootstrap                                                                       : 29753 K
Loader org.gradle.internal.classloader.VisitableURLClassLoader$InstrumentingVisitableURLClassLoader: 27947 K
Loader org.gradle.initialization.MixInLegacyTypesClassLoader                           : 14062 K
Loader org.gradle.internal.classloader.VisitableURLClassLoader                         : 378 K
Loader jdk.internal.loader.ClassLoaders$AppClassLoader                                 : 227 K
Loader org.gradle.groovy.scripts.internal.DefaultScriptCompilationHandler$ScriptClassLoader: 153 K
Loader jdk.internal.loader.ClassLoaders$PlatformClassLoader                            : 152 K

Classes loaded by more than one classloader:
Class Program                                                                         : loaded 5 times (x 74B)
Class Build_gradle                                                                    : loaded 3 times (x 128B)
Class com.google.common.collect.RegularImmutableMap$KeySet                            : loaded 2 times (x 154B)
Class org.gradle.internal.classloader.FilteringClassLoader                            : loaded 2 times (x 106B)
Class com.google.common.base.CharMatcher$IsEither                                     : loaded 2 times (x 113B)
Class org.gradle.internal.classloader.ClassLoaderHierarchy                            : loaded 2 times (x 72B)
Class com.google.common.collect.ImmutableEnumSet                                      : loaded 2 times (x 148B)
Class com.google.common.util.concurrent.ExecutionError                                : loaded 2 times (x 84B)
Class com.google.common.collect.ImmutableList$1                                       : loaded 2 times (x 99B)
Class ijKotlinCoroutineJvmDebugInit1_b4vuni4rlz3jl41v4toj9fs4i                        : loaded 2 times (x 173B)
Class org.gradle.api.internal.classpath.ManifestUtil                                  : loaded 2 times (x 73B)
Class com.google.common.collect.RegularImmutableMap                                   : loaded 2 times (x 122B)
Class com.google.common.collect.ImmutableMap$MapViewOfValuesAsSingletonSets           : loaded 2 times (x 128B)
Class [Lorg.objectweb.asm.Symbol;                                                     : loaded 2 times (x 71B)
Class org.objectweb.asm.ClassVisitor                                                  : loaded 2 times (x 90B)
Class com.google.common.collect.UnmodifiableListIterator                              : loaded 2 times (x 97B)
Class com.google.common.base.Platform$JdkPatternCompiler                              : loaded 2 times (x 77B)
Class org.objectweb.asm.MethodTooLargeException                                       : loaded 2 times (x 84B)
Class [Lcom.google.common.cache.CacheBuilder$OneWeigher;                              : loaded 2 times (x 71B)
Class com.google.common.base.Suppliers                                                : loaded 2 times (x 73B)
Class org.gradle.internal.classloader.DefaultClassLoaderFactory                       : loaded 2 times (x 84B)
Class org.gradle.internal.classloader.ClassLoaderVisitor                              : loaded 2 times (x 78B)
Class [Lcom.google.common.collect.ImmutableMapEntry;                                  : loaded 2 times (x 71B)
Class org.gradle.api.internal.classpath.EffectiveClassPath                            : loaded 2 times (x 92B)
Class com.google.common.collect.ListMultimap                                          : loaded 2 times (x 72B)
Class com.google.common.collect.ImmutableEnumMap                                      : loaded 2 times (x 128B)
Class com.google.common.collect.Sets$1                                                : loaded 2 times (x 141B)
Class org.objectweb.asm.AnnotationVisitor                                             : loaded 2 times (x 80B)
Class org.gradle.api.internal.DefaultClassPathProvider                                : loaded 2 times (x 78B)
Class com.google.common.collect.Sets$2                                                : loaded 2 times (x 141B)
Class [Lorg.gradle.api.internal.ClassPathProvider;                                    : loaded 2 times (x 71B)
Class org.gradle.api.internal.ClassPathProvider                                       : loaded 2 times (x 72B)
Class [Lorg.objectweb.asm.AnnotationVisitor;                                          : loaded 2 times (x 71B)
Class com.google.common.collect.Sets$3                                                : loaded 2 times (x 141B)
Class com.google.common.cache.LocalCache$LocalLoadingCache                            : loaded 2 times (x 136B)
Class org.gradle.internal.service.UnknownServiceException                             : loaded 2 times (x 85B)
Class com.google.common.collect.Sets$4                                                : loaded 2 times (x 141B)
Class org.objectweb.asm.ModuleVisitor                                                 : loaded 2 times (x 83B)
Class com.google.common.cache.LocalCache$Strength$1                                   : loaded 2 times (x 83B)
Class com.google.common.util.concurrent.SettableFuture                                : loaded 2 times (x 116B)
Class com.google.common.cache.LocalCache$Strength$2                                   : loaded 2 times (x 83B)
Class com.google.common.cache.LocalCache$Strength$3                                   : loaded 2 times (x 83B)
Class com.google.common.collect.MapDifference                                         : loaded 2 times (x 72B)
Class org.objectweb.asm.FieldWriter                                                   : loaded 2 times (x 79B)
Class com.google.common.cache.CacheBuilder$NullListener                               : loaded 2 times (x 84B)
Class org.gradle.internal.classpath.TransformedClassPath                              : loaded 2 times (x 98B)
Class org.gradle.internal.classloader.InstrumentingClassLoader                        : loaded 2 times (x 72B)
Class com.google.common.cache.CacheLoader$FunctionToCacheLoader                       : loaded 2 times (x 77B)
Class com.google.common.collect.Iterators$ArrayItr                                    : loaded 2 times (x 99B)
Class com.google.common.collect.ImmutableCollection$Builder                           : loaded 2 times (x 78B)
Class com.google.common.base.Joiner                                                   : loaded 2 times (x 81B)
Class com.google.common.base.MoreObjects                                              : loaded 2 times (x 73B)
Class com.google.common.base.Equivalence$Identity                                     : loaded 2 times (x 84B)
Class [Lorg.objectweb.asm.Type;                                                       : loaded 2 times (x 71B)
Class com.google.common.collect.UnmodifiableIterator                                  : loaded 2 times (x 82B)
Class org.gradle.internal.service.ServiceLocator                                      : loaded 2 times (x 72B)
Class com.google.common.base.Ascii                                                    : loaded 2 times (x 73B)
Class com.google.common.cache.LocalCache$1                                            : loaded 2 times (x 91B)
Class com.google.common.collect.SingletonImmutableBiMap                               : loaded 2 times (x 145B)
Class com.google.common.collect.Iterators$SingletonIterator                           : loaded 2 times (x 83B)
Class com.google.common.collect.AbstractMapEntry                                      : loaded 2 times (x 83B)
Class com.google.common.collect.Sets$ImprovedAbstractSet                              : loaded 2 times (x 137B)
Class com.google.common.collect.ImmutableList$Builder                                 : loaded 2 times (x 79B)
Class com.google.common.collect.AbstractMultimap                                      : loaded 2 times (x 125B)
Class com.google.common.cache.LocalCache$2                                            : loaded 2 times (x 144B)
Class com.google.common.collect.RegularImmutableAsList                                : loaded 2 times (x 219B)
Class com.google.common.util.concurrent.AbstractFuture$Trusted                        : loaded 2 times (x 72B)
Class com.google.common.collect.Iterators                                             : loaded 2 times (x 73B)
Class com.google.common.collect.Lists$StringAsImmutableList                           : loaded 2 times (x 209B)
Class com.google.common.util.concurrent.UncheckedExecutionException                   : loaded 2 times (x 84B)
Class org.gradle.kotlin.dsl.VersionCatalogAccessorsKt                                 : loaded 2 times (x 73B)
Class com.google.common.collect.AbstractMapBasedMultimap$KeySet$1                     : loaded 2 times (x 84B)
Class org.objectweb.asm.ClassWriter                                                   : loaded 2 times (x 107B)
Class com.google.common.cache.CacheLoader$UnsupportedLoadingOperationException        : loaded 2 times (x 84B)
Class com.google.common.base.CharMatcher$And                                          : loaded 2 times (x 114B)
Class org.gradle.internal.classloader.ClasspathUtil$1                                 : loaded 2 times (x 78B)
Class org.objectweb.asm.FieldVisitor                                                  : loaded 2 times (x 79B)
Class com.google.common.collect.IndexedImmutableSet                                   : loaded 2 times (x 154B)
Class com.google.common.collect.ImmutableMap$1                                        : loaded 2 times (x 83B)
Class com.google.common.collect.BiMap                                                 : loaded 2 times (x 72B)
Class org.gradle.api.internal.classpath.DefaultModuleRegistry$DefaultModule           : loaded 2 times (x 88B)
Class com.google.common.primitives.Ints                                               : loaded 2 times (x 73B)
Class com.google.common.collect.AbstractIterator                                      : loaded 2 times (x 84B)
Class com.google.common.collect.ObjectArrays                                          : loaded 2 times (x 73B)
Class com.google.common.math.MathPreconditions                                        : loaded 2 times (x 73B)
Class com.google.common.collect.Multiset                                              : loaded 2 times (x 72B)
Class com.google.common.collect.ArrayListMultimapGwtSerializationDependencies         : loaded 2 times (x 173B)
Class com.google.common.collect.AbstractIndexedListIterator                           : loaded 2 times (x 98B)
Class ijJvmDebugger1_5snrpkg115f7rrh8n9qi8vx7p$_run_closure1$_closure2                : loaded 2 times (x 141B)
Class com.google.common.collect.ImmutableMapEntrySet                                  : loaded 2 times (x 154B)
Class org.gradle.api.internal.classpath.Module                                        : loaded 2 times (x 72B)
Class com.google.common.cache.Weigher                                                 : loaded 2 times (x 72B)
Class org.gradle.api.internal.classpath.UnknownModuleException                        : loaded 2 times (x 84B)
Class com.google.common.base.Stopwatch                                                : loaded 2 times (x 74B)
Class com.google.common.cache.LocalCache$Strength                                     : loaded 2 times (x 83B)
Class com.google.common.cache.Cache                                                   : loaded 2 times (x 72B)
Class com.google.common.util.concurrent.AbstractFuture$Cancellation                   : loaded 2 times (x 74B)
Class com.google.common.collect.ImmutableMap$Builder                                  : loaded 2 times (x 84B)
Class com.google.common.cache.RemovalListener                                         : loaded 2 times (x 72B)
Class org.gradle.api.internal.DefaultClassPathRegistry                                : loaded 2 times (x 78B)
Class com.google.common.primitives.IntsMethodsForWeb                                  : loaded 2 times (x 73B)
Class com.google.common.collect.Multimap                                              : loaded 2 times (x 72B)
Class org.gradle.api.internal.ClassPathRegistry                                       : loaded 2 times (x 72B)
Class org.gradle.internal.classpath.DefaultClassPath$ImmutableUniqueList              : loaded 2 times (x 201B)
Class com.google.common.collect.Platform                                              : loaded 2 times (x 73B)
Class com.google.common.cache.CacheBuilder                                            : loaded 2 times (x 74B)
Class com.google.common.collect.SingletonImmutableList                                : loaded 2 times (x 209B)
Class Settings_gradle$1                                                               : loaded 2 times (x 76B)
Class org.gradle.internal.classpath.ClassPath                                         : loaded 2 times (x 72B)
Class com.google.common.base.JdkPattern                                               : loaded 2 times (x 77B)
Class com.google.common.collect.ImmutableList$ReverseImmutableList                    : loaded 2 times (x 211B)
Class org.objectweb.asm.SymbolTable$Entry                                             : loaded 2 times (x 75B)
Class org.gradle.internal.Factory                                                     : loaded 2 times (x 72B)
Class org.objectweb.asm.Edge                                                          : loaded 2 times (x 74B)
Class com.google.common.base.Suppliers$SupplierOfInstance                             : loaded 2 times (x 81B)
Class com.google.common.collect.Iterators$1                                           : loaded 2 times (x 83B)
Class com.google.common.cache.LocalCache$ComputingValueReference                      : loaded 2 times (x 98B)
Class com.google.common.collect.SingletonImmutableSet                                 : loaded 2 times (x 148B)
Class com.google.common.collect.ImmutableMap$IteratorBasedImmutableMap                : loaded 2 times (x 128B)
Class com.google.common.cache.LocalCache$Segment                                      : loaded 2 times (x 155B)
Class com.google.common.collect.AbstractListMultimap                                  : loaded 2 times (x 173B)
Class [Lorg.objectweb.asm.SymbolTable$Entry;                                          : loaded 2 times (x 71B)
Class com.google.common.cache.CacheLoader                                             : loaded 2 times (x 76B)
Class com.google.common.collect.Iterators$4                                           : loaded 2 times (x 84B)
Class com.google.common.collect.ImmutableBiMap                                        : loaded 2 times (x 145B)
Class org.gradle.api.internal.classpath.ModuleRegistry                                : loaded 2 times (x 72B)
Class org.gradle.internal.installation.GradleInstallation$1                           : loaded 2 times (x 77B)
Class com.google.common.collect.ImmutableSet$JdkBackedSetBuilderImpl                  : loaded 2 times (x 78B)
Class com.google.common.util.concurrent.internal.InternalFutureFailureAccess          : loaded 2 times (x 74B)
Class com.google.common.collect.Iterators$5                                           : loaded 2 times (x 84B)
Class ijKotlinCoroutineJvmDebugInit1_b4vuni4rlz3jl41v4toj9fs4i$_run_closure1          : loaded 2 times (x 140B)
Class com.google.common.cache.LocalCache$LocalManualCache$1                           : loaded 2 times (x 77B)
Class com.google.common.base.CharMatcher$ForPredicate                                 : loaded 2 times (x 114B)
Class com.google.common.base.CharMatcher$AnyOf                                        : loaded 2 times (x 114B)
Class com.google.common.collect.ImmutableCollection                                   : loaded 2 times (x 127B)
Class org.gradle.api.internal.classpath.DefaultModuleRegistry                         : loaded 2 times (x 88B)
Class com.google.common.collect.Lists                                                 : loaded 2 times (x 73B)
Class com.google.common.util.concurrent.ListenableFuture                              : loaded 2 times (x 72B)
Class com.google.common.cache.ReferenceEntry                                          : loaded 2 times (x 72B)
Class com.google.common.base.Converter                                                : loaded 2 times (x 92B)
Class com.google.common.collect.ImmutableSet$CachingAsList                            : loaded 2 times (x 150B)
Class com.google.common.collect.AbstractMapBasedMultimap                              : loaded 2 times (x 140B)
Class com.google.common.util.concurrent.AbstractFuture                                : loaded 2 times (x 108B)
Class com.google.common.base.FunctionalEquivalence                                    : loaded 2 times (x 85B)
Class com.google.common.collect.Iterators$9                                           : loaded 2 times (x 83B)
Class com.google.common.collect.ImmutableAsList                                       : loaded 2 times (x 211B)
Class org.objectweb.asm.RecordComponentVisitor                                        : loaded 2 times (x 79B)
Class com.google.common.cache.CacheLoader$SupplierToCacheLoader                       : loaded 2 times (x 77B)
Class org.gradle.internal.service.ServiceLookupException                              : loaded 2 times (x 84B)
Class [Lcom.google.common.cache.LocalCache$EntryFactory;                              : loaded 2 times (x 71B)
Class org.gradle.internal.classloader.ClassLoaderFactory                              : loaded 2 times (x 72B)
Class com.google.common.base.CommonPattern                                            : loaded 2 times (x 76B)
Class com.google.common.cache.LocalCache$LocalManualCache                             : loaded 2 times (x 101B)
Class com.google.common.base.CharMatcher$IsNot                                        : loaded 2 times (x 113B)
Class org.gradle.internal.service.CachingServiceLocator                               : loaded 2 times (x 84B)
Class com.google.common.collect.AbstractMapBasedMultimap$KeySet                       : loaded 2 times (x 139B)
Class com.google.common.math.IntMath                                                  : loaded 2 times (x 73B)
Class com.google.common.collect.ImmutableMapEntry                                     : loaded 2 times (x 87B)
Class com.google.common.base.Equivalence                                              : loaded 2 times (x 84B)
Class com.google.common.base.Function                                                 : loaded 2 times (x 72B)
Class com.google.common.collect.ImmutableMapEntry$NonTerminalImmutableMapEntry        : loaded 2 times (x 87B)
Class com.google.common.cache.CacheBuilder$OneWeigher                                 : loaded 2 times (x 84B)
Class com.google.common.collect.RegularImmutableList                                  : loaded 2 times (x 215B)
Class org.gradle.internal.classloader.ClasspathUtil                                   : loaded 2 times (x 73B)
Class com.google.common.util.concurrent.Uninterruptibles                              : loaded 2 times (x 73B)
Class com.google.common.util.concurrent.LazyLogger                                    : loaded 2 times (x 74B)
Class com.google.common.collect.Maps                                                  : loaded 2 times (x 73B)
Class org.gradle.api.specs.Spec                                                       : loaded 2 times (x 72B)
Class [Lcom.google.common.collect.ImmutableEntry;                                     : loaded 2 times (x 71B)
Class com.google.common.cache.LocalCache$LoadingValueReference                        : loaded 2 times (x 98B)
Class com.google.common.base.Platform                                                 : loaded 2 times (x 73B)
Class [Lorg.objectweb.asm.AnnotationWriter;                                           : loaded 2 times (x 71B)
Class com.google.common.collect.Maps$8                                                : loaded 2 times (x 84B)
Class com.google.common.collect.Sets$SetView                                          : loaded 2 times (x 140B)
Class com.google.common.cache.LocalCache$StrongValueReference                         : loaded 2 times (x 92B)
Class org.objectweb.asm.Type                                                          : loaded 2 times (x 74B)
Class org.gradle.internal.classloader.VisitableURLClassLoader$InstrumentingVisitableURLClassLoader: loaded 2 times (x 124B)
Class com.google.common.math.IntMath$1                                                : loaded 2 times (x 73B)
Class org.objectweb.asm.ByteVector                                                    : loaded 2 times (x 81B)
Class [Lcom.google.common.cache.CacheBuilder$NullListener;                            : loaded 2 times (x 71B)
Class org.gradle.internal.classloader.VisitableURLClassLoader$Spec                    : loaded 2 times (x 76B)
Class org.gradle.internal.classpath.DefaultClassPath                                  : loaded 2 times (x 92B)
Class org.objectweb.asm.Symbol                                                        : loaded 2 times (x 75B)
Class ijJvmDebugger1_5snrpkg115f7rrh8n9qi8vx7p$_run_closure1                          : loaded 2 times (x 140B)
Class com.google.common.base.CharMatcher$BitSetMatcher                                : loaded 2 times (x 114B)
Class com.google.common.collect.RegularImmutableMap$Values                            : loaded 2 times (x 209B)
Class com.google.common.collect.ImmutableSet                                          : loaded 2 times (x 147B)
Class org.gradle.internal.classloader.ClassLoaderSpec                                 : loaded 2 times (x 73B)
Class org.objectweb.asm.AnnotationWriter                                              : loaded 2 times (x 80B)
Class com.google.common.cache.CacheStats                                              : loaded 2 times (x 73B)
Class org.objectweb.asm.RecordComponentWriter                                         : loaded 2 times (x 79B)
Class com.google.common.util.concurrent.AbstractFuture$Listener                       : loaded 2 times (x 74B)
Class com.google.common.base.CharMatcher$Or                                           : loaded 2 times (x 114B)
Class Settings_gradle$1$1                                                             : loaded 2 times (x 76B)
Class org.objectweb.asm.Attribute                                                     : loaded 2 times (x 79B)
Class com.google.common.base.Supplier                                                 : loaded 2 times (x 72B)
Class org.gradle.internal.classloader.VisitableURLClassLoader                         : loaded 2 times (x 118B)
Class Settings_gradle                                                                 : loaded 2 times (x 126B)
Class org.gradle.internal.Cast                                                        : loaded 2 times (x 73B)
Class org.gradle.api.Action                                                           : loaded 2 times (x 72B)
Class com.google.common.base.Strings                                                  : loaded 2 times (x 73B)
Class com.google.common.collect.Sets                                                  : loaded 2 times (x 73B)
Class org.objectweb.asm.Handler                                                       : loaded 2 times (x 74B)
Class com.google.common.base.Ticker                                                   : loaded 2 times (x 74B)
Class com.google.common.base.CharMatcher$FastMatcher                                  : loaded 2 times (x 113B)
Class [Lcom.google.common.cache.LocalCache$Segment;                                   : loaded 2 times (x 71B)
Class [Lcom.google.common.cache.LocalCache$Strength;                                  : loaded 2 times (x 71B)
Class com.google.common.cache.CacheBuilder$1                                          : loaded 2 times (x 87B)
Class com.google.common.base.Predicate                                                : loaded 2 times (x 72B)
Class com.google.common.collect.ImmutableMap                                          : loaded 2 times (x 122B)
Class org.gradle.internal.classpath.DefaultClassPath$ImmutableUniqueList$Builder      : loaded 2 times (x 77B)
Class com.google.common.cache.LocalCache                                              : loaded 2 times (x 188B)
Class com.google.common.cache.CacheBuilder$2                                          : loaded 2 times (x 81B)
Class com.google.common.base.CharMatcher$NegatedFastMatcher                           : loaded 2 times (x 115B)
Class com.google.common.collect.ArrayListMultimap                                     : loaded 2 times (x 173B)
Class com.google.common.cache.CacheBuilder$3                                          : loaded 2 times (x 74B)
Class [Lcom.google.common.collect.AbstractMapEntry;                                   : loaded 2 times (x 71B)
Class com.google.common.collect.ImmutableEntry                                        : loaded 2 times (x 84B)
Class org.gradle.api.GradleException                                                  : loaded 2 times (x 84B)
Class com.google.common.collect.CollectPreconditions                                  : loaded 2 times (x 73B)
Class com.google.common.collect.SortedMapDifference                                   : loaded 2 times (x 72B)
Class com.google.common.cache.LocalCache$EntryFactory                                 : loaded 2 times (x 85B)
Class com.google.common.cache.LocalCache$AbstractReferenceEntry                       : loaded 2 times (x 109B)
Class org.gradle.internal.IoActions                                                   : loaded 2 times (x 73B)
Class org.objectweb.asm.SymbolTable                                                   : loaded 2 times (x 74B)
Class com.google.common.cache.CacheLoader$InvalidCacheLoadException                   : loaded 2 times (x 84B)
Class com.google.common.collect.ImmutableSet$RegularSetBuilderImpl                    : loaded 2 times (x 78B)
Class org.gradle.internal.classloader.SystemClassLoaderSpec                           : loaded 2 times (x 73B)
Class com.google.common.cache.LocalCache$StrongEntry                                  : loaded 2 times (x 110B)
Class com.google.common.util.concurrent.AbstractFuture$TrustedFuture                  : loaded 2 times (x 116B)
Class com.google.common.cache.LoadingCache                                            : loaded 2 times (x 72B)
Class ijKotlinCoroutineJvmDebugInit1_b4vuni4rlz3jl41v4toj9fs4i$_run_closure1$_closure2: loaded 2 times (x 140B)
Class org.objectweb.asm.MethodWriter                                                  : loaded 2 times (x 107B)
Class [Lcom.google.common.cache.Weigher;                                              : loaded 2 times (x 71B)
Class com.google.common.collect.RegularImmutableMap$BucketOverflowException           : loaded 2 times (x 84B)
Class com.google.common.cache.LocalCache$ValueReference                               : loaded 2 times (x 72B)
Class com.google.common.base.CharMatcher$Negated                                      : loaded 2 times (x 115B)
Class com.google.common.base.CharMatcher$Is                                           : loaded 2 times (x 113B)
Class com.google.common.collect.RegularImmutableBiMap                                 : loaded 2 times (x 150B)
Class com.google.common.base.PatternCompiler                                          : loaded 2 times (x 72B)
Class com.google.common.util.concurrent.AbstractFuture$Failure                        : loaded 2 times (x 74B)
Class com.google.common.base.Equivalence$Equals                                       : loaded 2 times (x 84B)
Class com.google.common.collect.Hashing                                               : loaded 2 times (x 73B)
Class com.google.common.base.Preconditions                                            : loaded 2 times (x 73B)
Class com.google.common.base.Joiner$1                                                 : loaded 2 times (x 82B)
Class org.objectweb.asm.Label                                                         : loaded 2 times (x 75B)
Class org.objectweb.asm.CurrentFrame                                                  : loaded 2 times (x 75B)
Class org.objectweb.asm.ClassTooLargeException                                        : loaded 2 times (x 84B)
Class com.google.common.base.CharMatcher                                              : loaded 2 times (x 113B)
Class com.google.common.collect.PeekingIterator                                       : loaded 2 times (x 72B)
Class com.google.common.base.Joiner$2                                                 : loaded 2 times (x 81B)
Class org.objectweb.asm.Frame                                                         : loaded 2 times (x 75B)
Class org.objectweb.asm.MethodVisitor                                                 : loaded 2 times (x 107B)
Class com.google.common.cache.LocalCache$EntryFactory$1                               : loaded 2 times (x 85B)
Class [Lcom.google.common.cache.RemovalListener;                                      : loaded 2 times (x 71B)
Class com.google.common.base.CharMatcher$1                                            : loaded 2 times (x 115B)
Class com.google.common.base.CharMatcher$NamedFastMatcher                             : loaded 2 times (x 114B)
Class com.google.common.cache.LocalCache$EntryFactory$2                               : loaded 2 times (x 85B)
Class org.gradle.api.internal.classpath.GlobalCacheRootsProvider                      : loaded 2 times (x 72B)
Class org.objectweb.asm.ModuleWriter                                                  : loaded 2 times (x 83B)
Class com.google.common.cache.LocalCache$EntryFactory$3                               : loaded 2 times (x 85B)
Class com.google.common.base.Ticker$1                                                 : loaded 2 times (x 74B)
Class com.google.common.collect.Maps$BiMapConverter                                   : loaded 2 times (x 92B)
Class com.google.common.collect.ImmutableMapEntrySet$RegularEntrySet                  : loaded 2 times (x 154B)
Class com.google.common.collect.ImmutableSet$Builder                                  : loaded 2 times (x 87B)
Class com.google.common.cache.LocalCache$EntryFactory$4                               : loaded 2 times (x 85B)
Class com.google.common.base.CharMatcher$InRange                                      : loaded 2 times (x 113B)
Class com.google.common.cache.LocalCache$EntryFactory$5                               : loaded 2 times (x 85B)
Class com.google.common.base.PairwiseEquivalence                                      : loaded 2 times (x 85B)
Class com.google.common.cache.LocalCache$EntryFactory$6                               : loaded 2 times (x 85B)
Class org.gradle.internal.installation.CurrentGradleInstallationLocator               : loaded 2 times (x 73B)
Class com.google.common.collect.Maps$KeySet                                           : loaded 2 times (x 139B)
Class com.google.common.collect.ImmutableSet$EmptySetBuilderImpl                      : loaded 2 times (x 78B)
Class com.google.common.cache.LocalCache$EntryFactory$7                               : loaded 2 times (x 85B)
Class com.google.common.collect.ImmutableList                                         : loaded 2 times (x 208B)
Class ijJvmDebugger1_5snrpkg115f7rrh8n9qi8vx7p                                        : loaded 2 times (x 173B)
Class org.gradle.internal.service.DefaultServiceLocator                               : loaded 2 times (x 85B)
Class com.google.common.cache.LocalCache$EntryFactory$8                               : loaded 2 times (x 85B)
Class com.google.common.collect.ImmutableSet$SetBuilderImpl                           : loaded 2 times (x 78B)
Class org.gradle.internal.installation.CurrentGradleInstallation                      : loaded 2 times (x 75B)
Class com.google.common.cache.CacheLoader$1                                           : loaded 2 times (x 77B)
Class com.google.common.collect.ImmutableList$SubList                                 : loaded 2 times (x 211B)
Class org.gradle.util.internal.GUtil                                                  : loaded 2 times (x 73B)
Class com.google.common.cache.AbstractCache$StatsCounter                              : loaded 2 times (x 72B)
Class com.google.common.collect.Iterators$MergingIterator                             : loaded 2 times (x 83B)
Class com.google.common.collect.RegularImmutableSet                                   : loaded 2 times (x 150B)
Class org.gradle.internal.installation.GradleInstallation                             : loaded 2 times (x 77B)
Class com.google.common.collect.Iterables                                             : loaded 2 times (x 73B)

---------------  S Y S T E M  ---------------

OS:
 Windows 11 , 64 bit Build 26100 (10.0.26100.9168)
OS uptime: 3 days 13:39 hours
Hyper-V role detected

CPU: total 18 (initial active 18) (9 cores per cpu, 2 threads per core) family 6 model 170 stepping 4 microcode 0x28, cx8, cmov, fxsr, ht, mmx, 3dnowpref, sse, sse2, sse3, ssse3, sse4.1, sse4.2, popcnt, lzcnt, tsc, tscinvbit, avx, avx2, aes, erms, clmul, bmi1, bmi2, adx, sha, fma, vzeroupper, clflush, clflushopt, clwb, hv, serialize, rdtscp, rdpid, fsrm, gfni, f16c, cet_ibt, cet_ss
Processor Information for processor 0
  Max Mhz: 1200, Current Mhz: 1200, Mhz Limit: 1200
Processor Information for processor 1
  Max Mhz: 1200, Current Mhz: 1200, Mhz Limit: 1200
Processor Information for processor 2
  Max Mhz: 700, Current Mhz: 700, Mhz Limit: 700
Processor Information for processor 3
  Max Mhz: 700, Current Mhz: 700, Mhz Limit: 700
Processor Information for processor 4
  Max Mhz: 700, Current Mhz: 700, Mhz Limit: 700
Processor Information for processor 5
  Max Mhz: 700, Current Mhz: 700, Mhz Limit: 700
Processor Information for processor 6
  Max Mhz: 700, Current Mhz: 700, Mhz Limit: 700
Processor Information for processor 7
  Max Mhz: 700, Current Mhz: 700, Mhz Limit: 700
Processor Information for processor 8
  Max Mhz: 700, Current Mhz: 700, Mhz Limit: 700
Processor Information for processor 9
  Max Mhz: 700, Current Mhz: 700, Mhz Limit: 700
Processor Information for processor 10
  Max Mhz: 1200, Current Mhz: 1200, Mhz Limit: 1200
Processor Information for processor 11
  Max Mhz: 1200, Current Mhz: 1200, Mhz Limit: 1200
Processor Information for processor 12
  Max Mhz: 1200, Current Mhz: 1200, Mhz Limit: 1200
Processor Information for processor 13
  Max Mhz: 1200, Current Mhz: 1200, Mhz Limit: 1200
Processor Information for processor 14
  Max Mhz: 1200, Current Mhz: 1200, Mhz Limit: 1200
Processor Information for processor 15
  Max Mhz: 1200, Current Mhz: 1200, Mhz Limit: 1200
Processor Information for processor 16
  Max Mhz: 700, Current Mhz: 700, Mhz Limit: 700
Processor Information for processor 17
  Max Mhz: 700, Current Mhz: 700, Mhz Limit: 700

Memory: 4k page, system-wide physical 15805M (383M free)
TotalPageFile size 31805M (AvailPageFile size 0M)
current process WorkingSet (physical memory assigned to process): 451M, peak: 451M
current process commit charge ("private bytes"): 496M, peak: 509M

vm_info: OpenJDK 64-Bit Server VM (25.0.2+-15348964-b329.117) for windows-amd64 JRE (25.0.2+-15348964-b329.117), built on 2026-05-05T18:25:19Z with MS VC++ 16.10 / 16.11 (VS2019)

END.
