#
# There is insufficient memory for the Java Runtime Environment to continue.
# Native memory allocation (malloc) failed to allocate 1243864 bytes. Error detail: Chunk::new
# Possible reasons:
#   The system is out of physical RAM or swap space
#   This process is running with CompressedOops enabled, and the Java Heap may be blocking the growth of the native heap
# Possible solutions:
#   Reduce memory load on the system
#   Increase physical memory or swap space
#   Check if swap backing store is full
#   Decrease Java heap size (-Xmx/-Xms)
#   Decrease number of Java threads
#   Decrease Java thread stack sizes (-Xss)
#   Set larger code cache with -XX:ReservedCodeCacheSize=
#   JVM is running with Zero Based Compressed Oops mode in which the Java heap is
#     placed in the first 32GB address space. The Java Heap base address is the
#     maximum limit for the native heap growth. Please use -XX:HeapBaseMinAddress
#     to set the Java Heap base and to place the Java Heap above 32GB virtual address.
# This output file may be truncated or incomplete.
#
#  Out of Memory Error (arena.cpp:186), pid=39264, tid=18124
#
# JRE version: OpenJDK Runtime Environment (25.0.2) (build 25.0.2+-15348964-b329.117)
# Java VM: OpenJDK 64-Bit Server VM (25.0.2+-15348964-b329.117, mixed mode, tiered, compressed oops, compressed class ptrs, g1 gc, windows-amd64)
# No core dump will be written. Minidumps are not enabled by default on client versions of Windows
#

---------------  S U M M A R Y ------------

Command Line: --add-opens=java.base/java.lang=ALL-UNNAMED --add-opens=java.base/java.lang.invoke=ALL-UNNAMED --add-opens=java.base/java.util=ALL-UNNAMED --add-opens=java.prefs/java.util.prefs=ALL-UNNAMED --add-exports=jdk.compiler/com.sun.tools.javac.api=ALL-UNNAMED --add-exports=jdk.compiler/com.sun.tools.javac.util=ALL-UNNAMED --add-opens=java.base/java.util=ALL-UNNAMED --add-opens=java.prefs/java.util.prefs=ALL-UNNAMED --add-opens=java.base/java.nio.charset=ALL-UNNAMED --add-opens=java.base/java.net=ALL-UNNAMED --add-opens=java.base/java.util.concurrent=ALL-UNNAMED --add-opens=java.base/java.util.concurrent.atomic=ALL-UNNAMED --add-opens=java.xml/javax.xml.namespace=ALL-UNNAMED --add-opens=java.base/java.time=ALL-UNNAMED --enable-native-access=ALL-UNNAMED -Xmx4g -Dfile.encoding=UTF-8 -Duser.country=IN -Duser.language=en -Duser.variant -javaagent:C:\Users\conne\.gradle\wrapper\dists\gradle-9.3.1-bin\23ovyewtku6u96viwx3xl3oks\gradle-9.3.1\lib\agents\gradle-instrumentation-agent-9.3.1.jar org.gradle.launcher.daemon.bootstrap.GradleDaemon 9.3.1

Host: Intel(R) Core(TM) Ultra 5 125H, 18 cores, 15G,  Windows 11 , 64 bit Build 26100 (10.0.26100.9168)
Time: Thu Aug 27 00:45:45 2026 India Standard Time elapsed time: 127.013065 seconds (0d 0h 2m 7s)

---------------  T H R E A D  ---------------

Current thread (0x0000022a294a0c70):  JavaThread "C2 CompilerThread0" daemon [_thread_in_native, id=18124, stack(0x0000006c7dd00000,0x0000006c7de00000) (1024K)]


Current CompileTask:
C2:127013 43017       4       com.google.common.collect.ImmutableSortedSet::copyOf (49 bytes)

Stack: [0x0000006c7dd00000,0x0000006c7de00000]
Native frames: (J=compiled Java code, j=interpreted, Vv=VM code, C=native code)
V  [jvm.dll+0x7bd439]  (no source info available)
V  [jvm.dll+0x78763d]  (no source info available)
V  [jvm.dll+0xa0c885]  (no source info available)
V  [jvm.dll+0xa0ef04]  (no source info available)
V  [jvm.dll+0xa0f603]  (no source info available)
V  [jvm.dll+0x309bf6]  (no source info available)
V  [jvm.dll+0x10ea69]  (no source info available)
V  [jvm.dll+0x10ed92]  (no source info available)
V  [jvm.dll+0x1a9837]  (no source info available)
V  [jvm.dll+0x3bec92]  (no source info available)
V  [jvm.dll+0x7c2cb7]  (no source info available)
V  [jvm.dll+0x2ce046]  (no source info available)
V  [jvm.dll+0x2cd221]  (no source info available)
V  [jvm.dll+0x242ffa]  (no source info available)
V  [jvm.dll+0x2dcc05]  (no source info available)
V  [jvm.dll+0x2dae06]  (no source info available)
V  [jvm.dll+0x49b59e]  (no source info available)
V  [jvm.dll+0x9ab9c8]  (no source info available)
V  [jvm.dll+0x7bb985]  (no source info available)
C  [ucrtbase.dll+0x2cd30]  (no source info available)
C  [KERNEL32.DLL+0x2ccb7]  (no source info available)
C  [ntdll.dll+0xaad6c]  (no source info available)

Lock stack of current Java thread (top to bottom):


---------------  P R O C E S S  ---------------

Threads class SMR info:
_java_thread_list=0x0000022a4d74a500, length=89, elements={
0x0000022a0bb811e0, 0x0000022a28add940, 0x0000022a28aee400, 0x0000022a28ae09d0,
0x0000022a294c1650, 0x0000022a294bf8d0, 0x0000022a294c08a0, 0x0000022a294a00b0,
0x0000022a294a0c70, 0x0000022a294a2ee0, 0x0000022a2978d7d0, 0x0000022a30045cd0,
0x0000022a3008e1c0, 0x0000022a304e1020, 0x0000022a306ef0d0, 0x0000022a30736d50,
0x0000022a303fe1b0, 0x0000022a30411bc0, 0x0000022a30410c20, 0x0000022a3040ece0,
0x0000022a3040f4b0, 0x0000022a304142d0, 0x0000022a30415270, 0x0000022a30960570,
0x0000022a3095e630, 0x0000022a3095ee00, 0x0000022a30961510, 0x0000022a294bcb00,
0x0000022a3310ace0, 0x0000022a3310cc20, 0x0000022a3310dbc0, 0x0000022a3310fb00,
0x0000022a30963c20, 0x0000022a32742740, 0x0000022a32740800, 0x0000022a32745620,
0x0000022a327465c0, 0x0000022a32746d90, 0x0000022a3095d690, 0x0000022a31c17ea0,
0x0000022a31c14fc0, 0x0000022a31c16730, 0x0000022a31c176d0, 0x0000022a333c6f40,
0x0000022a333c4060, 0x0000022a333c7710, 0x0000022a333c8e80, 0x0000022a333c9650,
0x0000022a333c5fa0, 0x0000022a333ca5f0, 0x0000022a333cb590, 0x0000022a315e7540,
0x0000022a315e8cb0, 0x0000022a315ea420, 0x0000022a315e7d10, 0x0000022a327417a0,
0x0000022a2ec917e0, 0x0000022a304e3960, 0x0000022a304e4900, 0x0000022a304e50d0,
0x0000022a304e3190, 0x0000022a304e29c0, 0x0000022a304e8780, 0x0000022a304e7fb0,
0x0000022a304e7010, 0x0000022a296a19d0, 0x0000022a2969fa90, 0x0000022a2969e320,
0x0000022a296a0a30, 0x0000022a2969f2c0, 0x0000022a296a48b0, 0x0000022a296a6020,
0x0000022a296a3910, 0x0000022a296a5850, 0x0000022a296a96d0, 0x0000022a296a6fc0,
0x0000022a296ac5b0, 0x0000022a296ab610, 0x0000022a315eabf0, 0x0000022a33111270,
0x0000022a302910f0, 0x0000022a30294f70, 0x0000022a30295f10, 0x0000022a30292090,
0x0000022a3029b500, 0x0000022a3f1a8ed0, 0x0000022a32c976f0, 0x0000022a53e77250,
0x0000022a32c9bf80
}

Java Threads: ( => current thread )
  0x0000022a0bb811e0 JavaThread "main"                              [_thread_blocked, id=19580, stack(0x0000006c7ce00000,0x0000006c7cf00000) (1024K)]
  0x0000022a28add940 JavaThread "Common-Cleaner"             daemon [_thread_blocked, id=40608, stack(0x0000006c7d600000,0x0000006c7d700000) (1024K)]
  0x0000022a28aee400 JavaThread "Reference Handler"          daemon [_thread_blocked, id=33632, stack(0x0000006c7d700000,0x0000006c7d800000) (1024K)]
  0x0000022a28ae09d0 JavaThread "Finalizer"                  daemon [_thread_blocked, id=37680, stack(0x0000006c7d800000,0x0000006c7d900000) (1024K)]
  0x0000022a294c1650 JavaThread "Signal Dispatcher"          daemon [_thread_blocked, id=49052, stack(0x0000006c7d900000,0x0000006c7da00000) (1024K)]
  0x0000022a294bf8d0 JavaThread "Attach Listener"            daemon [_thread_blocked, id=6808, stack(0x0000006c7da00000,0x0000006c7db00000) (1024K)]
  0x0000022a294c08a0 JavaThread "Service Thread"             daemon [_thread_blocked, id=27372, stack(0x0000006c7db00000,0x0000006c7dc00000) (1024K)]
  0x0000022a294a00b0 JavaThread "Monitor Deflation Thread"   daemon [_thread_blocked, id=44988, stack(0x0000006c7dc00000,0x0000006c7dd00000) (1024K)]
=>0x0000022a294a0c70 JavaThread "C2 CompilerThread0"         daemon [_thread_in_native, id=18124, stack(0x0000006c7dd00000,0x0000006c7de00000) (1024K)]
  0x0000022a294a2ee0 JavaThread "C1 CompilerThread0"         daemon [_thread_blocked, id=48332, stack(0x0000006c7de00000,0x0000006c7df00000) (1024K)]
  0x0000022a2978d7d0 JavaThread "Notification Thread"        daemon [_thread_blocked, id=21012, stack(0x0000006c7e100000,0x0000006c7e200000) (1024K)]
  0x0000022a30045cd0 JavaThread "Daemon health stats"               [_thread_blocked, id=43372, stack(0x0000006c7ea00000,0x0000006c7eb00000) (1024K)]
  0x0000022a3008e1c0 JavaThread "Incoming local TCP Connector on port 59778"        [_thread_in_native, id=39760, stack(0x0000006c7eb00000,0x0000006c7ec00000) (1024K)]
  0x0000022a304e1020 JavaThread "Daemon periodic checks"            [_thread_blocked, id=35420, stack(0x0000006c7ec00000,0x0000006c7ed00000) (1024K)]
  0x0000022a306ef0d0 JavaThread "Daemon"                            [_thread_blocked, id=27984, stack(0x0000006c7ed00000,0x0000006c7ee00000) (1024K)]
  0x0000022a30736d50 JavaThread "Handler for socket connection from /127.0.0.1:59778 to /127.0.0.1:59779"        [_thread_in_native, id=32556, stack(0x0000006c7ee00000,0x0000006c7ef00000) (1024K)]
  0x0000022a303fe1b0 JavaThread "Cancel handler"                    [_thread_blocked, id=34028, stack(0x0000006c7fa00000,0x0000006c7fb00000) (1024K)]
  0x0000022a30411bc0 JavaThread "Daemon worker"                     [_thread_blocked, id=50500, stack(0x0000006c7fb00000,0x0000006c7fc00000) (1024K)]
  0x0000022a30410c20 JavaThread "Asynchronous log dispatcher for DefaultDaemonConnection: socket connection from /127.0.0.1:59778 to /127.0.0.1:59779"        [_thread_blocked, id=51084, stack(0x0000006c7fc00000,0x0000006c7fd00000) (1024K)]
  0x0000022a3040ece0 JavaThread "Stdin handler"                     [_thread_blocked, id=27488, stack(0x0000006c7fd00000,0x0000006c7fe00000) (1024K)]
  0x0000022a3040f4b0 JavaThread "Daemon client event forwarder"        [_thread_blocked, id=21948, stack(0x0000006c7fe00000,0x0000006c7ff00000) (1024K)]
  0x0000022a304142d0 JavaThread "Cache worker for journal cache (C:\Users\conne\.gradle\caches\journal-1)"        [_thread_blocked, id=38576, stack(0x0000006c7ff00000,0x0000006c80000000) (1024K)]
  0x0000022a30415270 JavaThread "File lock request listener"        [_thread_in_native, id=5904, stack(0x0000006c00000000,0x0000006c00100000) (1024K)]
  0x0000022a30960570 JavaThread "Cache worker for file hash cache (C:\Users\conne\.gradle\caches\9.3.1\fileHashes)"        [_thread_blocked, id=23272, stack(0x0000006c00100000,0x0000006c00200000) (1024K)]
  0x0000022a3095e630 JavaThread "Cache worker for file hash cache (C:\Users\conne\OneDrive\Desktop\MJ-\.gradle\9.3.1\fileHashes)"        [_thread_blocked, id=20392, stack(0x0000006c00200000,0x0000006c00300000) (1024K)]
  0x0000022a3095ee00 JavaThread "Cache worker for checksums cache (C:\Users\conne\OneDrive\Desktop\MJ-\.gradle\9.3.1\checksums)"        [_thread_blocked, id=6440, stack(0x0000006c00400000,0x0000006c00500000) (1024K)]
  0x0000022a30961510 JavaThread "Cache worker for Build Output Cleanup Cache (C:\Users\conne\OneDrive\Desktop\MJ-\.gradle\buildOutputCleanup)"        [_thread_blocked, id=47832, stack(0x0000006c00500000,0x0000006c00600000) (1024K)]
  0x0000022a294bcb00 JavaThread "Cache worker for file content cache (C:\Users\conne\.gradle\caches\9.3.1\fileContent)"        [_thread_blocked, id=51140, stack(0x0000006c00900000,0x0000006c00a00000) (1024K)]
  0x0000022a3310ace0 JavaThread "File watcher server"        daemon [_thread_in_native, id=48036, stack(0x0000006c00800000,0x0000006c00900000) (1024K)]
  0x0000022a3310cc20 JavaThread "File watcher consumer"      daemon [_thread_blocked, id=23608, stack(0x0000006c00a00000,0x0000006c00b00000) (1024K)]
  0x0000022a3310dbc0 JavaThread "Cache worker for cache directory md-supplier (C:\Users\conne\.gradle\caches\9.3.1\md-supplier)"        [_thread_blocked, id=27924, stack(0x0000006c00600000,0x0000006c00700000) (1024K)]
  0x0000022a3310fb00 JavaThread "Cache worker for cache directory md-rule (C:\Users\conne\.gradle\caches\9.3.1\md-rule)"        [_thread_blocked, id=14016, stack(0x0000006c00700000,0x0000006c00800000) (1024K)]
  0x0000022a30963c20 JavaThread "build event listener"              [_thread_blocked, id=46940, stack(0x0000006c00c00000,0x0000006c00d00000) (1024K)]
  0x0000022a32742740 JavaThread "Build operations"                  [_thread_blocked, id=37340, stack(0x0000006c00d00000,0x0000006c00e00000) (1024K)]
  0x0000022a32740800 JavaThread "Memory manager"                    [_thread_blocked, id=15616, stack(0x0000006c00b00000,0x0000006c00c00000) (1024K)]
  0x0000022a32745620 JavaThread "included builds"                   [_thread_blocked, id=38040, stack(0x0000006c01000000,0x0000006c01100000) (1024K)]
  0x0000022a327465c0 JavaThread "Execution worker"                  [_thread_blocked, id=48472, stack(0x0000006c01100000,0x0000006c01200000) (1024K)]
  0x0000022a32746d90 JavaThread "Execution worker Thread 2"         [_thread_blocked, id=33092, stack(0x0000006c01200000,0x0000006c01300000) (1024K)]
  0x0000022a3095d690 JavaThread "Execution worker Thread 3"         [_thread_blocked, id=42608, stack(0x0000006c01300000,0x0000006c01400000) (1024K)]
  0x0000022a31c17ea0 JavaThread "Cache worker for execution history cache (C:\Users\conne\OneDrive\Desktop\MJ-\.gradle\9.3.1\executionHistory)"        [_thread_blocked, id=14736, stack(0x0000006c01400000,0x0000006c01500000) (1024K)]
  0x0000022a31c14fc0 JavaThread "Unconstrained build operations"        [_thread_blocked, id=17084, stack(0x0000006c01500000,0x0000006c01600000) (1024K)]
  0x0000022a31c16730 JavaThread "Unconstrained build operations Thread 2"        [_thread_blocked, id=48964, stack(0x0000006c01600000,0x0000006c01700000) (1024K)]
  0x0000022a31c176d0 JavaThread "Unconstrained build operations Thread 3"        [_thread_blocked, id=11116, stack(0x0000006c01700000,0x0000006c01800000) (1024K)]
  0x0000022a333c6f40 JavaThread "Unconstrained build operations Thread 4"        [_thread_blocked, id=26436, stack(0x0000006c01800000,0x0000006c01900000) (1024K)]
  0x0000022a333c4060 JavaThread "Unconstrained build operations Thread 5"        [_thread_blocked, id=41804, stack(0x0000006c01900000,0x0000006c01a00000) (1024K)]
  0x0000022a333c7710 JavaThread "Unconstrained build operations Thread 6"        [_thread_blocked, id=20008, stack(0x0000006c01a00000,0x0000006c01b00000) (1024K)]
  0x0000022a333c8e80 JavaThread "Unconstrained build operations Thread 7"        [_thread_blocked, id=39716, stack(0x0000006c01b00000,0x0000006c01c00000) (1024K)]
  0x0000022a333c9650 JavaThread "Unconstrained build operations Thread 8"        [_thread_blocked, id=6280, stack(0x0000006c01c00000,0x0000006c01d00000) (1024K)]
  0x0000022a333c5fa0 JavaThread "Unconstrained build operations Thread 9"        [_thread_blocked, id=11904, stack(0x0000006c01d00000,0x0000006c01e00000) (1024K)]
  0x0000022a333ca5f0 JavaThread "Unconstrained build operations Thread 10"        [_thread_blocked, id=19828, stack(0x0000006c01e00000,0x0000006c01f00000) (1024K)]
  0x0000022a333cb590 JavaThread "Unconstrained build operations Thread 11"        [_thread_blocked, id=6912, stack(0x0000006c01f00000,0x0000006c02000000) (1024K)]
  0x0000022a315e7540 JavaThread "Unconstrained build operations Thread 12"        [_thread_blocked, id=34200, stack(0x0000006c02000000,0x0000006c02100000) (1024K)]
  0x0000022a315e8cb0 JavaThread "Unconstrained build operations Thread 13"        [_thread_blocked, id=40436, stack(0x0000006c02100000,0x0000006c02200000) (1024K)]
  0x0000022a315ea420 JavaThread "Unconstrained build operations Thread 14"        [_thread_blocked, id=41148, stack(0x0000006c02200000,0x0000006c02300000) (1024K)]
  0x0000022a315e7d10 JavaThread "Unconstrained build operations Thread 15"        [_thread_blocked, id=20896, stack(0x0000006c02300000,0x0000006c02400000) (1024K)]
  0x0000022a327417a0 JavaThread "Unconstrained build operations Thread 16"        [_thread_blocked, id=35768, stack(0x0000006c02400000,0x0000006c02500000) (1024K)]
  0x0000022a2ec917e0 JavaThread "Unconstrained build operations Thread 17"        [_thread_blocked, id=29140, stack(0x0000006c02600000,0x0000006c02700000) (1024K)]
  0x0000022a304e3960 JavaThread "Unconstrained build operations Thread 18"        [_thread_blocked, id=44588, stack(0x0000006c02700000,0x0000006c02800000) (1024K)]
  0x0000022a304e4900 JavaThread "Unconstrained build operations Thread 19"        [_thread_blocked, id=6436, stack(0x0000006c02800000,0x0000006c02900000) (1024K)]
  0x0000022a304e50d0 JavaThread "Unconstrained build operations Thread 20"        [_thread_blocked, id=9712, stack(0x0000006c02900000,0x0000006c02a00000) (1024K)]
  0x0000022a304e3190 JavaThread "Unconstrained build operations Thread 21"        [_thread_blocked, id=46712, stack(0x0000006c02a00000,0x0000006c02b00000) (1024K)]
  0x0000022a304e29c0 JavaThread "Unconstrained build operations Thread 22"        [_thread_blocked, id=33220, stack(0x0000006c02b00000,0x0000006c02c00000) (1024K)]
  0x0000022a304e8780 JavaThread "Unconstrained build operations Thread 23"        [_thread_blocked, id=47236, stack(0x0000006c02c00000,0x0000006c02d00000) (1024K)]
  0x0000022a304e7fb0 JavaThread "Unconstrained build operations Thread 24"        [_thread_blocked, id=7004, stack(0x0000006c02d00000,0x0000006c02e00000) (1024K)]
  0x0000022a304e7010 JavaThread "Unconstrained build operations Thread 25"        [_thread_blocked, id=26184, stack(0x0000006c02e00000,0x0000006c02f00000) (1024K)]
  0x0000022a296a19d0 JavaThread "Unconstrained build operations Thread 26"        [_thread_blocked, id=43636, stack(0x0000006c00300000,0x0000006c00400000) (1024K)]
  0x0000022a2969fa90 JavaThread "Unconstrained build operations Thread 27"        [_thread_blocked, id=20340, stack(0x0000006c00e00000,0x0000006c00f00000) (1024K)]
  0x0000022a2969e320 JavaThread "Unconstrained build operations Thread 28"        [_thread_blocked, id=3644, stack(0x0000006c00f00000,0x0000006c01000000) (1024K)]
  0x0000022a296a0a30 JavaThread "Unconstrained build operations Thread 29"        [_thread_blocked, id=36272, stack(0x0000006c02500000,0x0000006c02600000) (1024K)]
  0x0000022a2969f2c0 JavaThread "Unconstrained build operations Thread 30"        [_thread_blocked, id=27016, stack(0x0000006c02f00000,0x0000006c03000000) (1024K)]
  0x0000022a296a48b0 JavaThread "Unconstrained build operations Thread 31"        [_thread_blocked, id=4044, stack(0x0000006c03000000,0x0000006c03100000) (1024K)]
  0x0000022a296a6020 JavaThread "Unconstrained build operations Thread 32"        [_thread_blocked, id=33988, stack(0x0000006c03100000,0x0000006c03200000) (1024K)]
  0x0000022a296a3910 JavaThread "Unconstrained build operations Thread 33"        [_thread_blocked, id=27232, stack(0x0000006c03200000,0x0000006c03300000) (1024K)]
  0x0000022a296a5850 JavaThread "Unconstrained build operations Thread 34"        [_thread_blocked, id=49656, stack(0x0000006c03300000,0x0000006c03400000) (1024K)]
  0x0000022a296a96d0 JavaThread "WorkerExecutor Queue"              [_thread_in_vm, id=29144, stack(0x0000006c03500000,0x0000006c03600000) (1024K)]
  0x0000022a296a6fc0 JavaThread "Unconstrained build operations Thread 35"        [_thread_blocked, id=28404, stack(0x0000006c03800000,0x0000006c03900000) (1024K)]
  0x0000022a296ac5b0 JavaThread "Unconstrained build operations Thread 36"        [_thread_blocked, id=20732, stack(0x0000006c03900000,0x0000006c03a00000) (1024K)]
  0x0000022a296ab610 JavaThread "Unconstrained build operations Thread 37"        [_thread_blocked, id=33132, stack(0x0000006c03a00000,0x0000006c03b00000) (1024K)]
  0x0000022a315eabf0 JavaThread "Unconstrained build operations Thread 38"        [_thread_blocked, id=2444, stack(0x0000006c03b00000,0x0000006c03c00000) (1024K)]
  0x0000022a33111270 JavaThread "Unconstrained build operations Thread 39"        [_thread_blocked, id=39780, stack(0x0000006c03c00000,0x0000006c03d00000) (1024K)]
  0x0000022a302910f0 JavaThread "Unconstrained build operations Thread 40"        [_thread_blocked, id=32932, stack(0x0000006c03d00000,0x0000006c03e00000) (1024K)]
  0x0000022a30294f70 JavaThread "Periodic tasks thread"      daemon [_thread_blocked, id=29316, stack(0x0000006c04000000,0x0000006c04100000) (1024K)]
  0x0000022a30295f10 JavaThread "ApplicationImpl pooled thread 1" daemon [_thread_blocked, id=5088, stack(0x0000006c04100000,0x0000006c04200000) (1024K)]
  0x0000022a30292090 JavaThread "Java2D Disposer"            daemon [_thread_blocked, id=46676, stack(0x0000006c03400000,0x0000006c03500000) (1024K)]
  0x0000022a3029b500 JavaThread "AWT-Windows"                daemon [_thread_in_native, id=31676, stack(0x0000006c04300000,0x0000006c04400000) (1024K)]
  0x0000022a3f1a8ed0 JavaThread "File lock release action executor"        [_thread_blocked, id=50688, stack(0x0000006c03e00000,0x0000006c03f00000) (1024K)]
  0x0000022a32c976f0 JavaThread "C1 CompilerThread1"         daemon [_thread_blocked, id=47836, stack(0x0000006c03600000,0x0000006c03700000) (1024K)]
  0x0000022a53e77250 JavaThread "WorkerExecutor Queue Thread 3"        [_thread_blocked, id=36988, stack(0x0000006c03700000,0x0000006c03800000) (1024K)]
  0x0000022a32c9bf80 JavaThread "C2 CompilerThread1"         daemon [_thread_in_native, id=9436, stack(0x0000006c04400000,0x0000006c04500000) (1024K)]
Total: 89

Other Threads:
  0x0000022a28aac580 VMThread "VM Thread"                           [id=21456, stack(0x0000006c7d500000,0x0000006c7d600000) (1024K)]
  0x0000022a28a70620 WatcherThread "VM Periodic Task Thread"        [id=49596, stack(0x0000006c7d400000,0x0000006c7d500000) (1024K)]
  0x0000022a0e2aa200 WorkerThread "GC Thread#0"                     [id=14132, stack(0x0000006c7cf00000,0x0000006c7d000000) (1024K)]
  0x0000022a2e95d740 WorkerThread "GC Thread#1"                     [id=50036, stack(0x0000006c7e500000,0x0000006c7e600000) (1024K)]
  0x0000022a2ec8d460 WorkerThread "GC Thread#2"                     [id=33024, stack(0x0000006c7e600000,0x0000006c7e700000) (1024K)]
  0x0000022a2ec8dca0 WorkerThread "GC Thread#3"                     [id=42140, stack(0x0000006c7e700000,0x0000006c7e800000) (1024K)]
  0x0000022a2ec8e0d0 WorkerThread "GC Thread#4"                     [id=31584, stack(0x0000006c7e800000,0x0000006c7e900000) (1024K)]
  0x0000022a2edd5e80 WorkerThread "GC Thread#5"                     [id=47992, stack(0x0000006c7e400000,0x0000006c7e500000) (1024K)]
  0x0000022a2edd4d40 WorkerThread "GC Thread#6"                     [id=15560, stack(0x0000006c7ef00000,0x0000006c7f000000) (1024K)]
  0x0000022a2eddb070 WorkerThread "GC Thread#7"                     [id=49240, stack(0x0000006c7f000000,0x0000006c7f100000) (1024K)]
  0x0000022a2edd9f30 WorkerThread "GC Thread#8"                     [id=35484, stack(0x0000006c7f100000,0x0000006c7f200000) (1024K)]
  0x0000022a2edd8df0 WorkerThread "GC Thread#9"                     [id=23004, stack(0x0000006c7f200000,0x0000006c7f300000) (1024K)]
  0x0000022a2edd9240 WorkerThread "GC Thread#10"                    [id=29884, stack(0x0000006c7f300000,0x0000006c7f400000) (1024K)]
  0x0000022a2edd9690 WorkerThread "GC Thread#11"                    [id=2460, stack(0x0000006c7f400000,0x0000006c7f500000) (1024K)]
  0x0000022a2edda380 WorkerThread "GC Thread#12"                    [id=15380, stack(0x0000006c7f500000,0x0000006c7f600000) (1024K)]
  0x0000022a2edda7d0 WorkerThread "GC Thread#13"                    [id=42136, stack(0x0000006c7f600000,0x0000006c7f700000) (1024K)]
  0x0000022a0e2c3ae0 ConcurrentGCThread "G1 Main Marker"            [id=39944, stack(0x0000006c7d000000,0x0000006c7d100000) (1024K)]
  0x0000022a0e2c4680 WorkerThread "G1 Conc#0"                       [id=1988, stack(0x0000006c7d100000,0x0000006c7d200000) (1024K)]
  0x0000022a2edd9ae0 WorkerThread "G1 Conc#1"                       [id=3568, stack(0x0000006c7f700000,0x0000006c7f800000) (1024K)]
  0x0000022a2eddac20 WorkerThread "G1 Conc#2"                       [id=47092, stack(0x0000006c7f800000,0x0000006c7f900000) (1024K)]
  0x0000022a2e499910 WorkerThread "G1 Conc#3"                       [id=16252, stack(0x0000006c7f900000,0x0000006c7fa00000) (1024K)]
  0x0000022a2893b430 ConcurrentGCThread "G1 Refine#0"               [id=27220, stack(0x0000006c7d200000,0x0000006c7d300000) (1024K)]
  0x0000022a2893fe60 ConcurrentGCThread "G1 Service"                [id=11380, stack(0x0000006c7d300000,0x0000006c7d400000) (1024K)]
Total: 23

Threads with active compile tasks:
C2 CompilerThread0  128279 43017       4       com.google.common.collect.ImmutableSortedSet::copyOf (49 bytes)
C2 CompilerThread1  128280 43049       4       org.gradle.internal.tools.api.impl.MethodMember::compareTo (9 bytes)
Total: 2

VM state: not at safepoint (normal execution)

VM Mutex/Monitor currently owned by a thread: None

Heap address: 0x0000000700000000, size: 4096 MB, Compressed Oops mode: Zero based, Oop shift amount: 3

CDS archive(s) not mapped
Compressed class space mapped at: 0x00000000bb000000-0x00000000fb000000, reserved size: 1073741824
UseCompressedClassPointers 1, UseCompactObjectHeaders 0
Narrow klass pointer bits 32, Max shift 3
Narrow klass base: 0x0000000000000000, Narrow klass shift: 0
Encoding Range: [0x0000000000000000 - 0x0000000100000000), (4294967296 bytes)
Klass Range:    [0x00000000bb000000 - 0x00000000fb000000), (1073741824 bytes)
Klass ID Range:  [3137339392 - 4211081209) (1073741817)
No protection zone.

GC Precious Log:
 CardTable entry size: 512
 Card Set container configuration: InlinePtr #cards 4 size 8 Array Of Cards #cards 16 size 48 Howl #buckets 8 coarsen threshold 3686 Howl Bitmap #cards 512 size 80 coarsen threshold 460 Card regions per heap region 1 cards per card region 4096
 CPUs: 18 total, 18 available
 Memory: 15805M
 Large Page Support: Disabled
 NUMA Support: Disabled
 Compressed Oops: Enabled (Zero based)
 Heap Region Size: 2M
 Heap Min Capacity: 8M
 Heap Initial Capacity: 248M
 Heap Max Capacity: 4G
 Pre-touch: Disabled
 Parallel Workers: 14
 Concurrent Workers: 4
 Concurrent Refinement Workers: 14
 Periodic GC: Disabled

Heap:
 garbage-first heap   total reserved 4194304K, committed 835584K, used 559361K [0x0000000700000000, 0x0000000800000000)
  region size 2048K, 83 young (169984K), 7 survivors (14336K)

Heap Regions: E=young(eden), S=young(survivor), O=old, HS=humongous(starts), HC=humongous(continues), CS=collection set, F=free, TAMS=top-at-mark-start, PB=parsable bottom
|   0|0x0000000700000000, 0x0000000700200000, 0x0000000700200000|100%|HS|  |TAMS 0x0000000700000000| PB 0x0000000700000000| Complete |  0
|   1|0x0000000700200000, 0x0000000700400000, 0x0000000700400000|100%|HC|  |TAMS 0x0000000700200000| PB 0x0000000700200000| Complete |  0
|   2|0x0000000700400000, 0x0000000700600000, 0x0000000700600000|100%| O|  |TAMS 0x0000000700400000| PB 0x0000000700400000| Untracked |  0
|   3|0x0000000700600000, 0x0000000700800000, 0x0000000700800000|100%| O|  |TAMS 0x0000000700600000| PB 0x0000000700600000| Untracked |  0
|   4|0x0000000700800000, 0x0000000700a00000, 0x0000000700a00000|100%| O|  |TAMS 0x0000000700800000| PB 0x0000000700800000| Untracked |  0
|   5|0x0000000700a00000, 0x0000000700c00000, 0x0000000700c00000|100%| O|  |TAMS 0x0000000700a00000| PB 0x0000000700a00000| Untracked |  0
|   6|0x0000000700c00000, 0x0000000700e00000, 0x0000000700e00000|100%| O|  |TAMS 0x0000000700c00000| PB 0x0000000700c00000| Untracked |  0
|   7|0x0000000700e00000, 0x0000000701000000, 0x0000000701000000|100%| O|  |TAMS 0x0000000700e00000| PB 0x0000000700e00000| Untracked |  0
|   8|0x0000000701000000, 0x0000000701200000, 0x0000000701200000|100%|HS|  |TAMS 0x0000000701000000| PB 0x0000000701000000| Complete |  0
|   9|0x0000000701200000, 0x0000000701400000, 0x0000000701400000|100%|HS|  |TAMS 0x0000000701200000| PB 0x0000000701200000| Complete |  0
|  10|0x0000000701400000, 0x0000000701600000, 0x0000000701600000|100%| O|  |TAMS 0x0000000701400000| PB 0x0000000701400000| Untracked |  0
|  11|0x0000000701600000, 0x0000000701800000, 0x0000000701800000|100%| O|  |TAMS 0x0000000701600000| PB 0x0000000701600000| Untracked |  0
|  12|0x0000000701800000, 0x0000000701a00000, 0x0000000701a00000|100%| O|  |TAMS 0x0000000701800000| PB 0x0000000701800000| Untracked |  0
|  13|0x0000000701a00000, 0x0000000701c00000, 0x0000000701c00000|100%| O|  |TAMS 0x0000000701a00000| PB 0x0000000701a00000| Untracked |  0
|  14|0x0000000701c00000, 0x0000000701c00000, 0x0000000701e00000|  0%| F|  |TAMS 0x0000000701c00000| PB 0x0000000701c00000| Untracked |  0
|  15|0x0000000701e00000, 0x0000000702000000, 0x0000000702000000|100%| O|  |TAMS 0x0000000701e00000| PB 0x0000000701e00000| Untracked |  0
|  16|0x0000000702000000, 0x0000000702200000, 0x0000000702200000|100%| O|  |TAMS 0x0000000702000000| PB 0x0000000702000000| Untracked |  0
|  17|0x0000000702200000, 0x0000000702400000, 0x0000000702400000|100%| O|  |TAMS 0x0000000702200000| PB 0x0000000702200000| Untracked |  0
|  18|0x0000000702400000, 0x0000000702600000, 0x0000000702600000|100%| O|  |TAMS 0x0000000702400000| PB 0x0000000702400000| Untracked |  0
|  19|0x0000000702600000, 0x0000000702800000, 0x0000000702800000|100%| O|  |TAMS 0x0000000702600000| PB 0x0000000702600000| Untracked |  0
|  20|0x0000000702800000, 0x0000000702a00000, 0x0000000702a00000|100%| O|  |TAMS 0x0000000702800000| PB 0x0000000702800000| Untracked |  0
|  21|0x0000000702a00000, 0x0000000702c00000, 0x0000000702c00000|100%| O|  |TAMS 0x0000000702a00000| PB 0x0000000702a00000| Untracked |  0
|  22|0x0000000702c00000, 0x0000000702e00000, 0x0000000702e00000|100%| O|  |TAMS 0x0000000702c00000| PB 0x0000000702c00000| Untracked |  0
|  23|0x0000000702e00000, 0x0000000703000000, 0x0000000703000000|100%| O|  |TAMS 0x0000000702e00000| PB 0x0000000702e00000| Untracked |  0
|  24|0x0000000703000000, 0x0000000703200000, 0x0000000703200000|100%| O|  |TAMS 0x0000000703000000| PB 0x0000000703000000| Untracked |  0
|  25|0x0000000703200000, 0x0000000703400000, 0x0000000703400000|100%| O|  |TAMS 0x0000000703200000| PB 0x0000000703200000| Untracked |  0
|  26|0x0000000703400000, 0x0000000703600000, 0x0000000703600000|100%| O|  |TAMS 0x0000000703400000| PB 0x0000000703400000| Untracked |  0
|  27|0x0000000703600000, 0x0000000703800000, 0x0000000703800000|100%|HS|  |TAMS 0x0000000703600000| PB 0x0000000703600000| Complete |  0
|  28|0x0000000703800000, 0x0000000703a00000, 0x0000000703a00000|100%|HC|  |TAMS 0x0000000703800000| PB 0x0000000703800000| Complete |  0
|  29|0x0000000703a00000, 0x0000000703c00000, 0x0000000703c00000|100%| O|  |TAMS 0x0000000703a00000| PB 0x0000000703a00000| Untracked |  0
|  30|0x0000000703c00000, 0x0000000703e00000, 0x0000000703e00000|100%| O|  |TAMS 0x0000000703c00000| PB 0x0000000703c00000| Untracked |  0
|  31|0x0000000703e00000, 0x0000000704000000, 0x0000000704000000|100%| O|  |TAMS 0x0000000703e00000| PB 0x0000000703e00000| Untracked |  0
|  32|0x0000000704000000, 0x0000000704200000, 0x0000000704200000|100%| O|  |TAMS 0x0000000704000000| PB 0x0000000704000000| Untracked |  0
|  33|0x0000000704200000, 0x0000000704400000, 0x0000000704400000|100%| O|  |TAMS 0x0000000704200000| PB 0x0000000704200000| Untracked |  0
|  34|0x0000000704400000, 0x0000000704600000, 0x0000000704600000|100%| O|  |TAMS 0x0000000704400000| PB 0x0000000704400000| Untracked |  0
|  35|0x0000000704600000, 0x0000000704800000, 0x0000000704800000|100%| O|  |TAMS 0x0000000704600000| PB 0x0000000704600000| Untracked |  0
|  36|0x0000000704800000, 0x0000000704a00000, 0x0000000704a00000|100%| O|  |TAMS 0x0000000704800000| PB 0x0000000704800000| Untracked |  0
|  37|0x0000000704a00000, 0x0000000704c00000, 0x0000000704c00000|100%| O|  |TAMS 0x0000000704a00000| PB 0x0000000704a00000| Untracked |  0
|  38|0x0000000704c00000, 0x0000000704e00000, 0x0000000704e00000|100%| O|  |TAMS 0x0000000704c00000| PB 0x0000000704c00000| Untracked |  0
|  39|0x0000000704e00000, 0x0000000705000000, 0x0000000705000000|100%| O|  |TAMS 0x0000000704e00000| PB 0x0000000704e00000| Untracked |  0
|  40|0x0000000705000000, 0x0000000705200000, 0x0000000705200000|100%| O|  |TAMS 0x0000000705000000| PB 0x0000000705000000| Untracked |  0
|  41|0x0000000705200000, 0x0000000705400000, 0x0000000705400000|100%| O|  |TAMS 0x0000000705200000| PB 0x0000000705200000| Untracked |  0
|  42|0x0000000705400000, 0x0000000705600000, 0x0000000705600000|100%| O|  |TAMS 0x0000000705400000| PB 0x0000000705400000| Untracked |  0
|  43|0x0000000705600000, 0x0000000705800000, 0x0000000705800000|100%| O|  |TAMS 0x0000000705600000| PB 0x0000000705600000| Untracked |  0
|  44|0x0000000705800000, 0x0000000705a00000, 0x0000000705a00000|100%| O|  |TAMS 0x0000000705800000| PB 0x0000000705800000| Untracked |  0
|  45|0x0000000705a00000, 0x0000000705c00000, 0x0000000705c00000|100%| O|  |TAMS 0x0000000705a00000| PB 0x0000000705a00000| Untracked |  0
|  46|0x0000000705c00000, 0x0000000705e00000, 0x0000000705e00000|100%| O|  |TAMS 0x0000000705c00000| PB 0x0000000705c00000| Untracked |  0
|  47|0x0000000705e00000, 0x0000000706000000, 0x0000000706000000|100%| O|  |TAMS 0x0000000705e00000| PB 0x0000000705e00000| Untracked |  0
|  48|0x0000000706000000, 0x0000000706200000, 0x0000000706200000|100%| O|  |TAMS 0x0000000706000000| PB 0x0000000706000000| Untracked |  0
|  49|0x0000000706200000, 0x0000000706400000, 0x0000000706400000|100%| O|  |TAMS 0x0000000706200000| PB 0x0000000706200000| Untracked |  0
|  50|0x0000000706400000, 0x0000000706600000, 0x0000000706600000|100%| O|  |TAMS 0x0000000706400000| PB 0x0000000706400000| Untracked |  0
|  51|0x0000000706600000, 0x0000000706800000, 0x0000000706800000|100%| O|  |TAMS 0x0000000706600000| PB 0x0000000706600000| Untracked |  0
|  52|0x0000000706800000, 0x0000000706a00000, 0x0000000706a00000|100%| O|  |TAMS 0x0000000706800000| PB 0x0000000706800000| Untracked |  0
|  53|0x0000000706a00000, 0x0000000706c00000, 0x0000000706c00000|100%| O|  |TAMS 0x0000000706a00000| PB 0x0000000706a00000| Untracked |  0
|  54|0x0000000706c00000, 0x0000000706e00000, 0x0000000706e00000|100%| O|  |TAMS 0x0000000706c00000| PB 0x0000000706c00000| Untracked |  0
|  55|0x0000000706e00000, 0x0000000707000000, 0x0000000707000000|100%| O|  |TAMS 0x0000000706e00000| PB 0x0000000706e00000| Untracked |  0
|  56|0x0000000707000000, 0x0000000707200000, 0x0000000707200000|100%| O|  |TAMS 0x0000000707000000| PB 0x0000000707000000| Untracked |  0
|  57|0x0000000707200000, 0x0000000707400000, 0x0000000707400000|100%| O|  |TAMS 0x0000000707200000| PB 0x0000000707200000| Untracked |  0
|  58|0x0000000707400000, 0x0000000707600000, 0x0000000707600000|100%| O|  |TAMS 0x0000000707400000| PB 0x0000000707400000| Untracked |  0
|  59|0x0000000707600000, 0x0000000707600000, 0x0000000707800000|  0%| F|  |TAMS 0x0000000707600000| PB 0x0000000707600000| Untracked |  0
|  60|0x0000000707800000, 0x0000000707a00000, 0x0000000707a00000|100%| O|  |TAMS 0x0000000707800000| PB 0x0000000707800000| Untracked |  0
|  61|0x0000000707a00000, 0x0000000707c00000, 0x0000000707c00000|100%| O|  |TAMS 0x0000000707a00000| PB 0x0000000707a00000| Untracked |  0
|  62|0x0000000707c00000, 0x0000000707e00000, 0x0000000707e00000|100%| O|  |TAMS 0x0000000707c00000| PB 0x0000000707c00000| Untracked |  0
|  63|0x0000000707e00000, 0x0000000708000000, 0x0000000708000000|100%|HS|  |TAMS 0x0000000707e00000| PB 0x0000000707e00000| Complete |  0
|  64|0x0000000708000000, 0x0000000708200000, 0x0000000708200000|100%|HC|  |TAMS 0x0000000708000000| PB 0x0000000708000000| Complete |  0
|  65|0x0000000708200000, 0x0000000708400000, 0x0000000708400000|100%| O|  |TAMS 0x0000000708200000| PB 0x0000000708200000| Untracked |  0
|  66|0x0000000708400000, 0x0000000708600000, 0x0000000708600000|100%| O|  |TAMS 0x0000000708400000| PB 0x0000000708400000| Untracked |  0
|  67|0x0000000708600000, 0x0000000708800000, 0x0000000708800000|100%| O|  |TAMS 0x0000000708600000| PB 0x0000000708600000| Untracked |  0
|  68|0x0000000708800000, 0x0000000708a00000, 0x0000000708a00000|100%| O|  |TAMS 0x0000000708800000| PB 0x0000000708800000| Untracked |  0
|  69|0x0000000708a00000, 0x0000000708c00000, 0x0000000708c00000|100%| O|  |TAMS 0x0000000708a00000| PB 0x0000000708a00000| Untracked |  0
|  70|0x0000000708c00000, 0x0000000708e00000, 0x0000000708e00000|100%| O|  |TAMS 0x0000000708c00000| PB 0x0000000708c00000| Untracked |  0
|  71|0x0000000708e00000, 0x0000000709000000, 0x0000000709000000|100%| O|  |TAMS 0x0000000708e00000| PB 0x0000000708e00000| Untracked |  0
|  72|0x0000000709000000, 0x0000000709200000, 0x0000000709200000|100%| O|  |TAMS 0x0000000709000000| PB 0x0000000709000000| Untracked |  0
|  73|0x0000000709200000, 0x0000000709400000, 0x0000000709400000|100%| O|  |TAMS 0x0000000709200000| PB 0x0000000709200000| Untracked |  0
|  74|0x0000000709400000, 0x0000000709600000, 0x0000000709600000|100%| O|  |TAMS 0x0000000709400000| PB 0x0000000709400000| Untracked |  0
|  75|0x0000000709600000, 0x0000000709800000, 0x0000000709800000|100%| O|  |TAMS 0x0000000709600000| PB 0x0000000709600000| Untracked |  0
|  76|0x0000000709800000, 0x0000000709a00000, 0x0000000709a00000|100%| O|  |TAMS 0x0000000709800000| PB 0x0000000709800000| Untracked |  0
|  77|0x0000000709a00000, 0x0000000709c00000, 0x0000000709c00000|100%| O|  |TAMS 0x0000000709a00000| PB 0x0000000709a00000| Untracked |  0
|  78|0x0000000709c00000, 0x0000000709e00000, 0x0000000709e00000|100%| O|  |TAMS 0x0000000709c00000| PB 0x0000000709c00000| Untracked |  0
|  79|0x0000000709e00000, 0x000000070a000000, 0x000000070a000000|100%| O|  |TAMS 0x0000000709e00000| PB 0x0000000709e00000| Untracked |  0
|  80|0x000000070a000000, 0x000000070a200000, 0x000000070a200000|100%| O|  |TAMS 0x000000070a000000| PB 0x000000070a000000| Untracked |  0
|  81|0x000000070a200000, 0x000000070a400000, 0x000000070a400000|100%| O|  |TAMS 0x000000070a200000| PB 0x000000070a200000| Untracked |  0
|  82|0x000000070a400000, 0x000000070a600000, 0x000000070a600000|100%| O|  |TAMS 0x000000070a400000| PB 0x000000070a400000| Untracked |  0
|  83|0x000000070a600000, 0x000000070a800000, 0x000000070a800000|100%| O|  |TAMS 0x000000070a600000| PB 0x000000070a600000| Untracked |  0
|  84|0x000000070a800000, 0x000000070aa00000, 0x000000070aa00000|100%| O|  |TAMS 0x000000070a800000| PB 0x000000070a800000| Untracked |  0
|  85|0x000000070aa00000, 0x000000070ac00000, 0x000000070ac00000|100%| O|  |TAMS 0x000000070aa00000| PB 0x000000070aa00000| Untracked |  0
|  86|0x000000070ac00000, 0x000000070ae00000, 0x000000070ae00000|100%| O|  |TAMS 0x000000070ac00000| PB 0x000000070ac00000| Untracked |  0
|  87|0x000000070ae00000, 0x000000070b000000, 0x000000070b000000|100%| O|  |TAMS 0x000000070ae00000| PB 0x000000070ae00000| Untracked |  0
|  88|0x000000070b000000, 0x000000070b200000, 0x000000070b200000|100%| O|  |TAMS 0x000000070b000000| PB 0x000000070b000000| Untracked |  0
|  89|0x000000070b200000, 0x000000070b400000, 0x000000070b400000|100%| O|  |TAMS 0x000000070b200000| PB 0x000000070b200000| Untracked |  0
|  90|0x000000070b400000, 0x000000070b600000, 0x000000070b600000|100%| O|  |TAMS 0x000000070b400000| PB 0x000000070b400000| Untracked |  0
|  91|0x000000070b600000, 0x000000070b800000, 0x000000070b800000|100%| O|  |TAMS 0x000000070b600000| PB 0x000000070b600000| Untracked |  0
|  92|0x000000070b800000, 0x000000070ba00000, 0x000000070ba00000|100%| O|  |TAMS 0x000000070b800000| PB 0x000000070b800000| Untracked |  0
|  93|0x000000070ba00000, 0x000000070bc00000, 0x000000070bc00000|100%| O|  |TAMS 0x000000070ba00000| PB 0x000000070ba00000| Untracked |  0
|  94|0x000000070bc00000, 0x000000070be00000, 0x000000070be00000|100%| O|  |TAMS 0x000000070bc00000| PB 0x000000070bc00000| Untracked |  0
|  95|0x000000070be00000, 0x000000070c000000, 0x000000070c000000|100%| O|  |TAMS 0x000000070be00000| PB 0x000000070be00000| Untracked |  0
|  96|0x000000070c000000, 0x000000070c200000, 0x000000070c200000|100%| O|  |TAMS 0x000000070c000000| PB 0x000000070c000000| Untracked |  0
|  97|0x000000070c200000, 0x000000070c400000, 0x000000070c400000|100%| O|  |TAMS 0x000000070c200000| PB 0x000000070c200000| Untracked |  0
|  98|0x000000070c400000, 0x000000070c600000, 0x000000070c600000|100%| O|  |TAMS 0x000000070c400000| PB 0x000000070c400000| Untracked |  0
|  99|0x000000070c600000, 0x000000070c800000, 0x000000070c800000|100%| O|  |TAMS 0x000000070c600000| PB 0x000000070c600000| Untracked |  0
| 100|0x000000070c800000, 0x000000070ca00000, 0x000000070ca00000|100%| O|  |TAMS 0x000000070c800000| PB 0x000000070c800000| Untracked |  0
| 101|0x000000070ca00000, 0x000000070cc00000, 0x000000070cc00000|100%| O|  |TAMS 0x000000070ca00000| PB 0x000000070ca00000| Untracked |  0
| 102|0x000000070cc00000, 0x000000070ce00000, 0x000000070ce00000|100%| O|  |TAMS 0x000000070cc00000| PB 0x000000070cc00000| Untracked |  0
| 103|0x000000070ce00000, 0x000000070d000000, 0x000000070d000000|100%| O|  |TAMS 0x000000070ce00000| PB 0x000000070ce00000| Untracked |  0
| 104|0x000000070d000000, 0x000000070d200000, 0x000000070d200000|100%| O|  |TAMS 0x000000070d000000| PB 0x000000070d000000| Untracked |  0
| 105|0x000000070d200000, 0x000000070d400000, 0x000000070d400000|100%| O|  |TAMS 0x000000070d200000| PB 0x000000070d200000| Untracked |  0
| 106|0x000000070d400000, 0x000000070d600000, 0x000000070d600000|100%| O|  |TAMS 0x000000070d400000| PB 0x000000070d400000| Untracked |  0
| 107|0x000000070d600000, 0x000000070d800000, 0x000000070d800000|100%| O|  |TAMS 0x000000070d600000| PB 0x000000070d600000| Untracked |  0
| 108|0x000000070d800000, 0x000000070da00000, 0x000000070da00000|100%| O|  |TAMS 0x000000070d800000| PB 0x000000070d800000| Untracked |  0
| 109|0x000000070da00000, 0x000000070dc00000, 0x000000070dc00000|100%| O|Cm|TAMS 0x000000070da00000| PB 0x000000070da00000| Complete |  0
| 110|0x000000070dc00000, 0x000000070de00000, 0x000000070de00000|100%| O|  |TAMS 0x000000070dc00000| PB 0x000000070dc00000| Untracked |  0
| 111|0x000000070de00000, 0x000000070e000000, 0x000000070e000000|100%| O|  |TAMS 0x000000070de00000| PB 0x000000070de00000| Untracked |  0
| 112|0x000000070e000000, 0x000000070e200000, 0x000000070e200000|100%| O|  |TAMS 0x000000070e000000| PB 0x000000070e000000| Untracked |  0
| 113|0x000000070e200000, 0x000000070e400000, 0x000000070e400000|100%| O|  |TAMS 0x000000070e200000| PB 0x000000070e200000| Untracked |  0
| 114|0x000000070e400000, 0x000000070e600000, 0x000000070e600000|100%| O|  |TAMS 0x000000070e400000| PB 0x000000070e400000| Untracked |  0
| 115|0x000000070e600000, 0x000000070e800000, 0x000000070e800000|100%| O|  |TAMS 0x000000070e600000| PB 0x000000070e600000| Untracked |  0
| 116|0x000000070e800000, 0x000000070ea00000, 0x000000070ea00000|100%| O|  |TAMS 0x000000070e800000| PB 0x000000070e800000| Untracked |  0
| 117|0x000000070ea00000, 0x000000070ec00000, 0x000000070ec00000|100%| O|  |TAMS 0x000000070ea00000| PB 0x000000070ea00000| Untracked |  0
| 118|0x000000070ec00000, 0x000000070ee00000, 0x000000070ee00000|100%| O|  |TAMS 0x000000070ec00000| PB 0x000000070ec00000| Untracked |  0
| 119|0x000000070ee00000, 0x000000070f000000, 0x000000070f000000|100%| O|  |TAMS 0x000000070ee00000| PB 0x000000070ee00000| Untracked |  0
| 120|0x000000070f000000, 0x000000070f200000, 0x000000070f200000|100%| O|  |TAMS 0x000000070f000000| PB 0x000000070f000000| Untracked |  0
| 121|0x000000070f200000, 0x000000070f400000, 0x000000070f400000|100%| O|Cm|TAMS 0x000000070f200000| PB 0x000000070f200000| Complete |  0
| 122|0x000000070f400000, 0x000000070f600000, 0x000000070f600000|100%| O|  |TAMS 0x000000070f400000| PB 0x000000070f400000| Untracked |  0
| 123|0x000000070f600000, 0x000000070f800000, 0x000000070f800000|100%| O|  |TAMS 0x000000070f600000| PB 0x000000070f600000| Untracked |  0
| 124|0x000000070f800000, 0x000000070fa00000, 0x000000070fa00000|100%| O|  |TAMS 0x000000070f800000| PB 0x000000070f800000| Untracked |  0
| 125|0x000000070fa00000, 0x000000070fc00000, 0x000000070fc00000|100%| O|  |TAMS 0x000000070fa00000| PB 0x000000070fa00000| Untracked |  0
| 126|0x000000070fc00000, 0x000000070fe00000, 0x000000070fe00000|100%| O|  |TAMS 0x000000070fc00000| PB 0x000000070fc00000| Untracked |  0
| 127|0x000000070fe00000, 0x0000000710000000, 0x0000000710000000|100%| O|  |TAMS 0x000000070fe00000| PB 0x000000070fe00000| Untracked |  0
| 128|0x0000000710000000, 0x0000000710200000, 0x0000000710200000|100%| O|  |TAMS 0x0000000710000000| PB 0x0000000710000000| Untracked |  0
| 129|0x0000000710200000, 0x0000000710400000, 0x0000000710400000|100%| O|  |TAMS 0x0000000710200000| PB 0x0000000710200000| Untracked |  0
| 130|0x0000000710400000, 0x0000000710600000, 0x0000000710600000|100%| O|  |TAMS 0x0000000710400000| PB 0x0000000710400000| Untracked |  0
| 131|0x0000000710600000, 0x0000000710600000, 0x0000000710800000|  0%| F|  |TAMS 0x0000000710600000| PB 0x0000000710600000| Untracked |  0
| 132|0x0000000710800000, 0x0000000710a00000, 0x0000000710a00000|100%| O|  |TAMS 0x0000000710800000| PB 0x0000000710800000| Untracked |  0
| 133|0x0000000710a00000, 0x0000000710c00000, 0x0000000710c00000|100%| O|  |TAMS 0x0000000710a00000| PB 0x0000000710a00000| Untracked |  0
| 134|0x0000000710c00000, 0x0000000710e00000, 0x0000000710e00000|100%| O|  |TAMS 0x0000000710c00000| PB 0x0000000710c00000| Untracked |  0
| 135|0x0000000710e00000, 0x0000000711000000, 0x0000000711000000|100%| O|  |TAMS 0x0000000710e00000| PB 0x0000000710e00000| Untracked |  0
| 136|0x0000000711000000, 0x0000000711200000, 0x0000000711200000|100%| O|  |TAMS 0x0000000711000000| PB 0x0000000711000000| Untracked |  0
| 137|0x0000000711200000, 0x0000000711400000, 0x0000000711400000|100%| O|  |TAMS 0x0000000711200000| PB 0x0000000711200000| Untracked |  0
| 138|0x0000000711400000, 0x0000000711600000, 0x0000000711600000|100%| O|  |TAMS 0x0000000711400000| PB 0x0000000711400000| Untracked |  0
| 139|0x0000000711600000, 0x0000000711800000, 0x0000000711800000|100%| O|  |TAMS 0x0000000711600000| PB 0x0000000711600000| Untracked |  0
| 140|0x0000000711800000, 0x0000000711a00000, 0x0000000711a00000|100%| O|  |TAMS 0x0000000711800000| PB 0x0000000711800000| Untracked |  0
| 141|0x0000000711a00000, 0x0000000711c00000, 0x0000000711c00000|100%| O|  |TAMS 0x0000000711a00000| PB 0x0000000711a00000| Untracked |  0
| 142|0x0000000711c00000, 0x0000000711e00000, 0x0000000711e00000|100%| O|  |TAMS 0x0000000711c00000| PB 0x0000000711c00000| Untracked |  0
| 143|0x0000000711e00000, 0x0000000712000000, 0x0000000712000000|100%| O|  |TAMS 0x0000000711e00000| PB 0x0000000711e00000| Untracked |  0
| 144|0x0000000712000000, 0x0000000712200000, 0x0000000712200000|100%| O|  |TAMS 0x0000000712000000| PB 0x0000000712000000| Untracked |  0
| 145|0x0000000712200000, 0x0000000712400000, 0x0000000712400000|100%| O|  |TAMS 0x0000000712200000| PB 0x0000000712200000| Untracked |  0
| 146|0x0000000712400000, 0x0000000712600000, 0x0000000712600000|100%| O|  |TAMS 0x0000000712400000| PB 0x0000000712400000| Untracked |  0
| 147|0x0000000712600000, 0x0000000712800000, 0x0000000712800000|100%| O|  |TAMS 0x0000000712600000| PB 0x0000000712600000| Untracked |  0
| 148|0x0000000712800000, 0x0000000712a00000, 0x0000000712a00000|100%| O|  |TAMS 0x0000000712800000| PB 0x0000000712800000| Untracked |  0
| 149|0x0000000712a00000, 0x0000000712c00000, 0x0000000712c00000|100%| O|  |TAMS 0x0000000712a00000| PB 0x0000000712a00000| Untracked |  0
| 150|0x0000000712c00000, 0x0000000712e00000, 0x0000000712e00000|100%| O|  |TAMS 0x0000000712c00000| PB 0x0000000712c00000| Untracked |  0
| 151|0x0000000712e00000, 0x0000000713000000, 0x0000000713000000|100%| O|  |TAMS 0x0000000712e00000| PB 0x0000000712e00000| Untracked |  0
| 152|0x0000000713000000, 0x0000000713000000, 0x0000000713200000|  0%| F|  |TAMS 0x0000000713000000| PB 0x0000000713000000| Untracked |  0
| 153|0x0000000713200000, 0x0000000713400000, 0x0000000713400000|100%| O|  |TAMS 0x0000000713200000| PB 0x0000000713200000| Untracked |  0
| 154|0x0000000713400000, 0x0000000713600000, 0x0000000713600000|100%| O|  |TAMS 0x0000000713400000| PB 0x0000000713400000| Untracked |  0
| 155|0x0000000713600000, 0x0000000713800000, 0x0000000713800000|100%| O|  |TAMS 0x0000000713600000| PB 0x0000000713600000| Untracked |  0
| 156|0x0000000713800000, 0x0000000713a00000, 0x0000000713a00000|100%| O|  |TAMS 0x0000000713800000| PB 0x0000000713800000| Untracked |  0
| 157|0x0000000713a00000, 0x0000000713c00000, 0x0000000713c00000|100%| O|  |TAMS 0x0000000713a00000| PB 0x0000000713a00000| Untracked |  0
| 158|0x0000000713c00000, 0x0000000713e00000, 0x0000000713e00000|100%| O|  |TAMS 0x0000000713c00000| PB 0x0000000713c00000| Untracked |  0
| 159|0x0000000713e00000, 0x0000000714000000, 0x0000000714000000|100%| O|  |TAMS 0x0000000713e00000| PB 0x0000000713e00000| Untracked |  0
| 160|0x0000000714000000, 0x0000000714200000, 0x0000000714200000|100%| O|  |TAMS 0x0000000714000000| PB 0x0000000714000000| Untracked |  0
| 161|0x0000000714200000, 0x0000000714400000, 0x0000000714400000|100%| O|  |TAMS 0x0000000714200000| PB 0x0000000714200000| Untracked |  0
| 162|0x0000000714400000, 0x0000000714600000, 0x0000000714600000|100%| O|  |TAMS 0x0000000714400000| PB 0x0000000714400000| Untracked |  0
| 163|0x0000000714600000, 0x0000000714800000, 0x0000000714800000|100%| O|Cm|TAMS 0x0000000714600000| PB 0x0000000714600000| Complete |  0
| 164|0x0000000714800000, 0x0000000714a00000, 0x0000000714a00000|100%| O|  |TAMS 0x0000000714800000| PB 0x0000000714800000| Untracked |  0
| 165|0x0000000714a00000, 0x0000000714c00000, 0x0000000714c00000|100%| O|  |TAMS 0x0000000714a00000| PB 0x0000000714a00000| Untracked |  0
| 166|0x0000000714c00000, 0x0000000714e00000, 0x0000000714e00000|100%| O|  |TAMS 0x0000000714c00000| PB 0x0000000714c00000| Untracked |  0
| 167|0x0000000714e00000, 0x0000000715000000, 0x0000000715000000|100%| O|  |TAMS 0x0000000714e00000| PB 0x0000000714e00000| Untracked |  0
| 168|0x0000000715000000, 0x0000000715200000, 0x0000000715200000|100%| O|  |TAMS 0x0000000715000000| PB 0x0000000715000000| Untracked |  0
| 169|0x0000000715200000, 0x0000000715400000, 0x0000000715400000|100%| O|  |TAMS 0x0000000715200000| PB 0x0000000715200000| Untracked |  0
| 170|0x0000000715400000, 0x0000000715600000, 0x0000000715600000|100%| O|  |TAMS 0x0000000715400000| PB 0x0000000715400000| Untracked |  0
| 171|0x0000000715600000, 0x0000000715600000, 0x0000000715800000|  0%| F|  |TAMS 0x0000000715600000| PB 0x0000000715600000| Untracked |  0
| 172|0x0000000715800000, 0x0000000715800000, 0x0000000715a00000|  0%| F|  |TAMS 0x0000000715800000| PB 0x0000000715800000| Untracked |  0
| 173|0x0000000715a00000, 0x0000000715c00000, 0x0000000715c00000|100%| O|  |TAMS 0x0000000715a00000| PB 0x0000000715a00000| Untracked |  0
| 174|0x0000000715c00000, 0x0000000715c00000, 0x0000000715e00000|  0%| F|  |TAMS 0x0000000715c00000| PB 0x0000000715c00000| Untracked |  0
| 175|0x0000000715e00000, 0x0000000716000000, 0x0000000716000000|100%| O|  |TAMS 0x0000000715e00000| PB 0x0000000715e00000| Untracked |  0
| 176|0x0000000716000000, 0x0000000716200000, 0x0000000716200000|100%| O|  |TAMS 0x0000000716000000| PB 0x0000000716000000| Untracked |  0
| 177|0x0000000716200000, 0x0000000716400000, 0x0000000716400000|100%| O|  |TAMS 0x0000000716200000| PB 0x0000000716200000| Untracked |  0
| 178|0x0000000716400000, 0x0000000716600000, 0x0000000716600000|100%| O|  |TAMS 0x0000000716400000| PB 0x0000000716400000| Untracked |  0
| 179|0x0000000716600000, 0x0000000716800000, 0x0000000716800000|100%| O|  |TAMS 0x0000000716600000| PB 0x0000000716600000| Untracked |  0
| 180|0x0000000716800000, 0x0000000716a00000, 0x0000000716a00000|100%| O|  |TAMS 0x0000000716800000| PB 0x0000000716800000| Untracked |  0
| 181|0x0000000716a00000, 0x0000000716c00000, 0x0000000716c00000|100%| O|  |TAMS 0x0000000716a00000| PB 0x0000000716a00000| Untracked |  0
| 182|0x0000000716c00000, 0x0000000716e00000, 0x0000000716e00000|100%| O|  |TAMS 0x0000000716c00000| PB 0x0000000716c00000| Untracked |  0
| 183|0x0000000716e00000, 0x0000000717000000, 0x0000000717000000|100%| O|  |TAMS 0x0000000716e00000| PB 0x0000000716e00000| Untracked |  0
| 184|0x0000000717000000, 0x0000000717200000, 0x0000000717200000|100%| O|Cm|TAMS 0x0000000717000000| PB 0x0000000717000000| Complete |  0
| 185|0x0000000717200000, 0x0000000717400000, 0x0000000717400000|100%| O|  |TAMS 0x0000000717200000| PB 0x0000000717200000| Untracked |  0
| 186|0x0000000717400000, 0x0000000717600000, 0x0000000717600000|100%| O|  |TAMS 0x0000000717400000| PB 0x0000000717400000| Untracked |  0
| 187|0x0000000717600000, 0x0000000717800000, 0x0000000717800000|100%| O|  |TAMS 0x0000000717600000| PB 0x0000000717600000| Untracked |  0
| 188|0x0000000717800000, 0x000000071789ffc0, 0x0000000717a00000| 31%| O|  |TAMS 0x0000000717800000| PB 0x0000000717800000| Untracked |  0
| 189|0x0000000717a00000, 0x0000000717a00000, 0x0000000717c00000|  0%| F|  |TAMS 0x0000000717a00000| PB 0x0000000717a00000| Untracked |  0
| 190|0x0000000717c00000, 0x0000000717c00000, 0x0000000717e00000|  0%| F|  |TAMS 0x0000000717c00000| PB 0x0000000717c00000| Untracked |  0
| 191|0x0000000717e00000, 0x0000000717e00000, 0x0000000718000000|  0%| F|  |TAMS 0x0000000717e00000| PB 0x0000000717e00000| Untracked |  0
| 192|0x0000000718000000, 0x0000000718000000, 0x0000000718200000|  0%| F|  |TAMS 0x0000000718000000| PB 0x0000000718000000| Untracked |  0
| 193|0x0000000718200000, 0x0000000718200000, 0x0000000718400000|  0%| F|  |TAMS 0x0000000718200000| PB 0x0000000718200000| Untracked |  0
| 194|0x0000000718400000, 0x0000000718400000, 0x0000000718600000|  0%| F|  |TAMS 0x0000000718400000| PB 0x0000000718400000| Untracked |  0
| 195|0x0000000718600000, 0x0000000718600000, 0x0000000718800000|  0%| F|  |TAMS 0x0000000718600000| PB 0x0000000718600000| Untracked |  0
| 196|0x0000000718800000, 0x0000000718800000, 0x0000000718a00000|  0%| F|  |TAMS 0x0000000718800000| PB 0x0000000718800000| Untracked |  0
| 197|0x0000000718a00000, 0x0000000718a00000, 0x0000000718c00000|  0%| F|  |TAMS 0x0000000718a00000| PB 0x0000000718a00000| Untracked |  0
| 198|0x0000000718c00000, 0x0000000718c00000, 0x0000000718e00000|  0%| F|  |TAMS 0x0000000718c00000| PB 0x0000000718c00000| Untracked |  0
| 199|0x0000000718e00000, 0x0000000718e00000, 0x0000000719000000|  0%| F|  |TAMS 0x0000000718e00000| PB 0x0000000718e00000| Untracked |  0
| 200|0x0000000719000000, 0x0000000719000000, 0x0000000719200000|  0%| F|  |TAMS 0x0000000719000000| PB 0x0000000719000000| Untracked |  0
| 201|0x0000000719200000, 0x00000007193a0718, 0x0000000719400000| 81%| S|CS|TAMS 0x0000000719200000| PB 0x0000000719200000| Complete |  0
| 202|0x0000000719400000, 0x0000000719600000, 0x0000000719600000|100%| S|CS|TAMS 0x0000000719400000| PB 0x0000000719400000| Complete |  0
| 203|0x0000000719600000, 0x0000000719800000, 0x0000000719800000|100%| S|CS|TAMS 0x0000000719600000| PB 0x0000000719600000| Complete |  0
| 204|0x0000000719800000, 0x0000000719a00000, 0x0000000719a00000|100%| S|CS|TAMS 0x0000000719800000| PB 0x0000000719800000| Complete |  0
| 205|0x0000000719a00000, 0x0000000719c00000, 0x0000000719c00000|100%| S|CS|TAMS 0x0000000719a00000| PB 0x0000000719a00000| Complete |  0
| 206|0x0000000719c00000, 0x0000000719e00000, 0x0000000719e00000|100%| S|CS|TAMS 0x0000000719c00000| PB 0x0000000719c00000| Complete |  0
| 207|0x0000000719e00000, 0x000000071a000000, 0x000000071a000000|100%| S|CS|TAMS 0x0000000719e00000| PB 0x0000000719e00000| Complete |  0
| 208|0x000000071a000000, 0x000000071a000000, 0x000000071a200000|  0%| F|  |TAMS 0x000000071a000000| PB 0x000000071a000000| Untracked |  0
| 209|0x000000071a200000, 0x000000071a200000, 0x000000071a400000|  0%| F|  |TAMS 0x000000071a200000| PB 0x000000071a200000| Untracked |  0
| 210|0x000000071a400000, 0x000000071a400000, 0x000000071a600000|  0%| F|  |TAMS 0x000000071a400000| PB 0x000000071a400000| Untracked |  0
| 211|0x000000071a600000, 0x000000071a600000, 0x000000071a800000|  0%| F|  |TAMS 0x000000071a600000| PB 0x000000071a600000| Untracked |  0
| 212|0x000000071a800000, 0x000000071a800000, 0x000000071aa00000|  0%| F|  |TAMS 0x000000071a800000| PB 0x000000071a800000| Untracked |  0
| 213|0x000000071aa00000, 0x000000071aa00000, 0x000000071ac00000|  0%| F|  |TAMS 0x000000071aa00000| PB 0x000000071aa00000| Untracked |  0
| 214|0x000000071ac00000, 0x000000071ac00000, 0x000000071ae00000|  0%| F|  |TAMS 0x000000071ac00000| PB 0x000000071ac00000| Untracked |  0
| 215|0x000000071ae00000, 0x000000071ae00000, 0x000000071b000000|  0%| F|  |TAMS 0x000000071ae00000| PB 0x000000071ae00000| Untracked |  0
| 216|0x000000071b000000, 0x000000071b000000, 0x000000071b200000|  0%| F|  |TAMS 0x000000071b000000| PB 0x000000071b000000| Untracked |  0
| 217|0x000000071b200000, 0x000000071b200000, 0x000000071b400000|  0%| F|  |TAMS 0x000000071b200000| PB 0x000000071b200000| Untracked |  0
| 218|0x000000071b400000, 0x000000071b400000, 0x000000071b600000|  0%| F|  |TAMS 0x000000071b400000| PB 0x000000071b400000| Untracked |  0
| 219|0x000000071b600000, 0x000000071b600000, 0x000000071b800000|  0%| F|  |TAMS 0x000000071b600000| PB 0x000000071b600000| Untracked |  0
| 220|0x000000071b800000, 0x000000071b800000, 0x000000071ba00000|  0%| F|  |TAMS 0x000000071b800000| PB 0x000000071b800000| Untracked |  0
| 221|0x000000071ba00000, 0x000000071ba00000, 0x000000071bc00000|  0%| F|  |TAMS 0x000000071ba00000| PB 0x000000071ba00000| Untracked |  0
| 222|0x000000071bc00000, 0x000000071bc00000, 0x000000071be00000|  0%| F|  |TAMS 0x000000071bc00000| PB 0x000000071bc00000| Untracked |  0
| 223|0x000000071be00000, 0x000000071be00000, 0x000000071c000000|  0%| F|  |TAMS 0x000000071be00000| PB 0x000000071be00000| Untracked |  0
| 224|0x000000071c000000, 0x000000071c000000, 0x000000071c200000|  0%| F|  |TAMS 0x000000071c000000| PB 0x000000071c000000| Untracked |  0
| 225|0x000000071c200000, 0x000000071c200000, 0x000000071c400000|  0%| F|  |TAMS 0x000000071c200000| PB 0x000000071c200000| Untracked |  0
| 226|0x000000071c400000, 0x000000071c400000, 0x000000071c600000|  0%| F|  |TAMS 0x000000071c400000| PB 0x000000071c400000| Untracked |  0
| 227|0x000000071c600000, 0x000000071c600000, 0x000000071c800000|  0%| F|  |TAMS 0x000000071c600000| PB 0x000000071c600000| Untracked |  0
| 228|0x000000071c800000, 0x000000071c800000, 0x000000071ca00000|  0%| F|  |TAMS 0x000000071c800000| PB 0x000000071c800000| Untracked |  0
| 229|0x000000071ca00000, 0x000000071ca00000, 0x000000071cc00000|  0%| F|  |TAMS 0x000000071ca00000| PB 0x000000071ca00000| Untracked |  0
| 230|0x000000071cc00000, 0x000000071cc00000, 0x000000071ce00000|  0%| F|  |TAMS 0x000000071cc00000| PB 0x000000071cc00000| Untracked |  0
| 231|0x000000071ce00000, 0x000000071ce00000, 0x000000071d000000|  0%| F|  |TAMS 0x000000071ce00000| PB 0x000000071ce00000| Untracked |  0
| 232|0x000000071d000000, 0x000000071d000000, 0x000000071d200000|  0%| F|  |TAMS 0x000000071d000000| PB 0x000000071d000000| Untracked |  0
| 233|0x000000071d200000, 0x000000071d200000, 0x000000071d400000|  0%| F|  |TAMS 0x000000071d200000| PB 0x000000071d200000| Untracked |  0
| 234|0x000000071d400000, 0x000000071d400000, 0x000000071d600000|  0%| F|  |TAMS 0x000000071d400000| PB 0x000000071d400000| Untracked |  0
| 235|0x000000071d600000, 0x000000071d600000, 0x000000071d800000|  0%| F|  |TAMS 0x000000071d600000| PB 0x000000071d600000| Untracked |  0
| 236|0x000000071d800000, 0x000000071d800000, 0x000000071da00000|  0%| F|  |TAMS 0x000000071d800000| PB 0x000000071d800000| Untracked |  0
| 237|0x000000071da00000, 0x000000071da00000, 0x000000071dc00000|  0%| F|  |TAMS 0x000000071da00000| PB 0x000000071da00000| Untracked |  0
| 238|0x000000071dc00000, 0x000000071dc00000, 0x000000071de00000|  0%| F|  |TAMS 0x000000071dc00000| PB 0x000000071dc00000| Untracked |  0
| 239|0x000000071de00000, 0x000000071de00000, 0x000000071e000000|  0%| F|  |TAMS 0x000000071de00000| PB 0x000000071de00000| Untracked |  0
| 240|0x000000071e000000, 0x000000071e000000, 0x000000071e200000|  0%| F|  |TAMS 0x000000071e000000| PB 0x000000071e000000| Untracked |  0
| 241|0x000000071e200000, 0x000000071e200000, 0x000000071e400000|  0%| F|  |TAMS 0x000000071e200000| PB 0x000000071e200000| Untracked |  0
| 242|0x000000071e400000, 0x000000071e400000, 0x000000071e600000|  0%| F|  |TAMS 0x000000071e400000| PB 0x000000071e400000| Untracked |  0
| 243|0x000000071e600000, 0x000000071e600000, 0x000000071e800000|  0%| F|  |TAMS 0x000000071e600000| PB 0x000000071e600000| Untracked |  0
| 244|0x000000071e800000, 0x000000071e800000, 0x000000071ea00000|  0%| F|  |TAMS 0x000000071e800000| PB 0x000000071e800000| Untracked |  0
| 245|0x000000071ea00000, 0x000000071ea00000, 0x000000071ec00000|  0%| F|  |TAMS 0x000000071ea00000| PB 0x000000071ea00000| Untracked |  0
| 246|0x000000071ec00000, 0x000000071ec00000, 0x000000071ee00000|  0%| F|  |TAMS 0x000000071ec00000| PB 0x000000071ec00000| Untracked |  0
| 247|0x000000071ee00000, 0x000000071ee00000, 0x000000071f000000|  0%| F|  |TAMS 0x000000071ee00000| PB 0x000000071ee00000| Untracked |  0
| 248|0x000000071f000000, 0x000000071f000000, 0x000000071f200000|  0%| F|  |TAMS 0x000000071f000000| PB 0x000000071f000000| Untracked |  0
| 249|0x000000071f200000, 0x000000071f200000, 0x000000071f400000|  0%| F|  |TAMS 0x000000071f200000| PB 0x000000071f200000| Untracked |  0
| 250|0x000000071f400000, 0x000000071f400000, 0x000000071f600000|  0%| F|  |TAMS 0x000000071f400000| PB 0x000000071f400000| Untracked |  0
| 251|0x000000071f600000, 0x000000071f600000, 0x000000071f800000|  0%| F|  |TAMS 0x000000071f600000| PB 0x000000071f600000| Untracked |  0
| 252|0x000000071f800000, 0x000000071f800000, 0x000000071fa00000|  0%| F|  |TAMS 0x000000071f800000| PB 0x000000071f800000| Untracked |  0
| 253|0x000000071fa00000, 0x000000071fa00000, 0x000000071fc00000|  0%| F|  |TAMS 0x000000071fa00000| PB 0x000000071fa00000| Untracked |  0
| 254|0x000000071fc00000, 0x000000071fc00000, 0x000000071fe00000|  0%| F|  |TAMS 0x000000071fc00000| PB 0x000000071fc00000| Untracked |  0
| 255|0x000000071fe00000, 0x000000071fe00000, 0x0000000720000000|  0%| F|  |TAMS 0x000000071fe00000| PB 0x000000071fe00000| Untracked |  0
| 256|0x0000000720000000, 0x0000000720000000, 0x0000000720200000|  0%| F|  |TAMS 0x0000000720000000| PB 0x0000000720000000| Untracked |  0
| 257|0x0000000720200000, 0x0000000720200000, 0x0000000720400000|  0%| F|  |TAMS 0x0000000720200000| PB 0x0000000720200000| Untracked |  0
| 258|0x0000000720400000, 0x0000000720400000, 0x0000000720600000|  0%| F|  |TAMS 0x0000000720400000| PB 0x0000000720400000| Untracked |  0
| 259|0x0000000720600000, 0x0000000720600000, 0x0000000720800000|  0%| F|  |TAMS 0x0000000720600000| PB 0x0000000720600000| Untracked |  0
| 260|0x0000000720800000, 0x0000000720800000, 0x0000000720a00000|  0%| F|  |TAMS 0x0000000720800000| PB 0x0000000720800000| Untracked |  0
| 261|0x0000000720a00000, 0x0000000720a00000, 0x0000000720c00000|  0%| F|  |TAMS 0x0000000720a00000| PB 0x0000000720a00000| Untracked |  0
| 262|0x0000000720c00000, 0x0000000720c00000, 0x0000000720e00000|  0%| F|  |TAMS 0x0000000720c00000| PB 0x0000000720c00000| Untracked |  0
| 263|0x0000000720e00000, 0x0000000720e00000, 0x0000000721000000|  0%| F|  |TAMS 0x0000000720e00000| PB 0x0000000720e00000| Untracked |  0
| 264|0x0000000721000000, 0x0000000721000000, 0x0000000721200000|  0%| F|  |TAMS 0x0000000721000000| PB 0x0000000721000000| Untracked |  0
| 265|0x0000000721200000, 0x0000000721200000, 0x0000000721400000|  0%| F|  |TAMS 0x0000000721200000| PB 0x0000000721200000| Untracked |  0
| 266|0x0000000721400000, 0x0000000721400000, 0x0000000721600000|  0%| F|  |TAMS 0x0000000721400000| PB 0x0000000721400000| Untracked |  0
| 267|0x0000000721600000, 0x0000000721600000, 0x0000000721800000|  0%| F|  |TAMS 0x0000000721600000| PB 0x0000000721600000| Untracked |  0
| 268|0x0000000721800000, 0x0000000721800000, 0x0000000721a00000|  0%| F|  |TAMS 0x0000000721800000| PB 0x0000000721800000| Untracked |  0
| 269|0x0000000721a00000, 0x0000000721a00000, 0x0000000721c00000|  0%| F|  |TAMS 0x0000000721a00000| PB 0x0000000721a00000| Untracked |  0
| 270|0x0000000721c00000, 0x0000000721c00000, 0x0000000721e00000|  0%| F|  |TAMS 0x0000000721c00000| PB 0x0000000721c00000| Untracked |  0
| 271|0x0000000721e00000, 0x0000000721e00000, 0x0000000722000000|  0%| F|  |TAMS 0x0000000721e00000| PB 0x0000000721e00000| Untracked |  0
| 272|0x0000000722000000, 0x0000000722000000, 0x0000000722200000|  0%| F|  |TAMS 0x0000000722000000| PB 0x0000000722000000| Untracked |  0
| 273|0x0000000722200000, 0x0000000722200000, 0x0000000722400000|  0%| F|  |TAMS 0x0000000722200000| PB 0x0000000722200000| Untracked |  0
| 274|0x0000000722400000, 0x0000000722400000, 0x0000000722600000|  0%| F|  |TAMS 0x0000000722400000| PB 0x0000000722400000| Untracked |  0
| 275|0x0000000722600000, 0x0000000722600000, 0x0000000722800000|  0%| F|  |TAMS 0x0000000722600000| PB 0x0000000722600000| Untracked |  0
| 276|0x0000000722800000, 0x0000000722800000, 0x0000000722a00000|  0%| F|  |TAMS 0x0000000722800000| PB 0x0000000722800000| Untracked |  0
| 277|0x0000000722a00000, 0x0000000722a00000, 0x0000000722c00000|  0%| F|  |TAMS 0x0000000722a00000| PB 0x0000000722a00000| Untracked |  0
| 278|0x0000000722c00000, 0x0000000722c00000, 0x0000000722e00000|  0%| F|  |TAMS 0x0000000722c00000| PB 0x0000000722c00000| Untracked |  0
| 279|0x0000000722e00000, 0x0000000722e00000, 0x0000000723000000|  0%| F|  |TAMS 0x0000000722e00000| PB 0x0000000722e00000| Untracked |  0
| 280|0x0000000723000000, 0x0000000723000000, 0x0000000723200000|  0%| F|  |TAMS 0x0000000723000000| PB 0x0000000723000000| Untracked |  0
| 281|0x0000000723200000, 0x0000000723200000, 0x0000000723400000|  0%| F|  |TAMS 0x0000000723200000| PB 0x0000000723200000| Untracked |  0
| 282|0x0000000723400000, 0x0000000723400000, 0x0000000723600000|  0%| F|  |TAMS 0x0000000723400000| PB 0x0000000723400000| Untracked |  0
| 283|0x0000000723600000, 0x0000000723600000, 0x0000000723800000|  0%| F|  |TAMS 0x0000000723600000| PB 0x0000000723600000| Untracked |  0
| 284|0x0000000723800000, 0x0000000723800000, 0x0000000723a00000|  0%| F|  |TAMS 0x0000000723800000| PB 0x0000000723800000| Untracked |  0
| 285|0x0000000723a00000, 0x0000000723a00000, 0x0000000723c00000|  0%| F|  |TAMS 0x0000000723a00000| PB 0x0000000723a00000| Untracked |  0
| 286|0x0000000723c00000, 0x0000000723c00000, 0x0000000723e00000|  0%| F|  |TAMS 0x0000000723c00000| PB 0x0000000723c00000| Untracked |  0
| 287|0x0000000723e00000, 0x0000000723e00000, 0x0000000724000000|  0%| F|  |TAMS 0x0000000723e00000| PB 0x0000000723e00000| Untracked |  0
| 288|0x0000000724000000, 0x0000000724000000, 0x0000000724200000|  0%| F|  |TAMS 0x0000000724000000| PB 0x0000000724000000| Untracked |  0
| 289|0x0000000724200000, 0x0000000724200000, 0x0000000724400000|  0%| F|  |TAMS 0x0000000724200000| PB 0x0000000724200000| Untracked |  0
| 290|0x0000000724400000, 0x0000000724400000, 0x0000000724600000|  0%| F|  |TAMS 0x0000000724400000| PB 0x0000000724400000| Untracked |  0
| 291|0x0000000724600000, 0x0000000724600000, 0x0000000724800000|  0%| F|  |TAMS 0x0000000724600000| PB 0x0000000724600000| Untracked |  0
| 292|0x0000000724800000, 0x0000000724800000, 0x0000000724a00000|  0%| F|  |TAMS 0x0000000724800000| PB 0x0000000724800000| Untracked |  0
| 293|0x0000000724a00000, 0x0000000724a00000, 0x0000000724c00000|  0%| F|  |TAMS 0x0000000724a00000| PB 0x0000000724a00000| Untracked |  0
| 294|0x0000000724c00000, 0x0000000724c00000, 0x0000000724e00000|  0%| F|  |TAMS 0x0000000724c00000| PB 0x0000000724c00000| Untracked |  0
| 295|0x0000000724e00000, 0x0000000724e00000, 0x0000000725000000|  0%| F|  |TAMS 0x0000000724e00000| PB 0x0000000724e00000| Untracked |  0
| 296|0x0000000725000000, 0x0000000725000000, 0x0000000725200000|  0%| F|  |TAMS 0x0000000725000000| PB 0x0000000725000000| Untracked |  0
| 297|0x0000000725200000, 0x0000000725200000, 0x0000000725400000|  0%| F|  |TAMS 0x0000000725200000| PB 0x0000000725200000| Untracked |  0
| 298|0x0000000725400000, 0x0000000725400000, 0x0000000725600000|  0%| F|  |TAMS 0x0000000725400000| PB 0x0000000725400000| Untracked |  0
| 299|0x0000000725600000, 0x0000000725600000, 0x0000000725800000|  0%| F|  |TAMS 0x0000000725600000| PB 0x0000000725600000| Untracked |  0
| 300|0x0000000725800000, 0x0000000725800000, 0x0000000725a00000|  0%| F|  |TAMS 0x0000000725800000| PB 0x0000000725800000| Untracked |  0
| 301|0x0000000725a00000, 0x0000000725a00000, 0x0000000725c00000|  0%| F|  |TAMS 0x0000000725a00000| PB 0x0000000725a00000| Untracked |  0
| 302|0x0000000725c00000, 0x0000000725c00000, 0x0000000725e00000|  0%| F|  |TAMS 0x0000000725c00000| PB 0x0000000725c00000| Untracked |  0
| 303|0x0000000725e00000, 0x0000000725e00000, 0x0000000726000000|  0%| F|  |TAMS 0x0000000725e00000| PB 0x0000000725e00000| Untracked |  0
| 304|0x0000000726000000, 0x0000000726000000, 0x0000000726200000|  0%| F|  |TAMS 0x0000000726000000| PB 0x0000000726000000| Untracked |  0
| 305|0x0000000726200000, 0x0000000726200000, 0x0000000726400000|  0%| F|  |TAMS 0x0000000726200000| PB 0x0000000726200000| Untracked |  0
| 306|0x0000000726400000, 0x0000000726400000, 0x0000000726600000|  0%| F|  |TAMS 0x0000000726400000| PB 0x0000000726400000| Untracked |  0
| 307|0x0000000726600000, 0x0000000726600000, 0x0000000726800000|  0%| F|  |TAMS 0x0000000726600000| PB 0x0000000726600000| Untracked |  0
| 308|0x0000000726800000, 0x0000000726800000, 0x0000000726a00000|  0%| F|  |TAMS 0x0000000726800000| PB 0x0000000726800000| Untracked |  0
| 309|0x0000000726a00000, 0x0000000726a00000, 0x0000000726c00000|  0%| F|  |TAMS 0x0000000726a00000| PB 0x0000000726a00000| Untracked |  0
| 310|0x0000000726c00000, 0x0000000726c00000, 0x0000000726e00000|  0%| F|  |TAMS 0x0000000726c00000| PB 0x0000000726c00000| Untracked |  0
| 311|0x0000000726e00000, 0x0000000726e00000, 0x0000000727000000|  0%| F|  |TAMS 0x0000000726e00000| PB 0x0000000726e00000| Untracked |  0
| 312|0x0000000727000000, 0x0000000727000000, 0x0000000727200000|  0%| F|  |TAMS 0x0000000727000000| PB 0x0000000727000000| Untracked |  0
| 313|0x0000000727200000, 0x0000000727200000, 0x0000000727400000|  0%| F|  |TAMS 0x0000000727200000| PB 0x0000000727200000| Untracked |  0
| 314|0x0000000727400000, 0x0000000727400000, 0x0000000727600000|  0%| F|  |TAMS 0x0000000727400000| PB 0x0000000727400000| Untracked |  0
| 315|0x0000000727600000, 0x0000000727600000, 0x0000000727800000|  0%| F|  |TAMS 0x0000000727600000| PB 0x0000000727600000| Untracked |  0
| 316|0x0000000727800000, 0x0000000727800000, 0x0000000727a00000|  0%| F|  |TAMS 0x0000000727800000| PB 0x0000000727800000| Untracked |  0
| 317|0x0000000727a00000, 0x0000000727a00000, 0x0000000727c00000|  0%| F|  |TAMS 0x0000000727a00000| PB 0x0000000727a00000| Untracked |  0
| 318|0x0000000727c00000, 0x0000000727c00000, 0x0000000727e00000|  0%| F|  |TAMS 0x0000000727c00000| PB 0x0000000727c00000| Untracked |  0
| 319|0x0000000727e00000, 0x0000000727e00000, 0x0000000728000000|  0%| F|  |TAMS 0x0000000727e00000| PB 0x0000000727e00000| Untracked |  0
| 320|0x0000000728000000, 0x0000000728000000, 0x0000000728200000|  0%| F|  |TAMS 0x0000000728000000| PB 0x0000000728000000| Untracked |  0
| 321|0x0000000728200000, 0x0000000728315fe0, 0x0000000728400000| 54%| E|  |TAMS 0x0000000728200000| PB 0x0000000728200000| Complete |  0
| 322|0x0000000728400000, 0x0000000728600000, 0x0000000728600000|100%| E|CS|TAMS 0x0000000728400000| PB 0x0000000728400000| Complete |  0
| 323|0x0000000728600000, 0x0000000728800000, 0x0000000728800000|100%| E|CS|TAMS 0x0000000728600000| PB 0x0000000728600000| Complete |  0
| 324|0x0000000728800000, 0x0000000728a00000, 0x0000000728a00000|100%| E|CS|TAMS 0x0000000728800000| PB 0x0000000728800000| Complete |  0
| 325|0x0000000728a00000, 0x0000000728c00000, 0x0000000728c00000|100%| E|CS|TAMS 0x0000000728a00000| PB 0x0000000728a00000| Complete |  0
| 326|0x0000000728c00000, 0x0000000728e00000, 0x0000000728e00000|100%| E|CS|TAMS 0x0000000728c00000| PB 0x0000000728c00000| Complete |  0
| 327|0x0000000728e00000, 0x0000000729000000, 0x0000000729000000|100%| E|CS|TAMS 0x0000000728e00000| PB 0x0000000728e00000| Complete |  0
| 328|0x0000000729000000, 0x0000000729200000, 0x0000000729200000|100%| E|CS|TAMS 0x0000000729000000| PB 0x0000000729000000| Complete |  0
| 329|0x0000000729200000, 0x0000000729400000, 0x0000000729400000|100%| E|CS|TAMS 0x0000000729200000| PB 0x0000000729200000| Complete |  0
| 330|0x0000000729400000, 0x0000000729600000, 0x0000000729600000|100%| E|CS|TAMS 0x0000000729400000| PB 0x0000000729400000| Complete |  0
| 331|0x0000000729600000, 0x0000000729800000, 0x0000000729800000|100%| E|CS|TAMS 0x0000000729600000| PB 0x0000000729600000| Complete |  0
| 332|0x0000000729800000, 0x0000000729a00000, 0x0000000729a00000|100%| E|CS|TAMS 0x0000000729800000| PB 0x0000000729800000| Complete |  0
| 333|0x0000000729a00000, 0x0000000729c00000, 0x0000000729c00000|100%| E|CS|TAMS 0x0000000729a00000| PB 0x0000000729a00000| Complete |  0
| 334|0x0000000729c00000, 0x0000000729e00000, 0x0000000729e00000|100%| E|CS|TAMS 0x0000000729c00000| PB 0x0000000729c00000| Complete |  0
| 335|0x0000000729e00000, 0x000000072a000000, 0x000000072a000000|100%| E|CS|TAMS 0x0000000729e00000| PB 0x0000000729e00000| Complete |  0
| 336|0x000000072a000000, 0x000000072a200000, 0x000000072a200000|100%| E|CS|TAMS 0x000000072a000000| PB 0x000000072a000000| Complete |  0
| 337|0x000000072a200000, 0x000000072a400000, 0x000000072a400000|100%| E|CS|TAMS 0x000000072a200000| PB 0x000000072a200000| Complete |  0
| 338|0x000000072a400000, 0x000000072a600000, 0x000000072a600000|100%| E|CS|TAMS 0x000000072a400000| PB 0x000000072a400000| Complete |  0
| 339|0x000000072a600000, 0x000000072a800000, 0x000000072a800000|100%| E|CS|TAMS 0x000000072a600000| PB 0x000000072a600000| Complete |  0
| 340|0x000000072a800000, 0x000000072aa00000, 0x000000072aa00000|100%| E|CS|TAMS 0x000000072a800000| PB 0x000000072a800000| Complete |  0
| 341|0x000000072aa00000, 0x000000072ac00000, 0x000000072ac00000|100%| E|CS|TAMS 0x000000072aa00000| PB 0x000000072aa00000| Complete |  0
| 342|0x000000072ac00000, 0x000000072ae00000, 0x000000072ae00000|100%| E|CS|TAMS 0x000000072ac00000| PB 0x000000072ac00000| Complete |  0
| 343|0x000000072ae00000, 0x000000072b000000, 0x000000072b000000|100%| E|CS|TAMS 0x000000072ae00000| PB 0x000000072ae00000| Complete |  0
| 344|0x000000072b000000, 0x000000072b200000, 0x000000072b200000|100%| E|CS|TAMS 0x000000072b000000| PB 0x000000072b000000| Complete |  0
| 345|0x000000072b200000, 0x000000072b400000, 0x000000072b400000|100%| E|CS|TAMS 0x000000072b200000| PB 0x000000072b200000| Complete |  0
| 346|0x000000072b400000, 0x000000072b600000, 0x000000072b600000|100%| E|CS|TAMS 0x000000072b400000| PB 0x000000072b400000| Complete |  0
| 347|0x000000072b600000, 0x000000072b800000, 0x000000072b800000|100%| E|CS|TAMS 0x000000072b600000| PB 0x000000072b600000| Complete |  0
| 348|0x000000072b800000, 0x000000072ba00000, 0x000000072ba00000|100%| E|CS|TAMS 0x000000072b800000| PB 0x000000072b800000| Complete |  0
| 349|0x000000072ba00000, 0x000000072bc00000, 0x000000072bc00000|100%| E|CS|TAMS 0x000000072ba00000| PB 0x000000072ba00000| Complete |  0
| 350|0x000000072bc00000, 0x000000072be00000, 0x000000072be00000|100%| E|CS|TAMS 0x000000072bc00000| PB 0x000000072bc00000| Complete |  0
| 351|0x000000072be00000, 0x000000072c000000, 0x000000072c000000|100%| E|CS|TAMS 0x000000072be00000| PB 0x000000072be00000| Complete |  0
| 352|0x000000072c000000, 0x000000072c200000, 0x000000072c200000|100%| E|CS|TAMS 0x000000072c000000| PB 0x000000072c000000| Complete |  0
| 353|0x000000072c200000, 0x000000072c400000, 0x000000072c400000|100%| E|CS|TAMS 0x000000072c200000| PB 0x000000072c200000| Complete |  0
| 354|0x000000072c400000, 0x000000072c600000, 0x000000072c600000|100%| E|CS|TAMS 0x000000072c400000| PB 0x000000072c400000| Complete |  0
| 355|0x000000072c600000, 0x000000072c800000, 0x000000072c800000|100%| E|CS|TAMS 0x000000072c600000| PB 0x000000072c600000| Complete |  0
| 356|0x000000072c800000, 0x000000072ca00000, 0x000000072ca00000|100%| E|CS|TAMS 0x000000072c800000| PB 0x000000072c800000| Complete |  0
| 357|0x000000072ca00000, 0x000000072cc00000, 0x000000072cc00000|100%| E|CS|TAMS 0x000000072ca00000| PB 0x000000072ca00000| Complete |  0
| 358|0x000000072cc00000, 0x000000072ce00000, 0x000000072ce00000|100%| E|CS|TAMS 0x000000072cc00000| PB 0x000000072cc00000| Complete |  0
| 359|0x000000072ce00000, 0x000000072d000000, 0x000000072d000000|100%| E|CS|TAMS 0x000000072ce00000| PB 0x000000072ce00000| Complete |  0
| 360|0x000000072d000000, 0x000000072d200000, 0x000000072d200000|100%| E|CS|TAMS 0x000000072d000000| PB 0x000000072d000000| Complete |  0
| 361|0x000000072d200000, 0x000000072d400000, 0x000000072d400000|100%| E|CS|TAMS 0x000000072d200000| PB 0x000000072d200000| Complete |  0
| 362|0x000000072d400000, 0x000000072d600000, 0x000000072d600000|100%| E|CS|TAMS 0x000000072d400000| PB 0x000000072d400000| Complete |  0
| 363|0x000000072d600000, 0x000000072d800000, 0x000000072d800000|100%| E|CS|TAMS 0x000000072d600000| PB 0x000000072d600000| Complete |  0
| 364|0x000000072d800000, 0x000000072da00000, 0x000000072da00000|100%| E|CS|TAMS 0x000000072d800000| PB 0x000000072d800000| Complete |  0
| 365|0x000000072da00000, 0x000000072dc00000, 0x000000072dc00000|100%| E|CS|TAMS 0x000000072da00000| PB 0x000000072da00000| Complete |  0
| 366|0x000000072dc00000, 0x000000072de00000, 0x000000072de00000|100%| E|CS|TAMS 0x000000072dc00000| PB 0x000000072dc00000| Complete |  0
| 367|0x000000072de00000, 0x000000072e000000, 0x000000072e000000|100%| E|CS|TAMS 0x000000072de00000| PB 0x000000072de00000| Complete |  0
| 368|0x000000072e000000, 0x000000072e200000, 0x000000072e200000|100%| E|CS|TAMS 0x000000072e000000| PB 0x000000072e000000| Complete |  0
| 369|0x000000072e200000, 0x000000072e400000, 0x000000072e400000|100%| E|CS|TAMS 0x000000072e200000| PB 0x000000072e200000| Complete |  0
| 370|0x000000072e400000, 0x000000072e600000, 0x000000072e600000|100%| E|CS|TAMS 0x000000072e400000| PB 0x000000072e400000| Complete |  0
| 371|0x000000072e600000, 0x000000072e800000, 0x000000072e800000|100%| E|CS|TAMS 0x000000072e600000| PB 0x000000072e600000| Complete |  0
| 372|0x000000072e800000, 0x000000072ea00000, 0x000000072ea00000|100%| E|CS|TAMS 0x000000072e800000| PB 0x000000072e800000| Complete |  0
| 373|0x000000072ea00000, 0x000000072ec00000, 0x000000072ec00000|100%| E|CS|TAMS 0x000000072ea00000| PB 0x000000072ea00000| Complete |  0
| 374|0x000000072ec00000, 0x000000072ee00000, 0x000000072ee00000|100%| E|CS|TAMS 0x000000072ec00000| PB 0x000000072ec00000| Complete |  0
| 375|0x000000072ee00000, 0x000000072f000000, 0x000000072f000000|100%| E|CS|TAMS 0x000000072ee00000| PB 0x000000072ee00000| Complete |  0
| 376|0x000000072f000000, 0x000000072f200000, 0x000000072f200000|100%| E|CS|TAMS 0x000000072f000000| PB 0x000000072f000000| Complete |  0
| 377|0x000000072f200000, 0x000000072f400000, 0x000000072f400000|100%| E|CS|TAMS 0x000000072f200000| PB 0x000000072f200000| Complete |  0
| 378|0x000000072f400000, 0x000000072f600000, 0x000000072f600000|100%| E|CS|TAMS 0x000000072f400000| PB 0x000000072f400000| Complete |  0
| 379|0x000000072f600000, 0x000000072f800000, 0x000000072f800000|100%| E|CS|TAMS 0x000000072f600000| PB 0x000000072f600000| Complete |  0
| 380|0x000000072f800000, 0x000000072fa00000, 0x000000072fa00000|100%| E|CS|TAMS 0x000000072f800000| PB 0x000000072f800000| Complete |  0
| 381|0x000000072fa00000, 0x000000072fc00000, 0x000000072fc00000|100%| E|CS|TAMS 0x000000072fa00000| PB 0x000000072fa00000| Complete |  0
| 382|0x000000072fc00000, 0x000000072fe00000, 0x000000072fe00000|100%| E|CS|TAMS 0x000000072fc00000| PB 0x000000072fc00000| Complete |  0
| 383|0x000000072fe00000, 0x0000000730000000, 0x0000000730000000|100%| E|CS|TAMS 0x000000072fe00000| PB 0x000000072fe00000| Complete |  0
| 384|0x0000000730000000, 0x0000000730200000, 0x0000000730200000|100%| E|CS|TAMS 0x0000000730000000| PB 0x0000000730000000| Complete |  0
| 385|0x0000000730200000, 0x0000000730400000, 0x0000000730400000|100%| E|CS|TAMS 0x0000000730200000| PB 0x0000000730200000| Complete |  0
| 386|0x0000000730400000, 0x0000000730600000, 0x0000000730600000|100%| E|CS|TAMS 0x0000000730400000| PB 0x0000000730400000| Complete |  0
| 387|0x0000000730600000, 0x0000000730800000, 0x0000000730800000|100%| E|CS|TAMS 0x0000000730600000| PB 0x0000000730600000| Complete |  0
| 388|0x0000000730800000, 0x0000000730a00000, 0x0000000730a00000|100%| E|CS|TAMS 0x0000000730800000| PB 0x0000000730800000| Complete |  0
| 389|0x0000000730a00000, 0x0000000730c00000, 0x0000000730c00000|100%| E|CS|TAMS 0x0000000730a00000| PB 0x0000000730a00000| Complete |  0
| 390|0x0000000730c00000, 0x0000000730e00000, 0x0000000730e00000|100%| E|CS|TAMS 0x0000000730c00000| PB 0x0000000730c00000| Complete |  0
| 391|0x0000000730e00000, 0x0000000731000000, 0x0000000731000000|100%| E|CS|TAMS 0x0000000730e00000| PB 0x0000000730e00000| Complete |  0
|2032|0x00000007fe000000, 0x00000007fe200000, 0x00000007fe200000|100%| E|CS|TAMS 0x00000007fe000000| PB 0x00000007fe000000| Complete |  0
|2033|0x00000007fe200000, 0x00000007fe400000, 0x00000007fe400000|100%| E|CS|TAMS 0x00000007fe200000| PB 0x00000007fe200000| Complete |  0
|2034|0x00000007fe400000, 0x00000007fe600000, 0x00000007fe600000|100%| E|CS|TAMS 0x00000007fe400000| PB 0x00000007fe400000| Complete |  0
|2035|0x00000007fe600000, 0x00000007fe800000, 0x00000007fe800000|100%| O|  |TAMS 0x00000007fe600000| PB 0x00000007fe600000| Untracked |  0
|2036|0x00000007fe800000, 0x00000007fea00000, 0x00000007fea00000|100%| O|  |TAMS 0x00000007fe800000| PB 0x00000007fe800000| Untracked |  0
|2037|0x00000007fea00000, 0x00000007fec00000, 0x00000007fec00000|100%| O|  |TAMS 0x00000007fea00000| PB 0x00000007fea00000| Untracked |  0
|2038|0x00000007fec00000, 0x00000007fee00000, 0x00000007fee00000|100%| O|  |TAMS 0x00000007fec00000| PB 0x00000007fec00000| Untracked |  0
|2039|0x00000007fee00000, 0x00000007ff000000, 0x00000007ff000000|100%| E|CS|TAMS 0x00000007fee00000| PB 0x00000007fee00000| Complete |  0
|2040|0x00000007ff000000, 0x00000007ff200000, 0x00000007ff200000|100%| E|CS|TAMS 0x00000007ff000000| PB 0x00000007ff000000| Complete |  0
|2041|0x00000007ff200000, 0x00000007ff400000, 0x00000007ff400000|100%| O|  |TAMS 0x00000007ff200000| PB 0x00000007ff200000| Untracked |  0
|2042|0x00000007ff400000, 0x00000007ff600000, 0x00000007ff600000|100%| E|CS|TAMS 0x00000007ff400000| PB 0x00000007ff400000| Complete |  0
|2043|0x00000007ff600000, 0x00000007ff800000, 0x00000007ff800000|100%| O|  |TAMS 0x00000007ff600000| PB 0x00000007ff600000| Untracked |  0
|2044|0x00000007ff800000, 0x00000007ffa00000, 0x00000007ffa00000|100%| O|  |TAMS 0x00000007ff800000| PB 0x00000007ff800000| Untracked |  0
|2045|0x00000007ffa00000, 0x00000007ffc00000, 0x00000007ffc00000|100%| O|  |TAMS 0x00000007ffa00000| PB 0x00000007ffa00000| Untracked |  0
|2046|0x00000007ffc00000, 0x00000007ffe00000, 0x00000007ffe00000|100%| O|  |TAMS 0x00000007ffc00000| PB 0x00000007ffc00000| Untracked |  0
|2047|0x00000007ffe00000, 0x0000000800000000, 0x0000000800000000|100%| O|  |TAMS 0x00000007ffe00000| PB 0x00000007ffe00000| Untracked |  0

Card table byte_map: [0x0000022a219c0000,0x0000022a221c0000] _byte_map_base: 0x0000022a1e1c0000

Marking Bits: (CMBitMap*) 0x0000022a0e2ab1a0
 Bits: [0x0000022a221c0000, 0x0000022a261c0000)

Polling page: 0x0000022a0bf80000

Metaspace:
Metaspace        used 227823K, committed 229888K, reserved 1310720K
 class space     used 28786K, committed 29760K, reserved 1048576K

Usage:
  Non-class:    194.37 MB used.
      Class:     28.11 MB used.
       Both:    222.48 MB used.

Virtual space:
  Non-class space:      256.00 MB reserved,     195.44 MB ( 76%) committed,  4 nodes.
      Class space:        1.00 GB reserved,      29.06 MB (  3%) committed,  1 nodes.
             Both:        1.25 GB reserved,     224.50 MB ( 18%) committed. 

Chunk freelists:
   Non-Class:  12.08 MB
       Class:  2.92 MB
        Both:  15.00 MB

MaxMetaspaceSize: unlimited
CompressedClassSpaceSize: 1.00 GB
Initial GC threshold: 21.00 MB
Current GC threshold: 367.19 MB
CDS: off
 - commit_granule_bytes: 65536.
 - commit_granule_words: 8192.
 - virtual_space_node_default_size: 8388608.
 - enlarge_chunks_in_place: 1.
UseCompressedClassPointers 1, UseCompactObjectHeaders 0
Narrow klass pointer bits 32, Max shift 3
Narrow klass base: 0x0000000000000000, Narrow klass shift: 0
Encoding Range: [0x0000000000000000 - 0x0000000100000000), (4294967296 bytes)
Klass Range:    [0x00000000bb000000 - 0x00000000fb000000), (1073741824 bytes)
Klass ID Range:  [3137339392 - 4211081209) (1073741817)
No protection zone.


Internal statistics:

num_allocs_failed_limit: 15.
num_arena_births: 3808.
num_arena_deaths: 2.
num_vsnodes_births: 5.
num_vsnodes_deaths: 0.
num_space_committed: 3592.
num_space_uncommitted: 6.
num_chunks_returned_to_freelist: 50.
num_chunks_taken_from_freelist: 12225.
num_chunk_merges: 22.
num_chunk_splits: 9140.
num_chunks_enlarged: 7017.
num_inconsistent_stats: 0.

CodeHeap 'non-profiled nmethods': size=119232Kb used=9901Kb max_used=13944Kb free=109330Kb
 bounds [0x0000022a192b0000, 0x0000022a1a050000, 0x0000022a20720000]
CodeHeap 'profiled nmethods': size=119104Kb used=44527Kb max_used=75726Kb free=74576Kb
 bounds [0x0000022a11720000, 0x0000022a16120000, 0x0000022a18b70000]
CodeHeap 'non-nmethods': size=7424Kb used=2988Kb max_used=4106Kb free=4435Kb
 bounds [0x0000022a18b70000, 0x0000022a18f90000, 0x0000022a192b0000]
CodeCache: size=245760Kb, used=57416Kb, max_used=93776Kb, free=188341Kb
 total_blobs=20737, nmethods=19486, adapters=1146, full_count=0
Compilation: enabled, stopped_count=0, restarted_count=0

Compilation events (20 events):
Event: 125.947 Thread 0x0000022a294a0c70 nmethod 42945 0x0000022a1948ed88 code [0x0000022a1948ee80, 0x0000022a1948f088]
Event: 125.948 Thread 0x0000022a294a0c70 42956       4       java.util.TreeMap$KeySet::iterator (32 bytes)
Event: 125.948 Thread 0x0000022a32c976f0 nmethod 44600 0x0000022a13042088 code [0x0000022a13042180, 0x0000022a13042580]
Event: 125.948 Thread 0x0000022a32c976f0 44602       2       java.io.File::listFiles (80 bytes)
Event: 125.949 Thread 0x0000022a32c976f0 nmethod 44602 0x0000022a11e5c388 code [0x0000022a11e5c480, 0x0000022a11e5c968]
Event: 125.949 Thread 0x0000022a294a2ee0 nmethod 44601 0x0000022a118aab88 code [0x0000022a118aac80, 0x0000022a118ab7c8]
Event: 125.951 Thread 0x0000022a294a0c70 nmethod 42956 0x0000022a192ee288 code [0x0000022a192ee380, 0x0000022a192ee760]
Event: 125.951 Thread 0x0000022a294a0c70 42957       4       java.util.TreeSet::iterator (15 bytes)
Event: 125.956 Thread 0x0000022a294a0c70 nmethod 42957 0x0000022a193b7608 code [0x0000022a193b7700, 0x0000022a193b7ca0]
Event: 125.956 Thread 0x0000022a294a0c70 43862       4       org.gradle.internal.tools.api.impl.AnnotationValue::compareTo (9 bytes)
Event: 125.960 Thread 0x0000022a294a0c70 nmethod 43862 0x0000022a194f2008 code [0x0000022a194f2100, 0x0000022a194f2400]
Event: 125.960 Thread 0x0000022a294a0c70 42928       4       org.gradle.internal.tools.api.impl.AnnotatableMember::compare (41 bytes)
Event: 125.965 Thread 0x0000022a294a0c70 nmethod 42928 0x0000022a193c4c08 code [0x0000022a193c4d00, 0x0000022a193c52d8]
Event: 125.965 Thread 0x0000022a294a0c70 41925       4       com.google.common.collect.ComparisonChain$InactiveComparisonChain::compare (2 bytes)
Event: 125.966 Thread 0x0000022a294a0c70 nmethod 41925 0x0000022a19513988 code [0x0000022a19513a80, 0x0000022a19513af8]
Event: 125.966 Thread 0x0000022a294a0c70 42990       4       com.google.common.collect.SortedIterables::hasSameComparator (58 bytes)
Event: 125.969 Thread 0x0000022a294a0c70 nmethod 42990 0x0000022a19514588 code [0x0000022a19514680, 0x0000022a19514860]
Event: 125.969 Thread 0x0000022a294a0c70 44603       4       kotlin.jvm.internal.Intrinsics::areEqual (22 bytes)
Event: 125.970 Thread 0x0000022a294a0c70 nmethod 44603 0x0000022a19517c08 code [0x0000022a19517d00, 0x0000022a19517da0]
Event: 125.970 Thread 0x0000022a294a0c70 43017       4       com.google.common.collect.ImmutableSortedSet::copyOf (49 bytes)

GC Heap Usage History (20 events):
Event: 112.240 {heap Before GC invocations=79 (full 0):
 garbage-first heap   total reserved 4194304K, committed 663552K, used 587744K [0x0000000700000000, 0x0000000800000000)
  region size 2048K, 100 young (204800K), 6 survivors (12288K)
}
Event: 112.254 {heap After GC invocations=80 (full 0):
 garbage-first heap   total reserved 4194304K, committed 663552K, used 402941K [0x0000000700000000, 0x0000000800000000)
  region size 2048K, 10 young (20480K), 10 survivors (20480K)
}
Event: 117.042 {heap Before GC invocations=80 (full 0):
 garbage-first heap   total reserved 4194304K, committed 663552K, used 615933K [0x0000000700000000, 0x0000000800000000)
  region size 2048K, 114 young (233472K), 10 survivors (20480K)
}
Event: 117.075 {heap After GC invocations=81 (full 0):
 garbage-first heap   total reserved 4194304K, committed 663552K, used 412913K [0x0000000700000000, 0x0000000800000000)
  region size 2048K, 11 young (22528K), 11 survivors (22528K)
}
Event: 118.133 {heap Before GC invocations=81 (full 0):
 garbage-first heap   total reserved 4194304K, committed 663552K, used 615665K [0x0000000700000000, 0x0000000800000000)
  region size 2048K, 111 young (227328K), 11 survivors (22528K)
}
Event: 118.151 {heap After GC invocations=82 (full 0):
 garbage-first heap   total reserved 4194304K, committed 663552K, used 416574K [0x0000000700000000, 0x0000000800000000)
  region size 2048K, 8 young (16384K), 8 survivors (16384K)
}
Event: 119.555 {heap Before GC invocations=83 (full 0):
 garbage-first heap   total reserved 4194304K, committed 696320K, used 627518K [0x0000000700000000, 0x0000000800000000)
  region size 2048K, 111 young (227328K), 8 survivors (16384K)
}
Event: 119.567 {heap After GC invocations=84 (full 0):
 garbage-first heap   total reserved 4194304K, committed 696320K, used 415454K [0x0000000700000000, 0x0000000800000000)
  region size 2048K, 8 young (16384K), 8 survivors (16384K)
}
Event: 120.589 {heap Before GC invocations=84 (full 0):
 garbage-first heap   total reserved 4194304K, committed 696320K, used 659166K [0x0000000700000000, 0x0000000800000000)
  region size 2048K, 127 young (260096K), 8 survivors (16384K)
}
Event: 120.603 {heap After GC invocations=85 (full 0):
 garbage-first heap   total reserved 4194304K, committed 696320K, used 407838K [0x0000000700000000, 0x0000000800000000)
  region size 2048K, 7 young (14336K), 7 survivors (14336K)
}
Event: 121.265 {heap Before GC invocations=85 (full 0):
 garbage-first heap   total reserved 4194304K, committed 696320K, used 569630K [0x0000000700000000, 0x0000000800000000)
  region size 2048K, 87 young (178176K), 7 survivors (14336K)
}
Event: 121.280 {heap After GC invocations=86 (full 0):
 garbage-first heap   total reserved 4194304K, committed 696320K, used 407653K [0x0000000700000000, 0x0000000800000000)
  region size 2048K, 7 young (14336K), 7 survivors (14336K)
}
Event: 122.568 {heap Before GC invocations=87 (full 0):
 garbage-first heap   total reserved 4194304K, committed 696320K, used 661605K [0x0000000700000000, 0x0000000800000000)
  region size 2048K, 130 young (266240K), 7 survivors (14336K)
}
Event: 122.582 {heap After GC invocations=88 (full 0):
 garbage-first heap   total reserved 4194304K, committed 696320K, used 411229K [0x0000000700000000, 0x0000000800000000)
  region size 2048K, 8 young (16384K), 8 survivors (16384K)
}
Event: 123.277 {heap Before GC invocations=88 (full 0):
 garbage-first heap   total reserved 4194304K, committed 696320K, used 661085K [0x0000000700000000, 0x0000000800000000)
  region size 2048K, 129 young (264192K), 8 survivors (16384K)
}
Event: 123.294 {heap After GC invocations=89 (full 0):
 garbage-first heap   total reserved 4194304K, committed 696320K, used 409975K [0x0000000700000000, 0x0000000800000000)
  region size 2048K, 7 young (14336K), 7 survivors (14336K)
}
Event: 123.894 {heap Before GC invocations=89 (full 0):
 garbage-first heap   total reserved 4194304K, committed 696320K, used 659831K [0x0000000700000000, 0x0000000800000000)
  region size 2048K, 129 young (264192K), 7 survivors (14336K)
}
Event: 123.907 {heap After GC invocations=90 (full 0):
 garbage-first heap   total reserved 4194304K, committed 696320K, used 408911K [0x0000000700000000, 0x0000000800000000)
  region size 2048K, 8 young (16384K), 8 survivors (16384K)
}
Event: 124.778 {heap Before GC invocations=91 (full 0):
 garbage-first heap   total reserved 4194304K, committed 696320K, used 656719K [0x0000000700000000, 0x0000000800000000)
  region size 2048K, 130 young (266240K), 8 survivors (16384K)
}
Event: 124.790 {heap After GC invocations=92 (full 0):
 garbage-first heap   total reserved 4194304K, committed 835584K, used 405761K [0x0000000700000000, 0x0000000800000000)
  region size 2048K, 7 young (14336K), 7 survivors (14336K)
}

Metaspace Usage History (20 events):
Event: 112.240 {metaspace Before GC invocations=79 (full 0):
 Metaspace       used 221819K, committed 223872K, reserved 1245184K
  class space    used 28217K, committed 29184K, reserved 1048576K
}
Event: 112.254 {metaspace After GC invocations=80 (full 0):
 Metaspace       used 221819K, committed 223872K, reserved 1245184K
  class space    used 28217K, committed 29184K, reserved 1048576K
}
Event: 117.042 {metaspace Before GC invocations=80 (full 0):
 Metaspace       used 223454K, committed 225536K, reserved 1310720K
  class space    used 28403K, committed 29376K, reserved 1048576K
}
Event: 117.075 {metaspace After GC invocations=81 (full 0):
 Metaspace       used 223454K, committed 225536K, reserved 1310720K
  class space    used 28403K, committed 29376K, reserved 1048576K
}
Event: 118.133 {metaspace Before GC invocations=81 (full 0):
 Metaspace       used 223536K, committed 225600K, reserved 1310720K
  class space    used 28405K, committed 29376K, reserved 1048576K
}
Event: 118.151 {metaspace After GC invocations=82 (full 0):
 Metaspace       used 223536K, committed 225600K, reserved 1310720K
  class space    used 28405K, committed 29376K, reserved 1048576K
}
Event: 119.555 {metaspace Before GC invocations=83 (full 0):
 Metaspace       used 223612K, committed 225664K, reserved 1310720K
  class space    used 28408K, committed 29376K, reserved 1048576K
}
Event: 119.567 {metaspace After GC invocations=84 (full 0):
 Metaspace       used 223612K, committed 225664K, reserved 1310720K
  class space    used 28408K, committed 29376K, reserved 1048576K
}
Event: 120.589 {metaspace Before GC invocations=84 (full 0):
 Metaspace       used 223655K, committed 225664K, reserved 1310720K
  class space    used 28417K, committed 29376K, reserved 1048576K
}
Event: 120.603 {metaspace After GC invocations=85 (full 0):
 Metaspace       used 223655K, committed 225664K, reserved 1310720K
  class space    used 28417K, committed 29376K, reserved 1048576K
}
Event: 121.265 {metaspace Before GC invocations=85 (full 0):
 Metaspace       used 223670K, committed 225664K, reserved 1310720K
  class space    used 28418K, committed 29376K, reserved 1048576K
}
Event: 121.280 {metaspace After GC invocations=86 (full 0):
 Metaspace       used 223670K, committed 225664K, reserved 1310720K
  class space    used 28418K, committed 29376K, reserved 1048576K
}
Event: 122.568 {metaspace Before GC invocations=87 (full 0):
 Metaspace       used 223679K, committed 225664K, reserved 1310720K
  class space    used 28418K, committed 29376K, reserved 1048576K
}
Event: 122.582 {metaspace After GC invocations=88 (full 0):
 Metaspace       used 223679K, committed 225664K, reserved 1310720K
  class space    used 28418K, committed 29376K, reserved 1048576K
}
Event: 123.277 {metaspace Before GC invocations=88 (full 0):
 Metaspace       used 223679K, committed 225664K, reserved 1310720K
  class space    used 28418K, committed 29376K, reserved 1048576K
}
Event: 123.294 {metaspace After GC invocations=89 (full 0):
 Metaspace       used 223679K, committed 225664K, reserved 1310720K
  class space    used 28418K, committed 29376K, reserved 1048576K
}
Event: 123.894 {metaspace Before GC invocations=89 (full 0):
 Metaspace       used 223684K, committed 225664K, reserved 1310720K
  class space    used 28418K, committed 29376K, reserved 1048576K
}
Event: 123.907 {metaspace After GC invocations=90 (full 0):
 Metaspace       used 223684K, committed 225664K, reserved 1310720K
  class space    used 28418K, committed 29376K, reserved 1048576K
}
Event: 124.778 {metaspace Before GC invocations=91 (full 0):
 Metaspace       used 225724K, committed 227776K, reserved 1310720K
  class space    used 28511K, committed 29504K, reserved 1048576K
}
Event: 124.790 {metaspace After GC invocations=92 (full 0):
 Metaspace       used 225724K, committed 227776K, reserved 1310720K
  class space    used 28511K, committed 29504K, reserved 1048576K
}

Dll operation events (4 events):
Event: 0.017 Loaded shared library C:\Program Files\Android\Android Studio\jbr\bin\java.dll
Event: 0.023 Loaded shared library C:\Program Files\Android\Android Studio\jbr\bin\zip.dll
Event: 1.043 Loaded shared library C:\Program Files\Android\Android Studio\jbr\bin\verify.dll
Event: 56.324 Unloaded dll "C:\Users\conne\AppData\Local\Temp\sqlite-3.41.2.2-51278eb9-9d61-4bad-82cd-d2602305d276-sqlitejdbc.dll" [0x00007ff86f2e0000]

Deoptimization events (20 events):
Event: 125.695 Thread 0x0000022a296a96d0 Uncommon trap: trap_request=0xffffffde fr.pc=0x0000022a194cd808 relative=0x0000000000000188
Event: 125.695 Thread 0x0000022a296a96d0 Uncommon trap: reason=class_check action=maybe_recompile pc=0x0000022a194cd808 method=java.util.regex.Pattern.lambda$negate$0(Ljava/util/regex/Pattern$CharPredicate;I)Z @ 2 c2
Event: 125.695 Thread 0x0000022a296a96d0 DEOPT PACKING pc=0x0000022a194cd808 sp=0x0000006c035fdbe0
Event: 125.695 Thread 0x0000022a296a96d0 DEOPT UNPACKING pc=0x0000022a18c88582 sp=0x0000006c035fdb20 mode 2
Event: 125.695 Thread 0x0000022a296a96d0 Uncommon trap: trap_request=0xffffffde fr.pc=0x0000022a194cd808 relative=0x0000000000000188
Event: 125.695 Thread 0x0000022a296a96d0 Uncommon trap: reason=class_check action=maybe_recompile pc=0x0000022a194cd808 method=java.util.regex.Pattern.lambda$negate$0(Ljava/util/regex/Pattern$CharPredicate;I)Z @ 2 c2
Event: 125.695 Thread 0x0000022a296a96d0 DEOPT PACKING pc=0x0000022a194cd808 sp=0x0000006c035fdbe0
Event: 125.695 Thread 0x0000022a296a96d0 DEOPT UNPACKING pc=0x0000022a18c88582 sp=0x0000006c035fdb20 mode 2
Event: 125.695 Thread 0x0000022a296a96d0 Uncommon trap: trap_request=0xffffffde fr.pc=0x0000022a19f30c90 relative=0x0000000000000710
Event: 125.695 Thread 0x0000022a296a96d0 Uncommon trap: reason=class_check action=maybe_recompile pc=0x0000022a19f30c90 method=java.util.regex.Pattern.lambda$negate$0(Ljava/util/regex/Pattern$CharPredicate;I)Z @ 2 c2
Event: 125.695 Thread 0x0000022a296a96d0 DEOPT PACKING pc=0x0000022a19f30c90 sp=0x0000006c035fdb30
Event: 125.695 Thread 0x0000022a296a96d0 DEOPT UNPACKING pc=0x0000022a18c88582 sp=0x0000006c035fd9e0 mode 2
Event: 125.696 Thread 0x0000022a296a96d0 Uncommon trap: trap_request=0xffffff45 fr.pc=0x0000022a19734784 relative=0x0000000000000084
Event: 125.696 Thread 0x0000022a296a96d0 Uncommon trap: reason=unstable_if action=reinterpret pc=0x0000022a19734784 method=java.util.regex.Pattern$LastNode.match(Ljava/util/regex/Matcher;ILjava/lang/CharSequence;)Z @ 13 c2
Event: 125.696 Thread 0x0000022a296a96d0 DEOPT PACKING pc=0x0000022a19734784 sp=0x0000006c035fdb80
Event: 125.696 Thread 0x0000022a296a96d0 DEOPT UNPACKING pc=0x0000022a18c88582 sp=0x0000006c035fdaf8 mode 2
Event: 125.698 Thread 0x0000022a296a96d0 Uncommon trap: trap_request=0xffffffde fr.pc=0x0000022a1970c16c relative=0x000000000000076c
Event: 125.698 Thread 0x0000022a296a96d0 Uncommon trap: reason=class_check action=maybe_recompile pc=0x0000022a1970c16c method=java.util.regex.Pattern.lambda$negate$0(Ljava/util/regex/Pattern$CharPredicate;I)Z @ 2 c2
Event: 125.698 Thread 0x0000022a296a96d0 DEOPT PACKING pc=0x0000022a1970c16c sp=0x0000006c035fdc40
Event: 125.698 Thread 0x0000022a296a96d0 DEOPT UNPACKING pc=0x0000022a18c88582 sp=0x0000006c035fdb10 mode 2

Classes loaded (20 events):
Event: 125.174 Loading class java/time/format/DateTimeFormatterBuilder$NanosPrinterParser
Event: 125.175 Loading class java/time/format/DateTimeFormatterBuilder$NanosPrinterParser done
Event: 125.175 Loading class java/time/format/DateTimeFormatterBuilder$ZoneIdPrinterParser
Event: 125.175 Loading class java/time/format/DateTimeFormatterBuilder$ZoneIdPrinterParser done
Event: 125.176 Loading class java/time/format/DateTimeFormatterBuilder$StringLiteralPrinterParser
Event: 125.176 Loading class java/time/format/DateTimeFormatterBuilder$StringLiteralPrinterParser done
Event: 125.177 Loading class java/time/format/DateTimeFormatterBuilder$InstantPrinterParser
Event: 125.178 Loading class java/time/format/DateTimeFormatterBuilder$InstantPrinterParser done
Event: 125.178 Loading class java/time/format/DateTimeTextProvider$LocaleStore
Event: 125.178 Loading class java/time/format/DateTimeTextProvider$LocaleStore done
Event: 125.179 Loading class java/time/format/DateTimeTextProvider
Event: 125.179 Loading class java/time/format/DateTimeTextProvider done
Event: 125.179 Loading class java/time/format/DateTimeTextProvider$1
Event: 125.180 Loading class java/time/format/DateTimeTextProvider$1 done
Event: 125.180 Loading class java/time/format/DateTimeFormatterBuilder$1
Event: 125.180 Loading class java/time/format/DateTimeFormatterBuilder$1 done
Event: 125.180 Loading class java/time/format/DateTimeFormatterBuilder$TextPrinterParser
Event: 125.181 Loading class java/time/format/DateTimeFormatterBuilder$TextPrinterParser done
Event: 125.216 Loading class java/time/Clock$SystemClock
Event: 125.219 Loading class java/time/Clock$SystemClock done

Classes unloaded (20 events):
Event: 56.288 Thread 0x0000022a28aac580 Unloading class 0x00000000bc071e00 'androidx/room/compiler/processing/ksp/KspProcessingEnv$jvmVersion$2'
Event: 56.288 Thread 0x0000022a28aac580 Unloading class 0x00000000bc071940 'androidx/room/compiler/processing/XProcessingEnv$Platform'
Event: 56.288 Thread 0x0000022a28aac580 Unloading class 0x00000000bc0716b8 'androidx/room/compiler/processing/ksp/KspProcessingEnv$jvmPlatformInfo$2'
Event: 56.288 Thread 0x0000022a28aac580 Unloading class 0x00000000bc0711f8 'androidx/room/compiler/processing/XProcessingEnv$Backend'
Event: 56.288 Thread 0x0000022a28aac580 Unloading class 0x00000000bc070fb0 'androidx/room/compiler/processing/XProcessingEnv$Companion'
Event: 56.288 Thread 0x0000022a28aac580 Unloading class 0x00000000bc070bd8 'androidx/room/compiler/processing/ksp/KspProcessingEnv'
Event: 56.288 Thread 0x0000022a28aac580 Unloading class 0x00000000bc070998 'androidx/room/compiler/processing/XProcessingEnv'
Event: 56.288 Thread 0x0000022a28aac580 Unloading class 0x00000000bc070710 'androidx/room/compiler/processing/ksp/KspBasicAnnotationProcessor$DelegateLogger'
Event: 56.288 Thread 0x0000022a28aac580 Unloading class 0x00000000bc070250 'androidx/room/processor/Context$BooleanProcessorOptions'
Event: 56.288 Thread 0x0000022a28aac580 Unloading class 0x00000000bc070000 'androidx/room/compiler/processing/XProcessingEnvConfig$Builder'
Event: 56.288 Thread 0x0000022a28aac580 Unloading class 0x00000000bc06dc28 'androidx/room/compiler/processing/XProcessingEnvConfig$Companion'
Event: 56.288 Thread 0x0000022a28aac580 Unloading class 0x00000000bc06d9e0 'androidx/room/compiler/processing/XProcessingEnvConfig'
Event: 56.288 Thread 0x0000022a28aac580 Unloading class 0x00000000bc06d798 'androidx/room/DatabaseProcessingStep$Companion'
Event: 56.288 Thread 0x0000022a28aac580 Unloading class 0x00000000bc06d510 'androidx/room/DatabaseProcessingStep'
Event: 56.288 Thread 0x0000022a28aac580 Unloading class 0x00000000bc06d2d0 'androidx/room/compiler/processing/XProcessingStep'
Event: 56.288 Thread 0x0000022a28aac580 Unloading class 0x00000000bc06d000 'androidx/room/RoomKspProcessor'
Event: 56.288 Thread 0x0000022a28aac580 Unloading class 0x00000000bc06cc00 'androidx/room/compiler/processing/ksp/KspBasicAnnotationProcessor'
Event: 56.288 Thread 0x0000022a28aac580 Unloading class 0x00000000bbb5c4c0 'androidx/room/compiler/processing/XBasicAnnotationProcessor'
Event: 56.288 Thread 0x0000022a28aac580 Unloading class 0x00000000bbb5c260 'com/squareup/moshi/kotlin/codegen/ksp/JsonClassSymbolProcessorProvider'
Event: 56.288 Thread 0x0000022a28aac580 Unloading class 0x00000000bbb5c000 'androidx/room/RoomKspProcessor$Provider'

Classes redefined (0 events):
No events

Internal exceptions (20 events):
Event: 125.830 Thread 0x0000022a296a96d0 Exception <a 'sun/nio/fs/WindowsException'{0x000000072c1db030}> (0x000000072c1db030) 
thrown [s\src\hotspot\share\prims\jni.cpp, line 535]
Event: 125.833 Thread 0x0000022a296a96d0 Exception <a 'sun/nio/fs/WindowsException'{0x000000072c1f5fc0}> (0x000000072c1f5fc0) 
thrown [s\src\hotspot\share\prims\jni.cpp, line 535]
Event: 125.837 Thread 0x0000022a296a96d0 Exception <a 'sun/nio/fs/WindowsException'{0x000000072bd12490}> (0x000000072bd12490) 
thrown [s\src\hotspot\share\prims\jni.cpp, line 535]
Event: 125.843 Thread 0x0000022a296a96d0 Exception <a 'sun/nio/fs/WindowsException'{0x000000072bd280d0}> (0x000000072bd280d0) 
thrown [s\src\hotspot\share\prims\jni.cpp, line 535]
Event: 125.847 Thread 0x0000022a296a96d0 Exception <a 'sun/nio/fs/WindowsException'{0x000000072bd3f1b8}> (0x000000072bd3f1b8) 
thrown [s\src\hotspot\share\prims\jni.cpp, line 535]
Event: 125.850 Thread 0x0000022a296a96d0 Exception <a 'sun/nio/fs/WindowsException'{0x000000072bd471e8}> (0x000000072bd471e8) 
thrown [s\src\hotspot\share\prims\jni.cpp, line 535]
Event: 125.856 Thread 0x0000022a296a96d0 Exception <a 'sun/nio/fs/WindowsException'{0x000000072bd579a8}> (0x000000072bd579a8) 
thrown [s\src\hotspot\share\prims\jni.cpp, line 535]
Event: 125.862 Thread 0x0000022a296a96d0 Exception <a 'sun/nio/fs/WindowsException'{0x000000072bd82500}> (0x000000072bd82500) 
thrown [s\src\hotspot\share\prims\jni.cpp, line 535]
Event: 125.865 Thread 0x0000022a296a96d0 Exception <a 'sun/nio/fs/WindowsException'{0x000000072bd8ca50}> (0x000000072bd8ca50) 
thrown [s\src\hotspot\share\prims\jni.cpp, line 535]
Event: 125.873 Thread 0x0000022a296a96d0 Exception <a 'sun/nio/fs/WindowsException'{0x000000072bd98948}> (0x000000072bd98948) 
thrown [s\src\hotspot\share\prims\jni.cpp, line 535]
Event: 125.876 Thread 0x0000022a296a96d0 Exception <a 'sun/nio/fs/WindowsException'{0x000000072bda2728}> (0x000000072bda2728) 
thrown [s\src\hotspot\share\prims\jni.cpp, line 535]
Event: 125.879 Thread 0x0000022a296a96d0 Exception <a 'sun/nio/fs/WindowsException'{0x000000072bdac300}> (0x000000072bdac300) 
thrown [s\src\hotspot\share\prims\jni.cpp, line 535]
Event: 125.882 Thread 0x0000022a296a96d0 Exception <a 'sun/nio/fs/WindowsException'{0x000000072bdb4098}> (0x000000072bdb4098) 
thrown [s\src\hotspot\share\prims\jni.cpp, line 535]
Event: 125.890 Thread 0x0000022a296a96d0 Exception <a 'sun/nio/fs/WindowsException'{0x000000072bdc2158}> (0x000000072bdc2158) 
thrown [s\src\hotspot\share\prims\jni.cpp, line 535]
Event: 125.897 Thread 0x0000022a296a96d0 Exception <a 'sun/nio/fs/WindowsException'{0x000000072bdd1bf0}> (0x000000072bdd1bf0) 
thrown [s\src\hotspot\share\prims\jni.cpp, line 535]
Event: 125.956 Thread 0x0000022a296a96d0 Exception <a 'sun/nio/fs/WindowsException'{0x000000072bdef2d0}> (0x000000072bdef2d0) 
thrown [s\src\hotspot\share\prims\jni.cpp, line 535]
Event: 125.975 Thread 0x0000022a296a96d0 Exception <a 'sun/nio/fs/WindowsException'{0x000000072bdfb950}> (0x000000072bdfb950) 
thrown [s\src\hotspot\share\prims\jni.cpp, line 535]
Event: 125.981 Thread 0x0000022a296a96d0 Exception <a 'sun/nio/fs/WindowsException'{0x000000072b909ca8}> (0x000000072b909ca8) 
thrown [s\src\hotspot\share\prims\jni.cpp, line 535]
Event: 125.983 Thread 0x0000022a296a96d0 Exception <a 'sun/nio/fs/WindowsException'{0x000000072b911268}> (0x000000072b911268) 
thrown [s\src\hotspot\share\prims\jni.cpp, line 535]
Event: 125.985 Thread 0x0000022a296a96d0 Exception <a 'sun/nio/fs/WindowsException'{0x000000072b917d38}> (0x000000072b917d38) 
thrown [s\src\hotspot\share\prims\jni.cpp, line 535]

VM Operations (20 events):
Event: 120.589 Executing safepoint VM operation: G1CollectForAllocation (G1 Evacuation Pause)
Event: 120.603 Executing safepoint VM operation: G1CollectForAllocation (G1 Evacuation Pause) done
Event: 121.265 Executing safepoint VM operation: G1TryInitiateConcMark (G1 Humongous Allocation)
Event: 121.280 Executing safepoint VM operation: G1TryInitiateConcMark (G1 Humongous Allocation) done
Event: 121.538 Executing safepoint VM operation: G1PauseRemark
Event: 121.618 Executing safepoint VM operation: G1PauseRemark done
Event: 121.696 Executing safepoint VM operation: G1PauseCleanup
Event: 121.696 Executing safepoint VM operation: G1PauseCleanup done
Event: 122.568 Executing safepoint VM operation: G1CollectForAllocation (G1 Evacuation Pause)
Event: 122.583 Executing safepoint VM operation: G1CollectForAllocation (G1 Evacuation Pause) done
Event: 123.277 Executing safepoint VM operation: G1CollectForAllocation (G1 Evacuation Pause)
Event: 123.294 Executing safepoint VM operation: G1CollectForAllocation (G1 Evacuation Pause) done
Event: 123.894 Executing safepoint VM operation: G1CollectForAllocation (G1 Evacuation Pause)
Event: 123.907 Executing safepoint VM operation: G1CollectForAllocation (G1 Evacuation Pause) done
Event: 124.162 Executing safepoint VM operation: G1PauseRemark
Event: 124.178 Executing safepoint VM operation: G1PauseRemark done
Event: 124.259 Executing safepoint VM operation: G1PauseCleanup
Event: 124.260 Executing safepoint VM operation: G1PauseCleanup done
Event: 124.777 Executing safepoint VM operation: G1CollectForAllocation (G1 Evacuation Pause)
Event: 124.790 Executing safepoint VM operation: G1CollectForAllocation (G1 Evacuation Pause) done

Memory protections (0 events):
No events

Nmethod flushes (20 events):
Event: 124.174 Thread 0x0000022a28aac580 flushing  nmethod 0x0000022a1985d288
Event: 124.174 Thread 0x0000022a28aac580 flushing  nmethod 0x0000022a1572df08
Event: 124.174 Thread 0x0000022a28aac580 flushing  nmethod 0x0000022a11ea6408
Event: 124.174 Thread 0x0000022a28aac580 flushing  nmethod 0x0000022a15ad3b88
Event: 124.174 Thread 0x0000022a28aac580 flushing  nmethod 0x0000022a15ad4388
Event: 124.174 Thread 0x0000022a28aac580 flushing  nmethod 0x0000022a15ad4808
Event: 124.174 Thread 0x0000022a28aac580 flushing  nmethod 0x0000022a15be6688
Event: 124.174 Thread 0x0000022a28aac580 flushing  nmethod 0x0000022a15c57888
Event: 124.174 Thread 0x0000022a28aac580 flushing  nmethod 0x0000022a19fd1b88
Event: 124.174 Thread 0x0000022a28aac580 flushing  nmethod 0x0000022a12c13708
Event: 124.174 Thread 0x0000022a28aac580 flushing  nmethod 0x0000022a12eecc08
Event: 124.174 Thread 0x0000022a28aac580 flushing  nmethod 0x0000022a12ef1208
Event: 124.174 Thread 0x0000022a28aac580 flushing  nmethod 0x0000022a12ef1a08
Event: 124.174 Thread 0x0000022a28aac580 flushing  nmethod 0x0000022a13cbb888
Event: 124.174 Thread 0x0000022a28aac580 flushing  nmethod 0x0000022a15d88008
Event: 124.174 Thread 0x0000022a28aac580 flushing  nmethod 0x0000022a15d88588
Event: 124.174 Thread 0x0000022a28aac580 flushing  nmethod 0x0000022a13022a08
Event: 124.174 Thread 0x0000022a28aac580 flushing  nmethod 0x0000022a13168f08
Event: 124.174 Thread 0x0000022a28aac580 flushing  nmethod 0x0000022a13fb6108
Event: 124.174 Thread 0x0000022a28aac580 flushing  nmethod 0x0000022a15431d08

Events (20 events):
Event: 57.894 Thread 0x0000022a294a2ee0 Thread added: 0x0000022a3e25cdd0
Event: 59.006 Thread 0x0000022a3e25cdd0 Thread exited: 0x0000022a3e25cdd0
Event: 59.412 Thread 0x0000022a2f86daa0 Thread added: 0x0000022a3e260e50
Event: 60.508 Thread 0x0000022a3e260e50 Thread exited: 0x0000022a3e260e50
Event: 60.994 Thread 0x0000022a2f86daa0 Thread added: 0x0000022a3e267720
Event: 63.066 Thread 0x0000022a3e267720 Thread exited: 0x0000022a3e267720
Event: 64.153 Thread 0x0000022a32ad55c0 Thread added: 0x0000022a3e267720
Event: 70.744 Thread 0x0000022a32c9e7d0 Thread exited: 0x0000022a32c9e7d0
Event: 70.911 Thread 0x0000022a32ad55c0 Thread exited: 0x0000022a32ad55c0
Event: 73.764 Thread 0x0000022a294a2ee0 Thread added: 0x0000022a3313f6a0
Event: 84.931 Thread 0x0000022a3e267720 Thread exited: 0x0000022a3e267720
Event: 97.385 Thread 0x0000022a30415270 Thread added: 0x0000022a3f1a8ed0
Event: 99.355 Thread 0x0000022a302966e0 Thread exited: 0x0000022a302966e0
Event: 99.388 Thread 0x0000022a30298df0 Thread exited: 0x0000022a30298df0
Event: 114.698 Thread 0x0000022a340a1140 Thread exited: 0x0000022a340a1140
Event: 121.622 Thread 0x0000022a3313f6a0 Thread exited: 0x0000022a3313f6a0
Event: 122.435 Thread 0x0000022a2f86daa0 Thread exited: 0x0000022a2f86daa0
Event: 124.435 Thread 0x0000022a294a2ee0 Thread added: 0x0000022a32c976f0
Event: 125.411 Thread 0x0000022a3095d690 Thread added: 0x0000022a53e77250
Event: 126.998 Thread 0x0000022a3029b500 Thread added: 0x0000022a53e74370


Dynamic libraries:
0x00007ff7d13c0000 - 0x00007ff7d13ca000 	C:\Program Files\Android\Android Studio\jbr\bin\java.exe
0x00007ff8bf8a0000 - 0x00007ff8bfb06000 	C:\Windows\SYSTEM32\ntdll.dll
0x00007ff8bdb40000 - 0x00007ff8bdc09000 	C:\Windows\System32\KERNEL32.DLL
0x00007ff8bcba0000 - 0x00007ff8bcf9f000 	C:\Windows\System32\KERNELBASE.dll
0x00007ff8bd300000 - 0x00007ff8bd44c000 	C:\Windows\System32\ucrtbase.dll
0x00007ff8a55e0000 - 0x00007ff8a55f6000 	C:\Program Files\Android\Android Studio\jbr\bin\jli.dll
0x00007ff8a5500000 - 0x00007ff8a551b000 	C:\Program Files\Android\Android Studio\jbr\bin\VCRUNTIME140.dll
0x00007ff8a1040000 - 0x00007ff8a12d1000 	C:\Windows\WinSxS\amd64_microsoft.windows.common-controls_6595b64144ccf1df_6.0.26100.8972_none_3e0da176e32f9d4b\COMCTL32.dll
0x00007ff8bee90000 - 0x00007ff8bf056000 	C:\Windows\System32\USER32.dll
0x00007ff8bd960000 - 0x00007ff8bda09000 	C:\Windows\System32\msvcrt.dll
0x00007ff8bcab0000 - 0x00007ff8bcad7000 	C:\Windows\System32\win32u.dll
0x00007ff8bda10000 - 0x00007ff8bda3b000 	C:\Windows\System32\GDI32.dll
0x00007ff8bd140000 - 0x00007ff8bd269000 	C:\Windows\System32\gdi32full.dll
0x00007ff8bd520000 - 0x00007ff8bd5c3000 	C:\Windows\System32\msvcp_win.dll
0x00007ff8bd920000 - 0x00007ff8bd952000 	C:\Windows\System32\IMM32.DLL
0x00007ff88fc70000 - 0x00007ff88fd62000 	C:\Program Files\Windhawk\Engine\1.7.3\64\windhawk.dll
0x00007ff8bd7d0000 - 0x00007ff8bd88c000 	C:\Windows\System32\ADVAPI32.dll
0x00007ff8bdca0000 - 0x00007ff8bdd4a000 	C:\Windows\System32\sechost.dll
0x00007ff8bf420000 - 0x00007ff8bf538000 	C:\Windows\System32\RPCRT4.dll
0x00007ff8a7dd0000 - 0x00007ff8a7ddc000 	C:\Program Files\Android\Android Studio\jbr\bin\vcruntime140_1.dll
0x00007ff87a080000 - 0x00007ff87a10d000 	C:\Program Files\Android\Android Studio\jbr\bin\msvcp140.dll
0x00007ff80b2d0000 - 0x00007ff80c1aa000 	C:\Program Files\Android\Android Studio\jbr\bin\server\jvm.dll
0x00007ff8bdef0000 - 0x00007ff8bdf72000 	C:\Windows\System32\WS2_32.dll
0x00007ff8bc910000 - 0x00007ff8bc96e000 	C:\Windows\SYSTEM32\POWRPROF.dll
0x00007ff8a6120000 - 0x00007ff8a612b000 	C:\Windows\SYSTEM32\VERSION.dll
0x00007ff8b9260000 - 0x00007ff8b9296000 	C:\Windows\SYSTEM32\WINMM.dll
0x00007ff8bc8f0000 - 0x00007ff8bc905000 	C:\Windows\SYSTEM32\UMPDC.dll
0x00007ff8bb770000 - 0x00007ff8bb78b000 	C:\Windows\SYSTEM32\kernel.appcore.dll
0x00007ff8a7760000 - 0x00007ff8a776a000 	C:\Program Files\Android\Android Studio\jbr\bin\jimage.dll
0x00007ff8ba0e0000 - 0x00007ff8ba322000 	C:\Windows\SYSTEM32\DBGHELP.DLL
0x00007ff8bf080000 - 0x00007ff8bf405000 	C:\Windows\System32\combase.dll
0x00007ff8be5b0000 - 0x00007ff8be689000 	C:\Windows\System32\OLEAUT32.dll
0x00007ff89b370000 - 0x00007ff89b3ab000 	C:\Windows\SYSTEM32\dbgcore.DLL
0x00007ff8bd460000 - 0x00007ff8bd50c000 	C:\Windows\System32\bcryptPrimitives.dll
0x00007ff8947c0000 - 0x00007ff8947ce000 	C:\Program Files\Android\Android Studio\jbr\bin\instrument.dll
0x00007ff8a31f0000 - 0x00007ff8a320f000 	C:\Program Files\Android\Android Studio\jbr\bin\java.dll
0x00007ff8bdd50000 - 0x00007ff8bdee9000 	C:\Windows\System32\ole32.dll
0x00007ff8be700000 - 0x00007ff8bee88000 	C:\Windows\System32\SHELL32.dll
0x00007ff8a2ba0000 - 0x00007ff8a2bb7000 	C:\Program Files\Android\Android Studio\jbr\bin\zip.dll
0x00007ff8ba520000 - 0x00007ff8badbb000 	C:\Windows\SYSTEM32\windows.storage.dll
0x00007ff8bdf80000 - 0x00007ff8be079000 	C:\Windows\System32\SHCORE.dll
0x00007ff8be690000 - 0x00007ff8be6f6000 	C:\Windows\System32\shlwapi.dll
0x00007ff8bc9d0000 - 0x00007ff8bc9f9000 	C:\Windows\SYSTEM32\profapi.dll
0x00007ff8a55d0000 - 0x00007ff8a55e0000 	C:\Program Files\Android\Android Studio\jbr\bin\net.dll
0x00007ff8bbd10000 - 0x00007ff8bbd7c000 	C:\Windows\system32\mswsock.dll
0x00007ff89f9a0000 - 0x00007ff89f9b6000 	C:\Program Files\Android\Android Studio\jbr\bin\nio.dll
0x00007ff89bae0000 - 0x00007ff89baf0000 	C:\Program Files\Android\Android Studio\jbr\bin\verify.dll
0x00007ff88a2e0000 - 0x00007ff88a307000 	C:\Users\conne\.gradle\native\660c5614fbf4a5f2a75b1949f50a0caf5cd603558e7d8a26e50b933a0cfb79d1\windows-amd64\native-platform.dll
0x00007ff846bd0000 - 0x00007ff846c47000 	C:\Users\conne\.gradle\native\0.2.8\x86_64-windows-gnu\gradle-fileevents.dll
0x00007ff89f990000 - 0x00007ff89f999000 	C:\Program Files\Android\Android Studio\jbr\bin\management.dll
0x00007ff89c200000 - 0x00007ff89c20b000 	C:\Program Files\Android\Android Studio\jbr\bin\management_ext.dll
0x00007ff8bf060000 - 0x00007ff8bf068000 	C:\Windows\System32\PSAPI.DLL
0x00007ff8bb1d0000 - 0x00007ff8bb203000 	C:\Windows\SYSTEM32\IPHLPAPI.DLL
0x00007ff8bf070000 - 0x00007ff8bf07a000 	C:\Windows\System32\NSI.dll
0x00007ff89baf0000 - 0x00007ff89baf9000 	C:\Program Files\Android\Android Studio\jbr\bin\extnet.dll
0x00007ff8bc040000 - 0x00007ff8bc05b000 	C:\Windows\SYSTEM32\CRYPTSP.dll
0x00007ff8bb6d0000 - 0x00007ff8bb709000 	C:\Windows\system32\rsaenh.dll
0x00007ff8bbdc0000 - 0x00007ff8bbdf2000 	C:\Windows\SYSTEM32\USERENV.dll
0x00007ff8bc9a0000 - 0x00007ff8bc9ca000 	C:\Windows\SYSTEM32\bcrypt.dll
0x00007ff8bc020000 - 0x00007ff8bc02c000 	C:\Windows\SYSTEM32\CRYPTBASE.dll
0x00007ff88ac00000 - 0x00007ff88ac08000 	C:\Windows\system32\wshunix.dll
0x00007ff85bff0000 - 0x00007ff85c17a000 	C:\Program Files\Android\Android Studio\jbr\bin\awt.dll
0x00007ff8b9920000 - 0x00007ff8b994f000 	C:\Windows\SYSTEM32\dwmapi.dll
0x00007ff887740000 - 0x00007ff8877b5000 	C:\Windows\SYSTEM32\OLEACC.dll
0x00007ff86f250000 - 0x00007ff86f293000 	C:\Program Files\Android\Android Studio\jbr\bin\nvdaControllerClient.dll
0x00007ff8b8a80000 - 0x00007ff8b8b1f000 	C:\Windows\SYSTEM32\apphelp.dll
0x00007ff8b97a0000 - 0x00007ff8b9848000 	C:\Windows\system32\uxtheme.dll
0x00007ff8bd5d0000 - 0x00007ff8bd72d000 	C:\Windows\System32\MSCTF.dll
0x00007ff8bb8a0000 - 0x00007ff8bb8d6000 	C:\Windows\SYSTEM32\ntmarta.dll

JVMTI agents:
C:\Users\conne\.gradle\wrapper\dists\gradle-9.3.1-bin\23ovyewtku6u96viwx3xl3oks\gradle-9.3.1\lib\agents\gradle-instrumentation-agent-9.3.1.jar path:C:\Program Files\Android\Android Studio\jbr\bin\instrument.dll, loaded, initialized, instrumentlib options:none

dbghelp: loaded successfully - version: 4.0.5 - missing functions: none
symbol engine: initialized successfully - sym options: 0x614 - pdb path: .;C:\Program Files\Android\Android Studio\jbr\bin;C:\Windows\SYSTEM32;C:\Windows\WinSxS\amd64_microsoft.windows.common-controls_6595b64144ccf1df_6.0.26100.8972_none_3e0da176e32f9d4b;C:\Program Files\Windhawk\Engine\1.7.3\64;C:\Program Files\Android\Android Studio\jbr\bin\server;C:\Users\conne\.gradle\native\660c5614fbf4a5f2a75b1949f50a0caf5cd603558e7d8a26e50b933a0cfb79d1\windows-amd64;C:\Users\conne\.gradle\native\0.2.8\x86_64-windows-gnu;C:\Users\conne\AppData\Local\Temp

VM Arguments:
jvm_args: --add-opens=java.base/java.lang=ALL-UNNAMED --add-opens=java.base/java.lang.invoke=ALL-UNNAMED --add-opens=java.base/java.util=ALL-UNNAMED --add-opens=java.prefs/java.util.prefs=ALL-UNNAMED --add-exports=jdk.compiler/com.sun.tools.javac.api=ALL-UNNAMED --add-exports=jdk.compiler/com.sun.tools.javac.util=ALL-UNNAMED --add-opens=java.base/java.util=ALL-UNNAMED --add-opens=java.prefs/java.util.prefs=ALL-UNNAMED --add-opens=java.base/java.nio.charset=ALL-UNNAMED --add-opens=java.base/java.net=ALL-UNNAMED --add-opens=java.base/java.util.concurrent=ALL-UNNAMED --add-opens=java.base/java.util.concurrent.atomic=ALL-UNNAMED --add-opens=java.xml/javax.xml.namespace=ALL-UNNAMED --add-opens=java.base/java.time=ALL-UNNAMED --enable-native-access=ALL-UNNAMED -Xmx4g -Dfile.encoding=UTF-8 -Duser.country=IN -Duser.language=en -Duser.variant -javaagent:C:\Users\conne\.gradle\wrapper\dists\gradle-9.3.1-bin\23ovyewtku6u96viwx3xl3oks\gradle-9.3.1\lib\agents\gradle-instrumentation-agent-9.3.1.jar 
java_command: org.gradle.launcher.daemon.bootstrap.GradleDaemon 9.3.1
java_class_path (initial): C:\Users\conne\.gradle\wrapper\dists\gradle-9.3.1-bin\23ovyewtku6u96viwx3xl3oks\gradle-9.3.1\lib\gradle-daemon-main-9.3.1.jar
Launcher Type: SUN_STANDARD

[Global flags]
     intx CICompilerCount                          = 12                                        {product} {ergonomic}
     uint ConcGCThreads                            = 4                                         {product} {ergonomic}
     uint G1ConcRefinementThreads                  = 14                                        {product} {ergonomic}
   size_t G1HeapRegionSize                         = 2097152                                   {product} {ergonomic}
   size_t InitialHeapSize                          = 260046848                                 {product} {ergonomic}
   size_t MarkStackSize                            = 4194304                                   {product} {ergonomic}
   size_t MarkStackSizeMax                         = 536870912                                 {product} {ergonomic}
   size_t MaxHeapSize                              = 4294967296                                {product} {command line}
   size_t MaxNewSize                               = 2575302656                                {product} {ergonomic}
   size_t MinHeapDeltaBytes                        = 2097152                                   {product} {ergonomic}
   size_t MinHeapSize                              = 8388608                                   {product} {ergonomic}
    uintx NonNMethodCodeHeapSize                   = 7602176                                {pd product} {ergonomic}
    uintx NonProfiledCodeHeapSize                  = 122093568                              {pd product} {ergonomic}
    uintx ProfiledCodeHeapSize                     = 121962496                              {pd product} {ergonomic}
    uintx ReservedCodeCacheSize                    = 251658240                              {pd product} {ergonomic}
     bool SegmentedCodeCache                       = true                                      {product} {ergonomic}
   size_t SoftMaxHeapSize                          = 4294967296                             {manageable} {ergonomic}
     bool UseCompressedOops                        = true                           {product lp64_product} {ergonomic}
     bool UseG1GC                                  = true                                      {product} {ergonomic}
     bool UseLargePagesIndividualAllocation        = false                                  {pd product} {ergonomic}

Logging:
Log output configuration:
 #0: stdout all=warning uptime,level,tags foldmultilines=false
 #1: stderr all=off uptime,level,tags foldmultilines=false

Release file:
JAVA_VERSION="25.0.2" 
MODULES="java.base java.compiler java.datatransfer java.xml java.prefs java.desktop java.instrument java.logging java.management java.security.sasl java.naming java.rmi java.management.rmi java.net.http java.scripting java.security.jgss java.transaction.xa java.sql java.sql.rowset java.xml.crypto java.se java.smartcardio jdk.accessibility jdk.internal.jvmstat jdk.attach jdk.charsets jdk.internal.opt jdk.zipfs jdk.compiler jdk.crypto.cryptoki jdk.crypto.ec jdk.dynalink jdk.hotspot.agent jdk.httpserver jdk.internal.ed jdk.internal.le jdk.internal.md jdk.internal.vm.ci jdk.jartool jdk.javadoc jdk.jcmd jdk.jdeps jdk.jdwp.agent jdk.jdi jdk.jfr jdk.jlink jdk.localedata jdk.management jdk.management.agent jdk.management.jfr jdk.naming.dns jdk.naming.rmi jdk.net jdk.sctp jdk.security.auth jdk.security.jgss jdk.unsupported jdk.unsupported.desktop jdk.xml.dom" 
IMPLEMENTOR="JetBrains s.r.o." 
JAVA_RUNTIME_VERSION="25.0.2+-15348964-b329.117" 
LIBC="default" 
OS_ARCH="x86_64" 
OS_NAME="Windows" 
SOURCE=".:git:3cf398e84a39" 

Environment Variables:
JAVA_HOME=C:\Program Files\Android\Android Studio\jbr
PATH=C:\Program Files\PowerShell\7;C:/Users/conne/.gemini/antigravity-ide/bin;C:\Program Files\Common Files\Oracle\Java\javapath;C:\Program Files (x86)\Common Files\Oracle\Java\java8path;C:\Program Files (x86)\Common Files\Oracle\Java\javapath;C:\Windows\system32;C:\Windows;C:\Windows\System32\Wbem;C:\Windows\System32\WindowsPowerShell\v1.0\;C:\Windows\System32\OpenSSH\;C:\Program Files\Git\cmd;C:\Program Files\dotnet\;C:\Program Files\GitHub CLI\;C:\Program Files\nodejs\;C:\Program Files\PowerShell\7\;C:\Program Files\Docker\Docker\resources\bin;C:\Users\conne\AppData\Local\Programs\Python\Python311\Scripts\;C:\Users\conne\AppData\Local\Programs\Python\Python311\;C:\Users\conne\AppData\Local\Microsoft\WindowsApps;C:\Users\conne\AppData\Local\Programs\Microsoft VS Code\bin;C:\Users\conne\.dotnet\tools;C:\Users\conne\AppData\Local\Programs\Antigravity\bin;C:\Users\conne\AppData\Local\GitHubDesktop\bin;C:\Users\conne\AppData\Local\Programs\Ollama;C:\Users\conne\AppData\Local\Microsoft\WinGet\Packages\Ngrok.Ngrok_Microsoft.Winget.Source_8wekyb3d8bbwe;C:\Users\conne\AppData\Local\Programs\Antigravity IDE\bin;C:\Users\conne\AppData\Roaming\npm;C:\Users\conne\AppData\Local\Google\Cloud SDK\google-cloud-sdk\bin
USERNAME=conne
OS=Windows_NT
PROCESSOR_IDENTIFIER=Intel64 Family 6 Model 170 Stepping 4, GenuineIntel
TMP=C:\Users\conne\AppData\Local\Temp
TEMP=C:\Users\conne\AppData\Local\Temp




Compilation memory statistics disabled.

Periodic native trim disabled

JNI global refs:
JNI global refs: 46, weak refs: 135

JNI global refs memory usage: 835, weak refs: 2097

Process memory usage:
Resident Set Size: 1134640K (7% of 16184696K total physical memory with 383976K free physical memory)

OOME stack traces (most recent first):
Classloader memory used:
Loader java.net.URLClassLoader                                                         : 132 M
Loader org.gradle.internal.classloader.VisitableURLClassLoader                         : 39883 K
Loader bootstrap                                                                       : 27989 K
Loader org.gradle.internal.classloader.VisitableURLClassLoader$InstrumentingVisitableURLClassLoader: 14022 K
Loader org.gradle.initialization.MixInLegacyTypesClassLoader                           : 9336 K
Loader jdk.internal.jrtfs.JrtFileSystemProvider$JrtFsLoader                            : 629 K
Loader jdk.internal.loader.ClassLoaders$PlatformClassLoader                            : 260 K
Loader jdk.internal.loader.ClassLoaders$AppClassLoader                                 : 226 K

Classes loaded by more than one classloader:
Class kotlin.sequences.DropTakeSequence                                               : loaded 3 times (x 72B)
Class kotlin.ranges.IntProgression                                                    : loaded 3 times (x 83B)
Class kotlin.io.FileWalkDirection                                                     : loaded 3 times (x 81B)
Class kotlin.sequences.FlatteningSequence                                             : loaded 3 times (x 77B)
Class kotlin.coroutines.jvm.internal.CompletedContinuation                            : loaded 3 times (x 77B)
Class jdk.internal.jimage.decompressor.ResourceDecompressor$StringsProvider           : loaded 3 times (x 72B)
Class kotlin.io.TextStreamsKt                                                         : loaded 3 times (x 73B)
Class kotlin.text.StringsKt__StringsKt                                                : loaded 3 times (x 73B)
Class kotlin.NotImplementedError                                                      : loaded 3 times (x 84B)
Class kotlin.coroutines.CoroutineContext                                              : loaded 3 times (x 72B)
Class kotlin.coroutines.jvm.internal.DebugProbesKt                                    : loaded 3 times (x 73B)
Class kotlin.ranges.IntProgressionIterator                                            : loaded 3 times (x 84B)
Class kotlin.collections.CollectionsKt                                                : loaded 3 times (x 73B)
Class jdk.internal.jimage.BasicImageReader                                            : loaded 3 times (x 97B)
Class kotlin.reflect.KMutableProperty2                                                : loaded 3 times (x 72B)
Class kotlin.io.NoSuchFileException                                                   : loaded 3 times (x 84B)
Class kotlin.reflect.KMutableProperty1                                                : loaded 3 times (x 72B)
Class kotlin.coroutines.jvm.internal.CoroutineStackFrame                              : loaded 3 times (x 72B)
Class kotlin.sequences.FilteringSequence$iterator$1                                   : loaded 3 times (x 81B)
Class kotlin.sequences.SequencesKt__SequenceBuilderKt                                 : loaded 3 times (x 73B)
Class kotlin.io.FilesKt__FileTreeWalkKt                                               : loaded 3 times (x 73B)
Class kotlin.coroutines.intrinsics.IntrinsicsKt__IntrinsicsJvmKt                      : loaded 3 times (x 73B)
Class kotlin.jvm.internal.CollectionToArray                                           : loaded 3 times (x 73B)
Class kotlin.jvm.internal.StringCompanionObject                                       : loaded 3 times (x 73B)
Class kotlin.collections.CollectionsKt__ReversedViewsKt                               : loaded 3 times (x 73B)
Class kotlin.reflect.KClassifier                                                      : loaded 3 times (x 72B)
Class kotlin.SafePublicationLazyImpl$Companion                                        : loaded 3 times (x 73B)
Class kotlin.jvm.internal.PropertyReference1Impl                                      : loaded 3 times (x 129B)
Class kotlin.jvm.internal.MutablePropertyReference1                                   : loaded 3 times (x 139B)
Class kotlin.reflect.KMutableProperty0                                                : loaded 3 times (x 72B)
Class kotlin.coroutines.jvm.internal.SuspendFunction                                  : loaded 3 times (x 72B)
Class kotlin.io.FileTreeWalk                                                          : loaded 3 times (x 77B)
Class [Lkotlin.io.FileWalkDirection;                                                  : loaded 3 times (x 71B)
Class kotlin.jvm.internal.markers.KMappedMarker                                       : loaded 3 times (x 72B)
Class kotlin.ranges.IntProgression$Companion                                          : loaded 3 times (x 73B)
Class [Lkotlin.reflect.KProperty;                                                     : loaded 3 times (x 71B)
Class kotlin.sequences.ConstrainedOnceSequence                                        : loaded 3 times (x 77B)
Class kotlin.NoWhenBranchMatchedException                                             : loaded 3 times (x 84B)
Class kotlin.collections.builders.MapBuilder                                          : loaded 3 times (x 114B)
Class kotlin.Lazy                                                                     : loaded 3 times (x 72B)
Class kotlin.jvm.functions.Function19                                                 : loaded 3 times (x 72B)
Class jdk.internal.jimage.decompressor.StringSharingDecompressorFactory               : loaded 3 times (x 76B)
Class kotlin.reflect.KMutableProperty$Setter                                          : loaded 3 times (x 72B)
Class kotlin.jvm.internal.CallableReference$NoReceiver                                : loaded 3 times (x 73B)
Class kotlin.sequences.TransformingSequence                                           : loaded 3 times (x 77B)
Class kotlin.text.StringsKt__StringBuilderKt                                          : loaded 3 times (x 73B)
Class kotlin.jvm.functions.Function18                                                 : loaded 3 times (x 72B)
Class kotlin.collections.ArraysKt__ArraysJVMKt                                        : loaded 3 times (x 73B)
Class kotlin.jvm.functions.Function17                                                 : loaded 3 times (x 72B)
Class kotlin.InitializedLazyImpl                                                      : loaded 3 times (x 78B)
Class kotlin.LazyKt                                                                   : loaded 3 times (x 73B)
Class kotlin.collections.SetsKt__SetsKt                                               : loaded 3 times (x 73B)
Class [Lkotlin.reflect.KClass;                                                        : loaded 3 times (x 71B)
Class kotlin.jvm.functions.Function16                                                 : loaded 3 times (x 72B)
Class kotlin.coroutines.EmptyCoroutineContext                                         : loaded 3 times (x 79B)
Class kotlin.collections.ArraysKt                                                     : loaded 3 times (x 73B)
Class kotlin.jvm.functions.Function15                                                 : loaded 3 times (x 72B)
Class kotlin.text.CharsKt__CharKt                                                     : loaded 3 times (x 73B)
Class kotlin.collections.ArrayDeque$Companion                                         : loaded 3 times (x 73B)
Class kotlin.ranges.RangesKt___RangesKt                                               : loaded 3 times (x 73B)
Class kotlin.jvm.functions.Function14                                                 : loaded 3 times (x 72B)
Class kotlin.sequences.SequencesKt___SequencesKt                                      : loaded 3 times (x 73B)
Class kotlin.KotlinVersion$Companion                                                  : loaded 3 times (x 73B)
Class kotlin.collections.AbstractList$Companion                                       : loaded 3 times (x 73B)
Class kotlin.KotlinNullPointerException                                               : loaded 3 times (x 84B)
Class kotlin.jvm.functions.Function13                                                 : loaded 3 times (x 72B)
Class kotlin.text.Charsets                                                            : loaded 3 times (x 73B)
Class kotlin.io.FileTreeWalk$FileTreeWalkIterator                                     : loaded 3 times (x 85B)
Class kotlin.sequences.SequencesKt___SequencesKt$flatMap$2                            : loaded 3 times (x 127B)
Class kotlin.ranges.OpenEndRange                                                      : loaded 3 times (x 72B)
Class kotlin.sequences.SequenceBuilderIterator                                        : loaded 3 times (x 87B)
Class jdk.internal.jimage.decompressor.CompressedResourceHeader                       : loaded 3 times (x 73B)
Class kotlin.collections.CollectionsKt__IterablesKt                                   : loaded 3 times (x 73B)
Class kotlin.collections.MapsKt                                                       : loaded 3 times (x 73B)
Class kotlin.coroutines.ContinuationInterceptor                                       : loaded 3 times (x 72B)
Class kotlin.text.StringsKt__AppendableKt                                             : loaded 3 times (x 73B)
Class kotlin.jvm.functions.Function12                                                 : loaded 3 times (x 72B)
Class kotlin.coroutines.intrinsics.CoroutineSingletons                                : loaded 3 times (x 81B)
Class jdk.internal.jrtfs.JrtFileSystem                                                : loaded 3 times (x 104B)
Class kotlin.jvm.internal.AdaptedFunctionReference                                    : loaded 3 times (x 79B)
Class kotlin.jvm.internal.Intrinsics                                                  : loaded 3 times (x 73B)
Class kotlin.reflect.KProperty$Accessor                                               : loaded 3 times (x 72B)
Class [Lkotlin.reflect.KCallable;                                                     : loaded 3 times (x 71B)
Class kotlin.jvm.internal.ArrayIteratorKt                                             : loaded 3 times (x 73B)
Class kotlin.reflect.KAnnotatedElement                                                : loaded 3 times (x 72B)
Class kotlin.collections.EmptyMap                                                     : loaded 3 times (x 110B)
Class kotlin.jvm.internal.markers.KMutableCollection                                  : loaded 3 times (x 72B)
Class kotlin.sequences.SequenceScope                                                  : loaded 3 times (x 75B)
Class kotlin.jvm.functions.Function11                                                 : loaded 3 times (x 72B)
Class kotlin.jvm.internal.PropertyReference0Impl                                      : loaded 3 times (x 129B)
Class kotlin.sequences.Sequence                                                       : loaded 3 times (x 72B)
Class kotlin.ranges.IntRange$Companion                                                : loaded 3 times (x 73B)
Class kotlin.coroutines.intrinsics.IntrinsicsKt                                       : loaded 3 times (x 73B)
Class kotlin.text.StringsKt__StringNumberConversionsJVMKt                             : loaded 3 times (x 73B)
Class [Lkotlin.reflect.KClassifier;                                                   : loaded 3 times (x 71B)
Class [Lkotlin.LazyThreadSafetyMode;                                                  : loaded 3 times (x 71B)
Class kotlin.jvm.functions.Function9                                                  : loaded 3 times (x 72B)
Class kotlin.jvm.functions.Function10                                                 : loaded 3 times (x 72B)
Class kotlin.collections.CollectionsKt___CollectionsKt$asSequence$$inlined$Sequence$1 : loaded 3 times (x 77B)
Class kotlin.annotation.MustBeDocumented                                              : loaded 3 times (x 72B)
Class kotlin.enums.EnumEntriesKt                                                      : loaded 3 times (x 73B)
Class kotlin.text.StringsKt___StringsKt                                               : loaded 3 times (x 73B)
Class kotlin.jvm.functions.Function20                                                 : loaded 3 times (x 72B)
Class kotlin.collections.CollectionsKt__MutableCollectionsJVMKt                       : loaded 3 times (x 73B)
Class kotlin.collections.builders.MapBuilder$Companion                                : loaded 3 times (x 73B)
Class kotlin.jvm.functions.Function8                                                  : loaded 3 times (x 72B)
Class [Lkotlin.annotation.AnnotationRetention;                                        : loaded 3 times (x 71B)
Class kotlin.collections.MapsKt__MapWithDefaultKt                                     : loaded 3 times (x 73B)
Class kotlin.jvm.functions.Function7                                                  : loaded 3 times (x 72B)
Class kotlin.jvm.functions.Function21                                                 : loaded 3 times (x 72B)
Class kotlin.collections.ArraysKt___ArraysKt                                          : loaded 3 times (x 73B)
Class kotlin.collections.MapsKt___MapsKt                                              : loaded 3 times (x 73B)
Class kotlin.jvm.functions.Function6                                                  : loaded 3 times (x 72B)
Class kotlin.annotation.AnnotationRetention                                           : loaded 3 times (x 81B)
Class kotlin.collections.MapWithDefault                                               : loaded 3 times (x 72B)
Class kotlin.io.FilesKt                                                               : loaded 3 times (x 73B)
Class kotlin.coroutines.jvm.internal.SuspendLambda                                    : loaded 3 times (x 93B)
Class kotlin.coroutines.jvm.internal.ContinuationImpl                                 : loaded 3 times (x 89B)
Class kotlin.jvm.functions.Function22                                                 : loaded 3 times (x 72B)
Class kotlin.reflect.KDeclarationContainer                                            : loaded 3 times (x 72B)
Class kotlin.text.StringsKt___StringsJvmKt                                            : loaded 3 times (x 73B)
Class kotlin.jvm.functions.Function5                                                  : loaded 3 times (x 72B)
Class kotlin.annotation.Retention                                                     : loaded 3 times (x 72B)
Class jdk.internal.jimage.ImageStrings                                                : loaded 3 times (x 72B)
Class kotlin.collections.CollectionsKt___CollectionsKt                                : loaded 3 times (x 73B)
Class kotlin.collections.EmptySet                                                     : loaded 3 times (x 124B)
Class kotlin.reflect.KTypeParameter                                                   : loaded 3 times (x 72B)
Class kotlin.collections.ArraysKt___ArraysJvmKt                                       : loaded 3 times (x 73B)
Class kotlin.collections.CollectionsKt__CollectionsKt                                 : loaded 3 times (x 73B)
Class kotlin.text.StringsKt__RegexExtensionsJVMKt                                     : loaded 3 times (x 73B)
Class kotlin.annotation.Target                                                        : loaded 3 times (x 72B)
Class kotlin.jvm.functions.Function4                                                  : loaded 3 times (x 72B)
Class kotlin.collections.MapsKt___MapsJvmKt                                           : loaded 3 times (x 73B)
Class kotlin.text.Regex$Companion                                                     : loaded 3 times (x 73B)
Class kotlin._Assertions                                                              : loaded 3 times (x 73B)
Class kotlin.jvm.functions.Function3                                                  : loaded 3 times (x 72B)
Class kotlin.io.FileTreeWalk$WalkState                                                : loaded 3 times (x 75B)
Class kotlin.jvm.internal.markers.KMutableIterator                                    : loaded 3 times (x 72B)
Class kotlin.jvm.functions.Function2                                                  : loaded 3 times (x 72B)
Class [Lkotlin.annotation.AnnotationTarget;                                           : loaded 3 times (x 71B)
Class [Lkotlin.coroutines.intrinsics.CoroutineSingletons;                             : loaded 3 times (x 71B)
Class kotlin.KotlinNothingValueException                                              : loaded 3 times (x 84B)
Class kotlin.jvm.internal.FunctionReference                                           : loaded 3 times (x 124B)
Class kotlin.jvm.internal.FunctionBase                                                : loaded 3 times (x 72B)
Class kotlin.enums.EnumEntriesList                                                    : loaded 3 times (x 225B)
Class kotlin.jvm.functions.Function1                                                  : loaded 3 times (x 72B)
Class kotlin.collections.AbstractMutableList                                          : loaded 3 times (x 208B)
Class kotlin.properties.ReadWriteProperty                                             : loaded 3 times (x 72B)
Class jdk.internal.jimage.decompressor.ZipDecompressor                                : loaded 3 times (x 77B)
Class kotlin.comparisons.ComparisonsKt___ComparisonsJvmKt                             : loaded 3 times (x 73B)
Class kotlin.jvm.functions.Function0                                                  : loaded 3 times (x 72B)
Class kotlin.collections.ArraysUtilJVM                                                : loaded 3 times (x 73B)
Class kotlin.sequences.FlatteningSequence$iterator$1                                  : loaded 3 times (x 81B)
Class kotlin.sequences.GeneratorSequence                                              : loaded 3 times (x 77B)
Class [Lkotlin.DeprecationLevel;                                                      : loaded 3 times (x 71B)
Class kotlin.collections.CollectionsKt__IteratorsJVMKt                                : loaded 3 times (x 73B)
Class kotlin.ranges.RangesKt                                                          : loaded 3 times (x 73B)
Class kotlin.jvm.internal.markers.KMutableIterable                                    : loaded 3 times (x 72B)
Class kotlin.TuplesKt                                                                 : loaded 3 times (x 73B)
Class kotlin.Unit                                                                     : loaded 3 times (x 73B)
Class kotlin.sequences.SequencesKt___SequencesJvmKt                                   : loaded 3 times (x 73B)
Class kotlin.Result                                                                   : loaded 3 times (x 74B)
Class kotlin.reflect.KProperty0                                                       : loaded 3 times (x 72B)
Class kotlin.jvm.internal.FunctionReferenceImpl                                       : loaded 3 times (x 124B)
Class kotlin.collections.CollectionsKt___CollectionsJvmKt                             : loaded 3 times (x 73B)
Class kotlin.reflect.KType                                                            : loaded 3 times (x 72B)
Class kotlin.text.CharsKt__CharJVMKt                                                  : loaded 3 times (x 73B)
Class kotlin.Result$Companion                                                         : loaded 3 times (x 73B)
Class jdk.internal.jrtfs.JrtFileSystemProvider                                        : loaded 3 times (x 103B)
Class kotlin.sequences.TransformingSequence$iterator$1                                : loaded 3 times (x 81B)
Class kotlin.Pair                                                                     : loaded 3 times (x 74B)
Class kotlin.reflect.KProperty1                                                       : loaded 3 times (x 72B)
Class kotlin.reflect.KClass                                                           : loaded 3 times (x 72B)
Class kotlin.sequences.FilteringSequence                                              : loaded 3 times (x 77B)
Class kotlin.coroutines.jvm.internal.BaseContinuationImpl                             : loaded 3 times (x 89B)
Class kotlin.comparisons.ComparisonsKt___ComparisonsKt                                : loaded 3 times (x 73B)
Class kotlin.sequences.GeneratorSequence$iterator$1                                   : loaded 3 times (x 81B)
Class kotlin.comparisons.ComparisonsKt                                                : loaded 3 times (x 73B)
Class kotlin.io.CloseableKt                                                           : loaded 3 times (x 73B)
Class kotlin.reflect.KProperty2                                                       : loaded 3 times (x 72B)
Class kotlin.collections.CollectionsKt__MutableCollectionsKt                          : loaded 3 times (x 73B)
Class jdk.internal.jimage.decompressor.ZipDecompressorFactory                         : loaded 3 times (x 76B)
Class kotlin.ranges.RangesKt__RangesKt                                                : loaded 3 times (x 73B)
Class kotlin.jvm.internal.ClassBasedDeclarationContainer                              : loaded 3 times (x 72B)
Class kotlin.collections.SetsKt___SetsKt                                              : loaded 3 times (x 73B)
Class kotlin.sequences.SequencesKt__SequencesKt                                       : loaded 3 times (x 73B)
Class kotlin.coroutines.CoroutineContext$Element                                      : loaded 3 times (x 72B)
Class kotlin.io.TerminateException                                                    : loaded 3 times (x 84B)
Class kotlin.io.FilesKt__FilePathComponentsKt                                         : loaded 3 times (x 73B)
Class kotlin.coroutines.Continuation                                                  : loaded 3 times (x 72B)
Class kotlin.reflect.KCallable                                                        : loaded 3 times (x 72B)
Class kotlin.comparisons.ComparisonsKt__ComparisonsKt                                 : loaded 3 times (x 73B)
Class kotlin.collections.AbstractIterator                                             : loaded 3 times (x 85B)
Class kotlin.text.CharsKt                                                             : loaded 3 times (x 73B)
Class kotlin.UNINITIALIZED_VALUE                                                      : loaded 3 times (x 73B)
Class kotlin.jvm.internal.ReflectionFactory                                           : loaded 3 times (x 93B)
Class kotlin.jvm.internal.Ref$ObjectRef                                               : loaded 3 times (x 74B)
Class jdk.internal.jimage.ImageLocation                                               : loaded 3 times (x 92B)
Class kotlin.LazyKt__LazyKt                                                           : loaded 3 times (x 73B)
Class kotlin.text.StringsKt__StringBuilderJVMKt                                       : loaded 3 times (x 73B)
Class kotlin.text.Regex                                                               : loaded 3 times (x 74B)
Class kotlin.coroutines.ContinuationInterceptor$Key                                   : loaded 3 times (x 73B)
Class kotlin.collections.ArrayAsCollection                                            : loaded 3 times (x 107B)
Class kotlin.Triple                                                                   : loaded 3 times (x 74B)
Class kotlin.sequences.SequencesKt__SequenceBuilderKt$sequence$$inlined$Sequence$1    : loaded 3 times (x 77B)
Class kotlin.collections.AbstractCollection                                           : loaded 3 times (x 119B)
Class kotlin.collections.AbstractList                                                 : loaded 3 times (x 199B)
Class jdk.internal.jimage.ImageBufferCache$1                                          : loaded 3 times (x 84B)
Class kotlin.DeprecationLevel                                                         : loaded 3 times (x 81B)
Class kotlin.sequences.SequencesKt__SequencesJVMKt                                    : loaded 3 times (x 73B)
Class kotlin.jvm.JvmStatic                                                            : loaded 3 times (x 72B)
Class kotlin.io.FilePathComponents                                                    : loaded 3 times (x 74B)
Class kotlin.collections.ArraysKt___ArraysKt$asSequence$$inlined$Sequence$1           : loaded 3 times (x 77B)
Class kotlin.coroutines.jvm.internal.RestrictedSuspendLambda                          : loaded 3 times (x 93B)
Class kotlin.collections.MapsKt__MapsJVMKt                                            : loaded 3 times (x 73B)
Class kotlin.collections.EmptyList                                                    : loaded 3 times (x 176B)
Class jdk.internal.jimage.ImageReader$Directory                                       : loaded 3 times (x 86B)
Class kotlin.SynchronizedLazyImpl                                                     : loaded 3 times (x 78B)
Class jdk.internal.jimage.ImageBufferCache$2                                          : loaded 3 times (x 93B)
Class kotlin.text.StringsKt__RegexExtensionsKt                                        : loaded 3 times (x 73B)
Class kotlin.collections.EmptyIterator                                                : loaded 3 times (x 91B)
Class kotlin.collections.builders.ListBuilderKt                                       : loaded 3 times (x 73B)
Class kotlin.jvm.internal.SpreadBuilder                                               : loaded 3 times (x 78B)
Class jdk.internal.jimage.decompressor.ResourceDecompressorRepository                 : loaded 3 times (x 73B)
Class kotlin.jvm.internal.ArrayIterator                                               : loaded 3 times (x 81B)
Class kotlin.LazyThreadSafetyMode                                                     : loaded 3 times (x 81B)
Class kotlin.jvm.internal.MutablePropertyReference                                    : loaded 3 times (x 121B)
Class kotlin.ResultKt                                                                 : loaded 3 times (x 73B)
Class kotlin.LazyKt__LazyJVMKt$WhenMappings                                           : loaded 3 times (x 73B)
Class kotlin.UnsafeLazyImpl                                                           : loaded 3 times (x 78B)
Class kotlin.jvm.internal.PropertyReference1                                          : loaded 3 times (x 129B)
Class kotlin.collections.IndexingIterable                                             : loaded 3 times (x 81B)
Class kotlin.jvm.internal.PropertyReference0                                          : loaded 3 times (x 129B)
Class kotlin.Result$Failure                                                           : loaded 3 times (x 74B)
Class kotlin.collections.ArraysKt__ArraysKt                                           : loaded 3 times (x 73B)
Class kotlin.io.FileSystemException                                                   : loaded 3 times (x 84B)
Class kotlin.sequences.EmptySequence                                                  : loaded 3 times (x 80B)
Class jdk.internal.jrtfs.JrtPath                                                      : loaded 3 times (x 124B)
Class jdk.internal.jimage.ImageBufferCache                                            : loaded 3 times (x 73B)
Class kotlin.enums.EnumEntries                                                        : loaded 3 times (x 72B)
Class kotlin.jvm.internal.markers.KMutableMap                                         : loaded 3 times (x 72B)
Class kotlin.properties.ReadOnlyProperty                                              : loaded 3 times (x 72B)
Class kotlin.ranges.IntRange                                                          : loaded 3 times (x 95B)
Class kotlin.collections.SetsKt__SetsJVMKt                                            : loaded 3 times (x 73B)
Class kotlin.jvm.internal.CallableReference                                           : loaded 3 times (x 108B)
Class kotlin.Function                                                                 : loaded 3 times (x 72B)
Class [Lkotlin.sequences.Sequence;                                                    : loaded 3 times (x 71B)
Class kotlin.jvm.internal.MutablePropertyReference1Impl                               : loaded 3 times (x 139B)
Class kotlin.text.StringsKt__StringNumberConversionsKt                                : loaded 3 times (x 73B)
Class kotlin.internal.ProgressionUtilKt                                               : loaded 3 times (x 73B)
Class kotlin.io.FileAlreadyExistsException                                            : loaded 3 times (x 84B)
Class kotlin.KotlinVersion                                                            : loaded 3 times (x 76B)
Class [Lkotlin.Pair;                                                                  : loaded 3 times (x 71B)
Class kotlin.reflect.KMutableProperty                                                 : loaded 3 times (x 72B)
Class kotlin.jvm.internal.markers.KMutableList                                        : loaded 3 times (x 72B)
Class kotlin.io.FilesKt__FileReadWriteKt                                              : loaded 3 times (x 73B)
Class jdk.internal.jimage.ImageHeader                                                 : loaded 3 times (x 73B)
Class kotlin.jvm.KotlinReflectionNotSupportedError                                    : loaded 3 times (x 84B)
Class jdk.internal.jimage.decompressor.Decompressor                                   : loaded 3 times (x 74B)
Class kotlin.jvm.internal.PropertyReference                                           : loaded 3 times (x 117B)
Class kotlin.LazyKt__LazyJVMKt                                                        : loaded 3 times (x 73B)
Class kotlin.coroutines.CoroutineContext$Key                                          : loaded 3 times (x 72B)
Class kotlin.coroutines.jvm.internal.RestrictedContinuationImpl                       : loaded 3 times (x 89B)
Class kotlin.collections.IndexingIterator                                             : loaded 3 times (x 81B)
Class kotlin.text.StringsKt                                                           : loaded 3 times (x 73B)
Class kotlin.jvm.internal.markers.KMutableSet                                         : loaded 3 times (x 72B)
Class kotlin.collections.CollectionsKt__IteratorsKt                                   : loaded 3 times (x 73B)
Class kotlin.collections.builders.MapBuilder$Itr                                      : loaded 3 times (x 74B)
Class kotlin.KotlinVersionCurrentValue                                                : loaded 3 times (x 73B)
Class [Lkotlin.reflect.KAnnotatedElement;                                             : loaded 3 times (x 71B)
Class kotlin.sequences.SequencesKt                                                    : loaded 3 times (x 73B)
Class kotlin.collections.IndexedValue                                                 : loaded 3 times (x 74B)
Class jdk.internal.jimage.BasicImageReader$1                                          : loaded 3 times (x 79B)
Class kotlin.collections.CollectionsKt__CollectionsJVMKt                              : loaded 3 times (x 73B)
Class kotlin.annotation.AnnotationTarget                                              : loaded 3 times (x 81B)
Class kotlin.ranges.ClosedRange                                                       : loaded 3 times (x 72B)
Class kotlin.io.FilesKt__UtilsKt                                                      : loaded 3 times (x 73B)
Class kotlin.reflect.KProperty                                                        : loaded 3 times (x 72B)
Class kotlin.jvm.internal.Reflection                                                  : loaded 3 times (x 73B)
Class kotlin.jvm.JvmClassMappingKt                                                    : loaded 3 times (x 73B)
Class jdk.internal.jimage.ImageReader$Node                                            : loaded 3 times (x 86B)
Class kotlin.coroutines.intrinsics.IntrinsicsKt__IntrinsicsKt                         : loaded 3 times (x 73B)
Class jdk.internal.jimage.decompressor.ResourceDecompressorFactory                    : loaded 3 times (x 76B)
Class kotlin.SafePublicationLazyImpl                                                  : loaded 3 times (x 78B)
Class jdk.internal.jimage.ImageReader$SharedImageReader                               : loaded 3 times (x 97B)
Class jdk.internal.jimage.decompressor.ResourceDecompressor                           : loaded 3 times (x 72B)
Class kotlin.collections.IntIterator                                                  : loaded 3 times (x 84B)
Class kotlin.jvm.internal.TypeIntrinsics                                              : loaded 3 times (x 73B)
Class kotlin.reflect.KProperty$Getter                                                 : loaded 3 times (x 72B)
Class jdk.internal.jimage.ImageReader                                                 : loaded 3 times (x 77B)
Class kotlin.UninitializedPropertyAccessException                                     : loaded 3 times (x 84B)
Class kotlin.collections.AbstractMutableSet                                           : loaded 3 times (x 144B)
Class kotlin.text.StringsKt__StringsJVMKt                                             : loaded 3 times (x 73B)
Class kotlin.Metadata                                                                 : loaded 3 times (x 72B)
Class kotlin.properties.Delegates                                                     : loaded 3 times (x 73B)
Class jdk.internal.jimage.ImageStringsReader                                          : loaded 3 times (x 82B)
Class kotlin.collections.SetsKt                                                       : loaded 3 times (x 73B)
Class kotlin.collections.MapsKt__MapsKt                                               : loaded 3 times (x 73B)
Class kotlin.text.StringsKt__IndentKt                                                 : loaded 3 times (x 73B)
Class [Lkotlin.reflect.KDeclarationContainer;                                         : loaded 3 times (x 71B)
Class kotlin.jvm.internal.Lambda                                                      : loaded 3 times (x 77B)
Class kotlin.reflect.KFunction                                                        : loaded 3 times (x 72B)
Class kotlin.collections.ArrayDeque                                                   : loaded 3 times (x 209B)
Class kotlin.reflect.jvm.internal.KPackageImpl                                        : loaded 2 times (x 87B)
Class [Lkotlin.reflect.jvm.internal.impl.name.FqName;                                 : loaded 2 times (x 71B)
Class org.gradle.internal.classpath.ClassPath                                         : loaded 2 times (x 72B)
Class com.google.common.collect.ImmutableList$ReverseImmutableList                    : loaded 2 times (x 211B)
Class com.google.common.base.JdkPattern                                               : loaded 2 times (x 77B)
Class kotlin.time.DurationUnitKt__DurationUnitKt                                      : loaded 2 times (x 73B)
Class [Lkotlinx.coroutines.CoroutineStart;                                            : loaded 2 times (x 71B)
Class kotlinx.coroutines.CoroutineDispatcher$Key                                      : loaded 2 times (x 74B)
Class com.google.common.collect.SingletonImmutableList                                : loaded 2 times (x 209B)
Class com.google.common.cache.CacheBuilder                                            : loaded 2 times (x 74B)
Class org.jetbrains.kotlin.cli.common.arguments.K2JVMCompilerArgumentsConfigurator    : loaded 2 times (x 76B)
Class org.jetbrains.kotlin.cli.common.arguments.Freezable                             : loaded 2 times (x 74B)
Class kotlin.time.DurationUnit                                                        : loaded 2 times (x 81B)
Class kotlin.jvm.internal.markers.KMutableMap$Entry                                   : loaded 2 times (x 72B)
Class com.google.common.base.Suppliers$SupplierOfInstance                             : loaded 2 times (x 81B)
Class com.google.common.collect.Iterators$1                                           : loaded 2 times (x 83B)
Class org.jetbrains.kotlin.cli.common.messages.CompilerMessageSourceLocation          : loaded 2 times (x 72B)
Class kotlinx.coroutines.ExecutorCoroutineDispatcher$Key$1                            : loaded 2 times (x 80B)
Class com.google.common.base.ExtraObjectsMethodsForWeb                                : loaded 2 times (x 73B)
Class kotlin.reflect.jvm.internal.impl.resolve.jvm.JvmPrimitiveType                   : loaded 2 times (x 81B)
Class kotlinx.coroutines.ThreadContextElement                                         : loaded 2 times (x 72B)
Class com.google.devtools.ksp.processing.KSPJvmConfig                                 : loaded 2 times (x 74B)
Class com.google.common.cache.LocalCache$ComputingValueReference                      : loaded 2 times (x 98B)
Class com.google.common.collect.ImmutableMap$IteratorBasedImmutableMap                : loaded 2 times (x 128B)
Class com.google.common.collect.SingletonImmutableSet                                 : loaded 2 times (x 148B)
Class kotlinx.coroutines.internal.SystemPropsKt__SystemProps_commonKt                 : loaded 2 times (x 73B)
Class kotlinx.coroutines.DispatchedTaskKt                                             : loaded 2 times (x 73B)
Class [Lorg.jetbrains.kotlin.cli.common.messages.CompilerMessageSeverity;             : loaded 2 times (x 71B)
Class com.google.common.cache.LocalCache$Segment                                      : loaded 2 times (x 155B)
Class org.gradle.internal.classpath.DefaultClassPath$ImmutableUniqueList              : loaded 2 times (x 201B)
Class kotlin.time.DurationJvmKt                                                       : loaded 2 times (x 73B)
Class org.gradle.api.internal.ClassPathRegistry                                       : loaded 2 times (x 72B)
Class kotlin.reflect.jvm.internal.ReflectProperties                                   : loaded 2 times (x 73B)
Class com.google.common.collect.ImmutableBiMap                                        : loaded 2 times (x 145B)
Class com.google.common.cache.CacheLoader                                             : loaded 2 times (x 76B)
Class com.google.common.collect.Iterators$4                                           : loaded 2 times (x 84B)
Class com.google.common.collect.AbstractListMultimap                                  : loaded 2 times (x 173B)
Class org.gradle.api.internal.classpath.ModuleRegistry                                : loaded 2 times (x 72B)
Class org.gradle.internal.installation.GradleInstallation$1                           : loaded 2 times (x 77B)
Class com.google.common.collect.Multimap                                              : loaded 2 times (x 72B)
Class kotlin.jvm.internal.DoubleCompanionObject                                       : loaded 2 times (x 73B)
Class com.google.devtools.ksp.processing.KSPLogger                                    : loaded 2 times (x 72B)
Class com.google.common.collect.ImmutableSet$JdkBackedSetBuilderImpl                  : loaded 2 times (x 78B)
Class com.google.common.collect.Iterators$5                                           : loaded 2 times (x 84B)
Class kotlin.text.RegexKt                                                             : loaded 2 times (x 73B)
Class kotlin.time.Duration$Companion                                                  : loaded 2 times (x 73B)
Class com.google.common.primitives.IntsMethodsForWeb                                  : loaded 2 times (x 73B)
Class kotlinx.coroutines.Job$Key                                                      : loaded 2 times (x 73B)
Class kotlinx.coroutines.DefaultExecutor                                              : loaded 2 times (x 121B)
Class kotlin.reflect.jvm.internal.KDeclarationContainerImpl                           : loaded 2 times (x 86B)
Class com.google.common.cache.LocalCache$LocalManualCache$1                           : loaded 2 times (x 77B)
Class org.jetbrains.kotlin.cli.common.messages.MessageCollector                       : loaded 2 times (x 72B)
Class kotlin.reflect.jvm.internal.KPropertyImpl                                       : loaded 2 times (x 117B)
Class kotlin.jvm.internal.ShortCompanionObject                                        : loaded 2 times (x 73B)
Class com.google.common.collect.ImmutableCollection                                   : loaded 2 times (x 127B)
Class org.gradle.api.internal.classpath.DefaultModuleRegistry                         : loaded 2 times (x 88B)
Class org.gradle.api.internal.DefaultClassPathRegistry                                : loaded 2 times (x 78B)
Class com.google.common.cache.RemovalListener                                         : loaded 2 times (x 72B)
Class kotlinx.coroutines.EventLoop                                                    : loaded 2 times (x 106B)
Class kotlin.collections.AbstractSet                                                  : loaded 2 times (x 137B)
Class com.google.common.base.Present                                                  : loaded 2 times (x 83B)
Class kotlin.reflect.jvm.internal.ReflectProperties$LazySoftVal                       : loaded 2 times (x 80B)
Class kotlin.reflect.jvm.internal.impl.name.SpecialNames                              : loaded 2 times (x 73B)
Class kotlin.reflect.jvm.internal.impl.builtins.StandardNames                         : loaded 2 times (x 73B)
Class [Lkotlin.reflect.jvm.internal.impl.builtins.PrimitiveType;                      : loaded 2 times (x 71B)
Class com.google.common.util.concurrent.ListenableFuture                              : loaded 2 times (x 72B)
Class com.google.common.cache.ReferenceEntry                                          : loaded 2 times (x 72B)
Class com.google.common.collect.Lists                                                 : loaded 2 times (x 73B)
Class com.google.common.base.Converter                                                : loaded 2 times (x 92B)
Class com.google.common.collect.ImmutableSet$CachingAsList                            : loaded 2 times (x 150B)
Class jdk.internal.jimage.BasicImageReader$2                                          : loaded 2 times (x 79B)
Class kotlin.properties.NotNullVar                                                    : loaded 2 times (x 81B)
Class com.google.common.collect.ImmutableMap$Builder                                  : loaded 2 times (x 84B)
Class kotlin.coroutines.CombinedContext                                               : loaded 2 times (x 80B)
Class com.google.common.base.FunctionalEquivalence                                    : loaded 2 times (x 85B)
Class com.google.common.collect.Iterators$9                                           : loaded 2 times (x 83B)
Class com.google.common.collect.AbstractMapBasedMultimap                              : loaded 2 times (x 140B)
Class com.google.common.collect.ImmutableAsList                                       : loaded 2 times (x 211B)
Class com.google.common.cache.Cache                                                   : loaded 2 times (x 72B)
Class kotlin.io.FileTreeWalk$FileTreeWalkIterator$SingleFileState                     : loaded 2 times (x 75B)
Class com.google.common.cache.LocalCache$Strength                                     : loaded 2 times (x 83B)
Class org.jetbrains.kotlin.config.Services$Companion                                  : loaded 2 times (x 73B)
Class com.google.common.cache.CacheLoader$SupplierToCacheLoader                       : loaded 2 times (x 77B)
Class kotlinx.coroutines.internal.LockFreeTaskQueueCore                               : loaded 2 times (x 74B)
Class jdk.internal.jimage.ImageReader$Resource                                        : loaded 2 times (x 86B)
Class kotlin.text.MatchNamedGroupCollection                                           : loaded 2 times (x 72B)
Class kotlinx.coroutines.ChildJob                                                     : loaded 2 times (x 72B)
Class kotlinx.coroutines.JobCancellingNode                                            : loaded 2 times (x 92B)
Class kotlinx.coroutines.internal.SystemPropsKt__SystemPropsKt                        : loaded 2 times (x 73B)
Class [Lorg.jetbrains.kotlin.cli.common.ExitCode;                                     : loaded 2 times (x 71B)
Class org.gradle.api.internal.classpath.UnknownModuleException                        : loaded 2 times (x 84B)
Class com.google.common.cache.Weigher                                                 : loaded 2 times (x 72B)
Class kotlin.reflect.jvm.internal.KClassifierImpl                                     : loaded 2 times (x 72B)
Class kotlinx.coroutines.internal.DispatchedContinuationKt                            : loaded 2 times (x 73B)
Class com.google.common.collect.Maps$EntryTransformer                                 : loaded 2 times (x 72B)
Class org.gradle.internal.service.ServiceLookupException                              : loaded 2 times (x 84B)
Class jdk.internal.jrtfs.JrtFileAttributes                                            : loaded 2 times (x 85B)
Class org.gradle.api.internal.classpath.Module                                        : loaded 2 times (x 72B)
Class com.google.common.collect.ImmutableMapEntrySet                                  : loaded 2 times (x 154B)
Class kotlinx.coroutines.ChildHandleNode                                              : loaded 2 times (x 96B)
Class kotlinx.coroutines.scheduling.SchedulerCoroutineDispatcher                      : loaded 2 times (x 109B)
Class [Lcom.google.common.cache.LocalCache$EntryFactory;                              : loaded 2 times (x 71B)
Class org.gradle.internal.classloader.ClassLoaderFactory                              : loaded 2 times (x 72B)
Class kotlinx.coroutines.CompletionHandlerBase                                        : loaded 2 times (x 82B)
Class kotlinx.coroutines.internal.ThreadContextKt$findOne$1                           : loaded 2 times (x 80B)
Class kotlin.reflect.jvm.internal.impl.builtins.PrimitiveType                         : loaded 2 times (x 81B)
Class org.jetbrains.kotlin.cli.common.arguments.ArgumentParseErrors                   : loaded 2 times (x 74B)
Class com.google.common.cache.LocalCache$LocalManualCache                             : loaded 2 times (x 101B)
Class com.google.common.base.CommonPattern                                            : loaded 2 times (x 76B)
Class org.gradle.internal.service.CachingServiceLocator                               : loaded 2 times (x 84B)
Class kotlin.collections.AbstractMap                                                  : loaded 2 times (x 124B)
Class kotlin.collections.AbstractList$IteratorImpl                                    : loaded 2 times (x 84B)
Class kotlin.reflect.jvm.internal.KotlinReflectionInternalError                       : loaded 2 times (x 84B)
Class com.google.common.math.IntMath                                                  : loaded 2 times (x 73B)
Class kotlinx.coroutines.BlockingEventLoop                                            : loaded 2 times (x 118B)
Class kotlin.coroutines.AbstractCoroutineContextElement                               : loaded 2 times (x 91B)
Class kotlinx.coroutines.ThreadLocalEventLoop                                         : loaded 2 times (x 73B)
Class kotlin.reflect.jvm.internal.impl.builtins.jvm.JavaToKotlinClassMap              : loaded 2 times (x 73B)
Class kotlinx.coroutines.Job                                                          : loaded 2 times (x 72B)
Class kotlin.reflect.jvm.internal.impl.descriptors.runtime.structure.ReflectClassUtilKt: loaded 2 times (x 73B)
Class kotlin.jvm.internal.MutablePropertyReference0Impl                               : loaded 2 times (x 139B)
Class com.google.common.collect.ImmutableMapEntry                                     : loaded 2 times (x 87B)
Class kotlin.sequences.DropWhileSequence                                              : loaded 2 times (x 77B)
Class kotlinx.coroutines.CompletionStateKt                                            : loaded 2 times (x 73B)
Class com.google.common.collect.Multiset                                              : loaded 2 times (x 72B)
Class com.google.common.collect.ImmutableMapEntry$NonTerminalImmutableMapEntry        : loaded 2 times (x 87B)
Class com.google.common.base.Equivalence                                              : loaded 2 times (x 84B)
Class com.google.common.base.Function                                                 : loaded 2 times (x 72B)
Class kotlin.jvm.internal.markers.KMutableListIterator                                : loaded 2 times (x 72B)
Class kotlinx.coroutines.CoroutineDispatcher$Key$1                                    : loaded 2 times (x 80B)
Class kotlinx.coroutines.CoroutineDispatcher                                          : loaded 2 times (x 101B)
Class [Lorg.jetbrains.kotlin.cli.common.CompilerSystemProperties;                     : loaded 2 times (x 71B)
Class com.google.common.collect.IndexedImmutableSet$1                                 : loaded 2 times (x 215B)
Class com.google.common.cache.CacheBuilder$OneWeigher                                 : loaded 2 times (x 84B)
Class com.google.common.collect.RegularImmutableList                                  : loaded 2 times (x 215B)
Class com.google.common.collect.ArrayListMultimapGwtSerializationDependencies         : loaded 2 times (x 173B)
Class com.google.common.collect.AbstractIndexedListIterator                           : loaded 2 times (x 98B)
Class kotlin.reflect.jvm.internal.KDeclarationContainerImpl$Companion                 : loaded 2 times (x 73B)
Class org.gradle.internal.classloader.ClasspathUtil                                   : loaded 2 times (x 73B)
Class com.google.common.math.MathPreconditions                                        : loaded 2 times (x 73B)
Class kotlin.collections.builders.SetBuilder                                          : loaded 2 times (x 145B)
Class kotlinx.coroutines.NonDisposableHandle                                          : loaded 2 times (x 80B)
Class com.google.common.collect.ObjectArrays                                          : loaded 2 times (x 73B)
Class kotlinx.coroutines.ExecutorCoroutineDispatcher                                  : loaded 2 times (x 109B)
Class org.jetbrains.kotlin.cli.common.arguments.ParseCommandLineArgumentsKt           : loaded 2 times (x 73B)
Class kotlin.reflect.full.IllegalCallableAccessException                              : loaded 2 times (x 84B)
Class kotlin.jvm.internal.DefaultConstructorMarker                                    : loaded 2 times (x 73B)
Class com.google.common.collect.AbstractIterator                                      : loaded 2 times (x 84B)
Class com.google.common.io.CharSource                                                 : loaded 2 times (x 87B)
Class com.google.common.util.concurrent.LazyLogger                                    : loaded 2 times (x 74B)
Class com.google.common.collect.Maps                                                  : loaded 2 times (x 73B)
Class org.gradle.api.specs.Spec                                                       : loaded 2 times (x 72B)
Class jdk.internal.jimage.ImageReader$SharedImageReader$LocationVisitor               : loaded 2 times (x 72B)
Class com.google.common.primitives.Ints                                               : loaded 2 times (x 73B)
Class com.google.common.base.Absent                                                   : loaded 2 times (x 82B)
Class kotlin.jvm.internal.PropertyReference2                                          : loaded 2 times (x 129B)
Class org.gradle.api.internal.classpath.DefaultModuleRegistry$DefaultModule           : loaded 2 times (x 88B)
Class [Lcom.google.common.collect.ImmutableEntry;                                     : loaded 2 times (x 71B)
Class kotlinx.coroutines.CoroutineContextKt                                           : loaded 2 times (x 73B)
Class [Lkotlin.reflect.jvm.internal.impl.builtins.jvm.JavaToKotlinClassMap$PlatformMutabilityMapping;: loaded 2 times (x 71B)
Class com.google.common.collect.BiMap                                                 : loaded 2 times (x 72B)
Class kotlin.reflect.full.IllegalPropertyDelegateAccessException                      : loaded 2 times (x 84B)
Class com.google.common.collect.ImmutableMap$1                                        : loaded 2 times (x 83B)
Class com.google.common.cache.LocalCache$LoadingValueReference                        : loaded 2 times (x 98B)
Class com.google.common.collect.IndexedImmutableSet                                   : loaded 2 times (x 154B)
Class com.google.common.base.Objects                                                  : loaded 2 times (x 73B)
Class kotlinx.coroutines.internal.DispatchedContinuation                              : loaded 2 times (x 92B)
Class kotlinx.coroutines.internal.Symbol                                              : loaded 2 times (x 74B)
Class kotlin.reflect.jvm.internal.impl.builtins.StandardNames$FqNames                 : loaded 2 times (x 73B)
Class kotlinx.coroutines.JobSupport                                                   : loaded 2 times (x 134B)
Class org.gradle.internal.classloader.ClasspathUtil$1                                 : loaded 2 times (x 78B)
Class com.google.common.base.Platform                                                 : loaded 2 times (x 73B)
Class com.google.common.cache.CacheLoader$UnsupportedLoadingOperationException        : loaded 2 times (x 84B)
Class kotlin.reflect.jvm.internal.ReflectionFactoryImpl                               : loaded 2 times (x 93B)
Class kotlin.jvm.internal.CharCompanionObject                                         : loaded 2 times (x 73B)
Class kotlin.time.DurationUnitKt__DurationUnitJvmKt                                   : loaded 2 times (x 73B)
Class kotlin.collections.builders.SetBuilder$Companion                                : loaded 2 times (x 73B)
Class kotlin.collections.builders.MapBuilder$EntriesItr                               : loaded 2 times (x 83B)
Class com.google.common.collect.Lists$StringAsImmutableList                           : loaded 2 times (x 209B)
Class com.google.devtools.ksp.processing.KspGradleLogger$Companion                    : loaded 2 times (x 73B)
Class com.google.common.collect.Maps$8                                                : loaded 2 times (x 84B)
Class com.google.common.util.concurrent.UncheckedExecutionException                   : loaded 2 times (x 84B)
Class org.jetbrains.kotlin.config.Services                                            : loaded 2 times (x 74B)
Class kotlinx.coroutines.EventLoopKt                                                  : loaded 2 times (x 73B)
Class kotlin.text.DelimitedRangesSequence$iterator$1                                  : loaded 2 times (x 81B)
Class kotlin.reflect.jvm.internal.KMutableProperty1Impl                               : loaded 2 times (x 137B)
Class kotlin.jvm.internal.IntCompanionObject                                          : loaded 2 times (x 73B)
Class jdk.internal.jrtfs.JrtDirectoryStream$1                                         : loaded 2 times (x 85B)
Class com.google.common.collect.Sets$SetView                                          : loaded 2 times (x 140B)
Class com.google.common.collect.Iterators                                             : loaded 2 times (x 73B)
Class com.google.common.base.Optional                                                 : loaded 2 times (x 82B)
Class kotlin.io.LinesSequence$iterator$1                                              : loaded 2 times (x 81B)
Class org.gradle.internal.classloader.VisitableURLClassLoader$InstrumentingVisitableURLClassLoader: loaded 2 times (x 124B)
Class com.google.common.collect.RegularImmutableAsList                                : loaded 2 times (x 219B)
Class kotlin.collections.ReversedListReadOnly$listIterator$1                          : loaded 2 times (x 92B)
Class kotlinx.coroutines.Job$DefaultImpls                                             : loaded 2 times (x 73B)
Class kotlin.coroutines.CoroutineContext$Element$DefaultImpls                         : loaded 2 times (x 73B)
Class kotlin.reflect.jvm.internal.impl.utils.CollectionsKt                            : loaded 2 times (x 73B)
Class kotlinx.coroutines.internal.LimitedDispatcherKt                                 : loaded 2 times (x 73B)
Class [Lkotlin.reflect.jvm.internal.impl.resolve.jvm.JvmPrimitiveType;                : loaded 2 times (x 71B)
Class com.google.common.collect.AbstractMultimap                                      : loaded 2 times (x 125B)
Class com.google.common.cache.LocalCache$2                                            : loaded 2 times (x 144B)
Class com.google.common.collect.ImmutableList$Builder                                 : loaded 2 times (x 79B)
Class [Lcom.google.common.cache.CacheBuilder$NullListener;                            : loaded 2 times (x 71B)
Class com.google.common.math.IntMath$1                                                : loaded 2 times (x 73B)
Class org.gradle.internal.classloader.VisitableURLClassLoader$Spec                    : loaded 2 times (x 76B)
Class org.gradle.internal.classpath.DefaultClassPath                                  : loaded 2 times (x 92B)
Class com.google.common.io.ByteSource$ByteArrayByteSource                             : loaded 2 times (x 87B)
Class kotlinx.coroutines.scheduling.GlobalQueue                                       : loaded 2 times (x 74B)
Class com.google.common.collect.AbstractMapEntry                                      : loaded 2 times (x 83B)
Class com.google.common.collect.Iterators$SingletonIterator                           : loaded 2 times (x 83B)
Class com.google.common.cache.LocalCache$1                                            : loaded 2 times (x 91B)
Class jdk.internal.jrtfs.JrtFileSystem$1                                              : loaded 2 times (x 109B)
Class org.gradle.internal.service.ServiceLocator                                      : loaded 2 times (x 72B)
Class com.google.devtools.ksp.processing.KspGradleLogger                              : loaded 2 times (x 81B)
Class kotlin.UInt$Companion                                                           : loaded 2 times (x 73B)
Class kotlin.UInt                                                                     : loaded 2 times (x 76B)
Class com.google.common.collect.UnmodifiableIterator                                  : loaded 2 times (x 82B)
Class com.google.common.io.Closer                                                     : loaded 2 times (x 80B)
Class com.google.common.collect.RegularImmutableMap$Values                            : loaded 2 times (x 209B)
Class com.google.common.collect.ImmutableSet                                          : loaded 2 times (x 147B)
Class org.gradle.internal.classloader.ClassLoaderSpec                                 : loaded 2 times (x 73B)
Class kotlin.jvm.internal.LongCompanionObject                                         : loaded 2 times (x 73B)
Class kotlin.collections.ReversedListReadOnly                                         : loaded 2 times (x 200B)
Class kotlin.text.DelimitedRangesSequence                                             : loaded 2 times (x 77B)
Class kotlin.reflect.jvm.internal.ReflectProperties$Val$1                             : loaded 2 times (x 73B)
Class com.google.common.collect.Platform                                              : loaded 2 times (x 73B)
Class org.jetbrains.kotlin.cli.common.arguments.PreprocessCommandLineArgumentsKt      : loaded 2 times (x 73B)
Class com.google.common.io.ByteSource$EmptyByteSource                                 : loaded 2 times (x 87B)
Class com.google.common.cache.CacheStats                                              : loaded 2 times (x 73B)
Class kotlin.time.DurationKt                                                          : loaded 2 times (x 73B)
Class kotlinx.coroutines.CoroutineStart$WhenMappings                                  : loaded 2 times (x 73B)
Class kotlinx.coroutines.BuildersKt__BuildersKt                                       : loaded 2 times (x 73B)
Class kotlinx.coroutines.scheduling.NanoTimeSource                                    : loaded 2 times (x 74B)
Class kotlin.jvm.internal.BooleanCompanionObject                                      : loaded 2 times (x 73B)
Class com.google.common.base.Joiner                                                   : loaded 2 times (x 81B)
Class kotlin.jdk7.AutoCloseableKt                                                     : loaded 2 times (x 73B)
Class com.google.common.io.Closer$Suppressor                                          : loaded 2 times (x 72B)
Class kotlin.collections.AbstractSet$Companion                                        : loaded 2 times (x 73B)
Class com.google.common.base.MoreObjects                                              : loaded 2 times (x 73B)
Class org.jetbrains.kotlin.config.Services$Builder                                    : loaded 2 times (x 74B)
Class com.google.common.base.Supplier                                                 : loaded 2 times (x 72B)
Class org.gradle.internal.classloader.VisitableURLClassLoader                         : loaded 2 times (x 118B)
Class kotlin.collections.builders.AbstractMapBuilderEntrySet                          : loaded 2 times (x 146B)
Class kotlin.reflect.jvm.internal.impl.name.FqNamesUtilKt                             : loaded 2 times (x 73B)
Class kotlin.collections.builders.ListBuilder                                         : loaded 2 times (x 209B)
Class kotlin.reflect.jvm.internal.KClassImpl                                          : loaded 2 times (x 117B)
Class kotlin.collections.builders.ListBuilder$Companion                               : loaded 2 times (x 73B)
Class kotlinx.coroutines.scheduling.CoroutineScheduler$Companion                      : loaded 2 times (x 73B)
Class org.gradle.internal.Cast                                                        : loaded 2 times (x 73B)
Class org.gradle.api.Action                                                           : loaded 2 times (x 72B)
Class jdk.internal.jrtfs.SystemImage$2                                                : loaded 2 times (x 78B)
Class com.google.common.collect.ImmutableCollection$Builder                           : loaded 2 times (x 78B)
Class kotlinx.coroutines.CompletedExceptionally                                       : loaded 2 times (x 74B)
Class kotlin.coroutines.AbstractCoroutineContextKey                                   : loaded 2 times (x 74B)
Class com.google.common.collect.Iterators$ArrayItr                                    : loaded 2 times (x 99B)
Class org.jetbrains.kotlin.cli.common.messages.GradleStyleMessageRenderer             : loaded 2 times (x 80B)
Class com.google.common.cache.CacheLoader$FunctionToCacheLoader                       : loaded 2 times (x 77B)
Class com.google.common.collect.Sets                                                  : loaded 2 times (x 73B)
Class com.google.common.base.Ticker                                                   : loaded 2 times (x 74B)
Class com.google.common.base.Strings                                                  : loaded 2 times (x 73B)
Class kotlinx.coroutines.DisposableHandle                                             : loaded 2 times (x 72B)
Class jdk.internal.jrtfs.SystemImage$1                                                : loaded 2 times (x 80B)
Class org.gradle.internal.classloader.InstrumentingClassLoader                        : loaded 2 times (x 72B)
Class com.google.devtools.ksp.processing.KSPConfig                                    : loaded 2 times (x 74B)
Class [Lcom.google.common.cache.LocalCache$Segment;                                   : loaded 2 times (x 71B)
Class com.google.common.base.Predicate                                                : loaded 2 times (x 72B)
Class [Lcom.google.common.cache.LocalCache$Strength;                                  : loaded 2 times (x 71B)
Class com.google.common.cache.CacheBuilder$1                                          : loaded 2 times (x 87B)
Class com.google.common.collect.ImmutableMap                                          : loaded 2 times (x 122B)
Class org.gradle.internal.classpath.DefaultClassPath$ImmutableUniqueList$Builder      : loaded 2 times (x 77B)
Class org.gradle.internal.classpath.TransformedClassPath                              : loaded 2 times (x 98B)
Class kotlinx.coroutines.CoroutineStart                                               : loaded 2 times (x 81B)
Class kotlinx.coroutines.scheduling.UnlimitedIoScheduler                              : loaded 2 times (x 101B)
Class com.google.common.cache.CacheBuilder$NullListener                               : loaded 2 times (x 84B)
Class kotlin.reflect.jvm.internal.KDeclarationContainerImpl$Data                      : loaded 2 times (x 74B)
Class jdk.internal.jimage.ImageReader$LinkNode                                        : loaded 2 times (x 86B)
Class com.google.common.cache.LocalCache                                              : loaded 2 times (x 188B)
Class com.google.common.cache.CacheBuilder$2                                          : loaded 2 times (x 81B)
Class kotlinx.coroutines.CoroutineId                                                  : loaded 2 times (x 95B)
Class kotlinx.coroutines.EventLoopImplBase                                            : loaded 2 times (x 118B)
Class kotlin.reflect.jvm.internal.impl.builtins.PrimitiveType$Companion               : loaded 2 times (x 73B)
Class com.google.common.collect.MapDifference                                         : loaded 2 times (x 72B)
Class kotlin.reflect.jvm.internal.KClassImpl$Data                                     : loaded 2 times (x 74B)
Class com.google.common.cache.LocalCache$Strength$3                                   : loaded 2 times (x 83B)
Class kotlinx.coroutines.scheduling.DefaultIoScheduler                                : loaded 2 times (x 112B)
Class kotlinx.coroutines.DispatchedTask                                               : loaded 2 times (x 83B)
Class org.jetbrains.kotlin.cli.common.arguments.K2JVMCompilerArguments                : loaded 2 times (x 77B)
Class [Lcom.google.common.collect.AbstractMapEntry;                                   : loaded 2 times (x 71B)
Class com.google.common.collect.ImmutableEntry                                        : loaded 2 times (x 84B)
Class com.google.common.cache.CacheBuilder$3                                          : loaded 2 times (x 74B)
Class com.google.common.collect.ArrayListMultimap                                     : loaded 2 times (x 173B)
Class org.gradle.api.GradleException                                                  : loaded 2 times (x 84B)
Class kotlinx.coroutines.internal.ThreadContextKt$countAll$1                          : loaded 2 times (x 80B)
Class kotlin.collections.AbstractMap$Companion                                        : loaded 2 times (x 73B)
Class jdk.internal.jrtfs.JrtFileStore                                                 : loaded 2 times (x 85B)
Class com.google.common.cache.LocalCache$Strength$2                                   : loaded 2 times (x 83B)
Class org.jetbrains.kotlin.cli.common.messages.CompilerMessageSeverity                : loaded 2 times (x 81B)
Class kotlin.collections.builders.MapBuilderEntries                                   : loaded 2 times (x 147B)
Class com.google.common.collect.CollectPreconditions                                  : loaded 2 times (x 73B)
Class kotlinx.coroutines.DefaultExecutorKt                                            : loaded 2 times (x 73B)
Class kotlinx.coroutines.Unconfined                                                   : loaded 2 times (x 101B)
Class kotlinx.coroutines.GlobalScope                                                  : loaded 2 times (x 76B)
Class kotlinx.coroutines.internal.SystemPropsKt                                       : loaded 2 times (x 73B)
Class com.google.common.cache.LocalCache$Strength$1                                   : loaded 2 times (x 83B)
Class kotlin.reflect.jvm.internal.KTypeParameterOwnerImpl                             : loaded 2 times (x 72B)
Class com.google.common.collect.Sets$4                                                : loaded 2 times (x 141B)
Class kotlin.reflect.jvm.internal.impl.name.ClassId                                   : loaded 2 times (x 74B)
Class com.google.common.collect.SortedMapDifference                                   : loaded 2 times (x 72B)
Class kotlin.collections.builders.MapBuilder$KeysItr                                  : loaded 2 times (x 83B)
Class [Lkotlin.time.DurationUnit;                                                     : loaded 2 times (x 71B)
Class kotlinx.coroutines.AbstractCoroutine                                            : loaded 2 times (x 145B)
Class kotlinx.coroutines.IncompleteStateBox                                           : loaded 2 times (x 74B)
Class kotlin.reflect.jvm.internal.impl.name.Name                                      : loaded 2 times (x 77B)
Class kotlin.reflect.jvm.internal.KPropertyImpl$Companion                             : loaded 2 times (x 73B)
Class org.gradle.internal.service.UnknownServiceException                             : loaded 2 times (x 85B)
Class org.jetbrains.kotlin.cli.common.arguments.CommonCompilerArguments               : loaded 2 times (x 76B)
Class com.google.common.cache.LocalCache$EntryFactory                                 : loaded 2 times (x 85B)
Class com.google.common.cache.LocalCache$LocalLoadingCache                            : loaded 2 times (x 136B)
Class com.google.common.collect.Sets$3                                                : loaded 2 times (x 141B)
Class kotlin.reflect.jvm.internal.impl.name.FqNameUnsafe                              : loaded 2 times (x 74B)
Class org.jetbrains.kotlin.cli.common.CompilerSystemProperties                        : loaded 2 times (x 81B)
Class org.jetbrains.kotlin.cli.common.arguments.CommonCompilerArgumentsConfigurator   : loaded 2 times (x 76B)
Class org.jetbrains.kotlin.cli.common.arguments.Argument                              : loaded 2 times (x 72B)
Class kotlinx.coroutines.Delay                                                        : loaded 2 times (x 72B)
Class kotlinx.coroutines.ParentJob                                                    : loaded 2 times (x 72B)
Class org.gradle.internal.IoActions                                                   : loaded 2 times (x 73B)
Class kotlinx.coroutines.JobNode                                                      : loaded 2 times (x 92B)
Class kotlinx.coroutines.scheduling.TaskContext                                       : loaded 2 times (x 72B)
Class jdk.internal.jrtfs.SystemImage                                                  : loaded 2 times (x 76B)
Class org.gradle.api.internal.ClassPathProvider                                       : loaded 2 times (x 72B)
Class [Lorg.gradle.api.internal.ClassPathProvider;                                    : loaded 2 times (x 71B)
Class com.google.common.collect.Sets$2                                                : loaded 2 times (x 141B)
Class kotlin.reflect.jvm.internal.EmptyContainerForLocal                              : loaded 2 times (x 86B)
Class com.google.common.cache.CacheLoader$InvalidCacheLoadException                   : loaded 2 times (x 84B)
Class com.google.common.collect.ImmutableSet$RegularSetBuilderImpl                    : loaded 2 times (x 78B)
Class org.gradle.internal.classloader.SystemClassLoaderSpec                           : loaded 2 times (x 73B)
Class kotlin.text.MatcherMatchResult$groups$1                                         : loaded 2 times (x 153B)
Class kotlinx.coroutines.internal.LockFreeLinkedListNode                              : loaded 2 times (x 77B)
Class kotlin.collections.builders.MapBuilder$EntryRef                                 : loaded 2 times (x 83B)
Class kotlin.coroutines.CoroutineContext$DefaultImpls                                 : loaded 2 times (x 73B)
Class kotlin.reflect.jvm.internal.impl.builtins.jvm.JavaToKotlinClassMap$PlatformMutabilityMapping: loaded 2 times (x 74B)
Class kotlin.coroutines.ContinuationInterceptor$DefaultImpls                          : loaded 2 times (x 73B)
Class kotlin.text.MatchResult                                                         : loaded 2 times (x 72B)
Class org.gradle.api.internal.DefaultClassPathProvider                                : loaded 2 times (x 78B)
Class com.google.common.collect.ImmutableSet$SerializedForm                           : loaded 2 times (x 75B)
Class com.google.common.collect.Sets$1                                                : loaded 2 times (x 141B)
Class kotlin.reflect.jvm.internal.KCallableImpl                                       : loaded 2 times (x 107B)
Class org.jetbrains.kotlin.cli.common.ExitCode                                        : loaded 2 times (x 81B)
Class com.google.common.cache.LoadingCache                                            : loaded 2 times (x 72B)
Class kotlinx.coroutines.EventLoop_commonKt                                           : loaded 2 times (x 73B)
Class com.google.common.collect.ListMultimap                                          : loaded 2 times (x 72B)
Class com.google.common.collect.ImmutableEnumMap                                      : loaded 2 times (x 128B)
Class kotlinx.coroutines.DebugKt                                                      : loaded 2 times (x 73B)
Class kotlinx.coroutines.internal.LimitedDispatcher                                   : loaded 2 times (x 106B)
Class com.google.common.collect.RegularImmutableMap$BucketOverflowException           : loaded 2 times (x 84B)
Class [Lcom.google.common.cache.Weigher;                                              : loaded 2 times (x 71B)
Class org.gradle.api.internal.classpath.EffectiveClassPath                            : loaded 2 times (x 92B)
Class [Lcom.google.common.collect.ImmutableMapEntry;                                  : loaded 2 times (x 71B)
Class kotlinx.coroutines.internal.LockFreeTaskQueueCore$Companion                     : loaded 2 times (x 73B)
Class kotlin.reflect.jvm.internal.KProperty1Impl                                      : loaded 2 times (x 130B)
Class jdk.internal.jrtfs.ExplodedImage                                                : loaded 2 times (x 79B)
Class org.gradle.internal.classloader.ClassLoaderVisitor                              : loaded 2 times (x 78B)
Class org.jetbrains.kotlin.cli.common.CompilerSystemProperties$Companion              : loaded 2 times (x 73B)
Class com.google.common.io.ByteSource$ConcatenatedByteSource                          : loaded 2 times (x 87B)
Class kotlinx.coroutines.CopyableThreadContextElement                                 : loaded 2 times (x 72B)
Class kotlin.sequences.SequencesKt___SequencesKt$flatMap$1                            : loaded 2 times (x 127B)
Class com.google.common.cache.LocalCache$ValueReference                               : loaded 2 times (x 72B)
Class kotlin.coroutines.jvm.internal.Boxing                                           : loaded 2 times (x 73B)
Class kotlin.text.MatcherMatchResult$groupValues$1                                    : loaded 2 times (x 200B)
Class kotlin.jvm.internal.FloatCompanionObject                                        : loaded 2 times (x 73B)
Class org.gradle.internal.classloader.DefaultClassLoaderFactory                       : loaded 2 times (x 84B)
Class com.google.common.base.Platform$JdkPatternCompiler                              : loaded 2 times (x 77B)
Class org.jetbrains.kotlin.cli.common.arguments.CommonToolArguments                   : loaded 2 times (x 75B)
Class com.google.common.hash.PrimitiveSink                                            : loaded 2 times (x 72B)
Class com.google.common.base.Equivalence$Equals                                       : loaded 2 times (x 84B)
Class com.google.common.collect.Hashing                                               : loaded 2 times (x 73B)
Class com.google.common.base.PatternCompiler                                          : loaded 2 times (x 72B)
Class com.google.common.base.Preconditions                                            : loaded 2 times (x 73B)
Class com.google.common.base.Suppliers                                                : loaded 2 times (x 73B)
Class kotlin.reflect.jvm.internal.KProperty0Impl                                      : loaded 2 times (x 130B)
Class [Lcom.google.common.cache.CacheBuilder$OneWeigher;                              : loaded 2 times (x 71B)
Class kotlin.reflect.jvm.internal.impl.name.FqName                                    : loaded 2 times (x 74B)
Class kotlin.io.LinesSequence                                                         : loaded 2 times (x 77B)
Class com.google.common.base.Joiner$1                                                 : loaded 2 times (x 82B)
Class com.google.common.collect.PeekingIterator                                       : loaded 2 times (x 72B)
Class kotlinx.coroutines.EventLoopImplPlatform                                        : loaded 2 times (x 108B)
Class kotlinx.coroutines.scheduling.SchedulerTimeSource                               : loaded 2 times (x 74B)
Class kotlinx.coroutines.scheduling.CoroutineScheduler                                : loaded 2 times (x 83B)
Class com.google.common.io.ByteSource$AsCharSource                                    : loaded 2 times (x 88B)
Class com.google.common.collect.Maps$IteratorBasedAbstractMap                         : loaded 2 times (x 127B)
Class com.google.common.cache.LocalCache$EntryFactory$1                               : loaded 2 times (x 85B)
Class [Lcom.google.common.cache.RemovalListener;                                      : loaded 2 times (x 71B)
Class com.google.common.base.Joiner$2                                                 : loaded 2 times (x 81B)
Class kotlinx.coroutines.scheduling.TaskContextImpl                                   : loaded 2 times (x 77B)
Class com.google.common.collect.UnmodifiableListIterator                              : loaded 2 times (x 97B)
Class kotlinx.coroutines.CoroutineScope                                               : loaded 2 times (x 72B)
Class kotlinx.coroutines.ChildHandle                                                  : loaded 2 times (x 72B)
Class com.google.common.cache.LocalCache$EntryFactory$2                               : loaded 2 times (x 85B)
Class org.gradle.api.internal.classpath.GlobalCacheRootsProvider                      : loaded 2 times (x 72B)
Class kotlin.collections.builders.ListBuilder$Itr                                     : loaded 2 times (x 96B)
Class com.google.common.collect.ImmutableMap$MapViewOfValuesAsSingletonSets           : loaded 2 times (x 128B)
Class com.google.common.collect.RegularImmutableMap                                   : loaded 2 times (x 122B)
Class org.jetbrains.kotlin.cli.common.arguments.ArgumentField                         : loaded 2 times (x 74B)
Class com.google.common.collect.ImmutableMapEntrySet$RegularEntrySet                  : loaded 2 times (x 154B)
Class com.google.common.cache.LocalCache$EntryFactory$3                               : loaded 2 times (x 85B)
Class com.google.common.base.Ticker$1                                                 : loaded 2 times (x 74B)
Class com.google.common.collect.Maps$BiMapConverter                                   : loaded 2 times (x 92B)
Class kotlinx.coroutines.Incomplete                                                   : loaded 2 times (x 72B)
Class org.jetbrains.kotlin.cli.common.messages.MessageRenderer                        : loaded 2 times (x 72B)
Class com.google.common.cache.LocalCache$EntryFactory$4                               : loaded 2 times (x 85B)
Class com.google.common.collect.ImmutableSet$Builder                                  : loaded 2 times (x 87B)
Class kotlin.concurrent.LocksKt                                                       : loaded 2 times (x 73B)
Class kotlinx.coroutines.AbstractTimeSourceKt                                         : loaded 2 times (x 73B)
Class kotlin.jvm.internal.MutablePropertyReference2                                   : loaded 2 times (x 139B)
Class com.google.common.cache.LocalCache$EntryFactory$5                               : loaded 2 times (x 85B)
Class kotlin.jvm.internal.ByteCompanionObject                                         : loaded 2 times (x 73B)
Class kotlin.time.Duration                                                            : loaded 2 times (x 76B)
Class kotlin.reflect.jvm.internal.ReflectProperties$Val                               : loaded 2 times (x 76B)
Class org.gradle.api.internal.classpath.ManifestUtil                                  : loaded 2 times (x 73B)
Class com.google.common.cache.LocalCache$EntryFactory$6                               : loaded 2 times (x 85B)
Class org.gradle.internal.installation.CurrentGradleInstallationLocator               : loaded 2 times (x 73B)
Class com.google.common.collect.AbstractMapBasedMultimap$WrappedCollection            : loaded 2 times (x 126B)
Class kotlinx.coroutines.internal.OpDescriptor                                        : loaded 2 times (x 75B)
Class kotlinx.coroutines.Empty                                                        : loaded 2 times (x 77B)
Class org.jetbrains.kotlin.cli.common.messages.CompilerMessageSeverity$Companion      : loaded 2 times (x 73B)
Class com.google.common.io.ByteSource$SlicedByteSource                                : loaded 2 times (x 87B)
Class com.google.common.collect.ImmutableSet$EmptySetBuilderImpl                      : loaded 2 times (x 78B)
Class com.google.common.cache.LocalCache$EntryFactory$7                               : loaded 2 times (x 85B)
Class com.google.common.collect.ImmutableList                                         : loaded 2 times (x 208B)
Class org.gradle.internal.service.DefaultServiceLocator                               : loaded 2 times (x 85B)
Class jdk.internal.jrtfs.JrtDirectoryStream                                           : loaded 2 times (x 91B)
Class kotlin.properties.ObservableProperty                                            : loaded 2 times (x 85B)
Class com.google.common.collect.ImmutableList$1                                       : loaded 2 times (x 99B)
Class com.google.common.util.concurrent.ExecutionError                                : loaded 2 times (x 84B)
Class com.google.common.collect.ImmutableEnumSet                                      : loaded 2 times (x 148B)
Class org.gradle.internal.classloader.ClassLoaderHierarchy                            : loaded 2 times (x 72B)
Class org.jetbrains.kotlin.util.capitalizeDecapitalize.CapitalizeDecapitalizeKt       : loaded 2 times (x 73B)
Class com.google.common.cache.LocalCache$EntryFactory$8                               : loaded 2 times (x 85B)
Class com.google.common.collect.ImmutableSet$SetBuilderImpl                           : loaded 2 times (x 78B)
Class org.gradle.internal.installation.CurrentGradleInstallation                      : loaded 2 times (x 75B)
Class kotlin.jvm.internal.MutablePropertyReference0                                   : loaded 2 times (x 139B)
Class kotlin.jvm.internal.Ref$BooleanRef                                              : loaded 2 times (x 73B)
Class kotlinx.coroutines.scheduling.Task                                              : loaded 2 times (x 78B)
Class kotlin.reflect.jvm.internal.impl.builtins.CompanionObjectMapping                : loaded 2 times (x 73B)
Class kotlinx.coroutines.BlockingCoroutine                                            : loaded 2 times (x 145B)
Class kotlinx.coroutines.BuildersKt                                                   : loaded 2 times (x 73B)
Class kotlinx.coroutines.CoroutineContextKt$hasCopyableElements$1                     : loaded 2 times (x 80B)
Class com.google.common.cache.CacheLoader$1                                           : loaded 2 times (x 77B)
Class com.google.common.collect.ImmutableList$SubList                                 : loaded 2 times (x 211B)
Class org.gradle.util.internal.GUtil                                                  : loaded 2 times (x 73B)
Class kotlinx.coroutines.internal.LockFreeTaskQueue                                   : loaded 2 times (x 74B)
Class kotlinx.coroutines.scheduling.DefaultScheduler                                  : loaded 2 times (x 109B)
Class kotlinx.coroutines.Dispatchers                                                  : loaded 2 times (x 73B)
Class kotlinx.coroutines.internal.ThreadContextKt                                     : loaded 2 times (x 73B)
Class kotlin.sequences.DropWhileSequence$iterator$1                                   : loaded 2 times (x 81B)
Class org.gradle.internal.classloader.FilteringClassLoader                            : loaded 2 times (x 106B)
Class com.google.common.io.ByteSource                                                 : loaded 2 times (x 86B)
Class com.google.common.cache.AbstractCache$StatsCounter                              : loaded 2 times (x 72B)
Class com.google.common.base.Equivalence$Identity                                     : loaded 2 times (x 84B)
Class kotlin.time.DurationUnitKt                                                      : loaded 2 times (x 73B)
Class com.google.common.base.PairwiseEquivalence                                      : loaded 2 times (x 85B)
Class kotlinx.coroutines.intrinsics.CancellableKt                                     : loaded 2 times (x 73B)
Class com.google.common.collect.RegularImmutableMap$KeySet                            : loaded 2 times (x 154B)
Class kotlin.reflect.jvm.internal.RuntimeTypeMapper                                   : loaded 2 times (x 73B)
Class com.google.common.collect.Iterators$MergingIterator                             : loaded 2 times (x 83B)
Class com.google.common.collect.RegularImmutableSet                                   : loaded 2 times (x 150B)
Class org.gradle.internal.installation.GradleInstallation                             : loaded 2 times (x 77B)
Class kotlinx.coroutines.internal.ResizableAtomicArray                                : loaded 2 times (x 74B)
Class kotlin.collections.ReversedList                                                 : loaded 2 times (x 209B)
Class kotlinx.coroutines.internal.ThreadContextKt$updateState$1                       : loaded 2 times (x 80B)
Class kotlin.collections.ReversedList$listIterator$1                                  : loaded 2 times (x 96B)
Class kotlin.text.MatcherMatchResult                                                  : loaded 2 times (x 82B)
Class kotlinx.coroutines.JobSupportKt                                                 : loaded 2 times (x 73B)
Class kotlinx.coroutines.ExecutorCoroutineDispatcher$Key                              : loaded 2 times (x 74B)
Class kotlin.text.MatchGroupCollection                                                : loaded 2 times (x 72B)
Class kotlinx.coroutines.scheduling.TasksKt                                           : loaded 2 times (x 73B)

---------------  S Y S T E M  ---------------

OS:
 Windows 11 , 64 bit Build 26100 (10.0.26100.9168)
OS uptime: 3 days 13:39 hours
Hyper-V role detected

CPU: total 18 (initial active 18) (9 cores per cpu, 2 threads per core) family 6 model 170 stepping 4 microcode 0x28, cx8, cmov, fxsr, ht, mmx, 3dnowpref, sse, sse2, sse3, ssse3, sse4.1, sse4.2, popcnt, lzcnt, tsc, tscinvbit, avx, avx2, aes, erms, clmul, bmi1, bmi2, adx, sha, fma, vzeroupper, clflush, clflushopt, clwb, hv, serialize, rdtscp, rdpid, fsrm, gfni, f16c, cet_ibt, cet_ss
Processor Information for processor 0
  Max Mhz: 1200, Current Mhz: 1200, Mhz Limit: 1200
Processor Information for processor 1
  Max Mhz: 1200, Current Mhz: 1200, Mhz Limit: 1200
Processor Information for processor 2
  Max Mhz: 700, Current Mhz: 700, Mhz Limit: 700
Processor Information for processor 3
  Max Mhz: 700, Current Mhz: 700, Mhz Limit: 700
Processor Information for processor 4
  Max Mhz: 700, Current Mhz: 700, Mhz Limit: 700
Processor Information for processor 5
  Max Mhz: 700, Current Mhz: 700, Mhz Limit: 700
Processor Information for processor 6
  Max Mhz: 700, Current Mhz: 700, Mhz Limit: 700
Processor Information for processor 7
  Max Mhz: 700, Current Mhz: 700, Mhz Limit: 700
Processor Information for processor 8
  Max Mhz: 700, Current Mhz: 700, Mhz Limit: 700
Processor Information for processor 9
  Max Mhz: 700, Current Mhz: 700, Mhz Limit: 700
Processor Information for processor 10
  Max Mhz: 1200, Current Mhz: 1200, Mhz Limit: 1200
Processor Information for processor 11
  Max Mhz: 1200, Current Mhz: 1200, Mhz Limit: 1200
Processor Information for processor 12
  Max Mhz: 1200, Current Mhz: 1200, Mhz Limit: 1200
Processor Information for processor 13
  Max Mhz: 1200, Current Mhz: 1200, Mhz Limit: 1200
Processor Information for processor 14
  Max Mhz: 1200, Current Mhz: 1200, Mhz Limit: 1200
Processor Information for processor 15
  Max Mhz: 1200, Current Mhz: 1200, Mhz Limit: 1200
Processor Information for processor 16
  Max Mhz: 700, Current Mhz: 700, Mhz Limit: 700
Processor Information for processor 17
  Max Mhz: 700, Current Mhz: 700, Mhz Limit: 700

Memory: 4k page, system-wide physical 15805M (723M free)
TotalPageFile size 31805M (AvailPageFile size 426M)
current process WorkingSet (physical memory assigned to process): 1109M, peak: 1218M
current process commit charge ("private bytes"): 1434M, peak: 1450M

vm_info: OpenJDK 64-Bit Server VM (25.0.2+-15348964-b329.117) for windows-amd64 JRE (25.0.2+-15348964-b329.117), built on 2026-05-05T18:25:19Z with MS VC++ 16.10 / 16.11 (VS2019)

END.
