#
# There is insufficient memory for the Java Runtime Environment to continue.
# Native memory allocation (mmap) failed to map 398458880 bytes. Error detail: G1 virtual space
# Possible reasons:
#   The system is out of physical RAM or swap space
#   This process is running with CompressedOops enabled, and the Java Heap may be blocking the growth of the native heap
# Possible solutions:
#   Reduce memory load on the system
#   Increase physical memory or swap space
#   Check if swap backing store is full
#   Decrease Java heap size (-Xmx/-Xms)
#   Decrease number of Java threads
#   Decrease Java thread stack sizes (-Xss)
#   Set larger code cache with -XX:ReservedCodeCacheSize=
#   JVM is running with Zero Based Compressed Oops mode in which the Java heap is
#     placed in the first 32GB address space. The Java Heap base address is the
#     maximum limit for the native heap growth. Please use -XX:HeapBaseMinAddress
#     to set the Java Heap base and to place the Java Heap above 32GB virtual address.
# This output file may be truncated or incomplete.
#
#  Out of Memory Error (os_windows.cpp:3766), pid=35192, tid=38040
#
# JRE version: OpenJDK Runtime Environment (25.0.2) (build 25.0.2+-15348964-b329.117)
# Java VM: OpenJDK 64-Bit Server VM (25.0.2+-15348964-b329.117, mixed mode, tiered, compressed oops, compressed class ptrs, g1 gc, windows-amd64)
# No core dump will be written. Minidumps are not enabled by default on client versions of Windows
#

---------------  S U M M A R Y ------------

Command Line: --add-opens=java.base/java.lang=ALL-UNNAMED --add-opens=java.base/java.lang.invoke=ALL-UNNAMED --add-opens=java.base/java.util=ALL-UNNAMED --add-opens=java.prefs/java.util.prefs=ALL-UNNAMED --add-exports=jdk.compiler/com.sun.tools.javac.api=ALL-UNNAMED --add-exports=jdk.compiler/com.sun.tools.javac.util=ALL-UNNAMED --add-opens=java.base/java.util=ALL-UNNAMED --add-opens=java.prefs/java.util.prefs=ALL-UNNAMED --add-opens=java.base/java.nio.charset=ALL-UNNAMED --add-opens=java.base/java.net=ALL-UNNAMED --add-opens=java.base/java.util.concurrent=ALL-UNNAMED --add-opens=java.base/java.util.concurrent.atomic=ALL-UNNAMED --add-opens=java.xml/javax.xml.namespace=ALL-UNNAMED --add-opens=java.base/java.time=ALL-UNNAMED --enable-native-access=ALL-UNNAMED -Xmx4g -Dfile.encoding=UTF-8 -Duser.country=IN -Duser.language=en -Duser.variant -javaagent:C:\Users\conne\.gradle\wrapper\dists\gradle-9.3.1-bin\23ovyewtku6u96viwx3xl3oks\gradle-9.3.1\lib\agents\gradle-instrumentation-agent-9.3.1.jar org.gradle.launcher.daemon.bootstrap.GradleDaemon 9.3.1

Host: Intel(R) Core(TM) Ultra 5 125H, 18 cores, 15G,  Windows 11 , 64 bit Build 26100 (10.0.26100.9168)
Time: Thu Aug 27 00:29:58 2026 India Standard Time elapsed time: 127.315978 seconds (0d 0h 2m 7s)

---------------  T H R E A D  ---------------

Current thread (0x00000265d349bac0):  VMThread "VM Thread"          [id=38040, stack(0x0000007da8000000,0x0000007da8100000) (1024K)]

Stack: [0x0000007da8000000,0x0000007da8100000]
Native frames: (J=compiled Java code, j=interpreted, Vv=VM code, C=native code)
V  [jvm.dll+0x7bd439]  (no source info available)
V  [jvm.dll+0x78763d]  (no source info available)
V  [jvm.dll+0xa0c885]  (no source info available)
V  [jvm.dll+0xa0ef04]  (no source info available)
V  [jvm.dll+0xa0f603]  (no source info available)
V  [jvm.dll+0x309bf6]  (no source info available)
V  [jvm.dll+0x7b9545]  (no source info available)
V  [jvm.dll+0x7ac047]  (no source info available)
V  [jvm.dll+0x3fdeab]  (no source info available)
V  [jvm.dll+0x406066]  (no source info available)
V  [jvm.dll+0x3f2516]  (no source info available)
V  [jvm.dll+0x3f27f8]  (no source info available)
V  [jvm.dll+0x3c7b82]  (no source info available)
V  [jvm.dll+0x3c7c1a]  (no source info available)
V  [jvm.dll+0x4172d0]  (no source info available)
V  [jvm.dll+0x415bf1]  (no source info available)
V  [jvm.dll+0x3c72b7]  (no source info available)
V  [jvm.dll+0x41502f]  (no source info available)
V  [jvm.dll+0xa158ca]  (no source info available)
V  [jvm.dll+0xa16bd1]  (no source info available)
V  [jvm.dll+0xa17148]  (no source info available)
V  [jvm.dll+0xa173d3]  (no source info available)
V  [jvm.dll+0x9ab9c8]  (no source info available)
V  [jvm.dll+0x7bb985]  (no source info available)
C  [ucrtbase.dll+0x2cd30]  (no source info available)
C  [KERNEL32.DLL+0x2ccb7]  (no source info available)
C  [ntdll.dll+0xaad6c]  (no source info available)

VM_Operation (0x0000007dab8f9bf0): G1CollectForAllocation, mode: safepoint, requested by thread 0x00000265e0b65e90


---------------  P R O C E S S  ---------------

Threads class SMR info:
_java_thread_list=0x00000265f7097930, length=101, elements={
0x00000265b8de2760, 0x00000265d64ddcb0, 0x00000265d64f7720, 0x00000265d64f8580,
0x00000265d64f9bc0, 0x00000265d64fa780, 0x00000265d651f4f0, 0x00000265d6507360,
0x00000265d650cc90, 0x00000265d6535b40, 0x00000265db05c980, 0x00000265dd2310a0,
0x00000265dd608420, 0x00000265dd4c9bb0, 0x00000265dd5fd120, 0x00000265dd5fd8e0,
0x00000265dd25eab0, 0x00000265dd26e1e0, 0x00000265dd26ab30, 0x00000265dd26c2a0,
0x00000265dd3b2870, 0x00000265dd3b0160, 0x00000265dd3b3fe0, 0x00000265dd3b18d0,
0x00000265dd3b7690, 0x00000265d65152f0, 0x00000265dd729e20, 0x00000265dd72adc0,
0x00000265dd72a5f0, 0x00000265dd727ee0, 0x00000265dd72c530, 0x00000265dd3b5750,
0x00000265deaf0bc0, 0x00000265deaefc20, 0x00000265deaf1390, 0x00000265deaf32d0,
0x00000265e0b656c0, 0x00000265e0b65e90, 0x00000265e0b62fb0, 0x00000265e11662b0,
0x00000265e1166a80, 0x00000265e1163ba0, 0x00000265e1165310, 0x00000265e1165ae0,
0x00000265e116a900, 0x00000265ddd99210, 0x00000265ddd9d090, 0x00000265deca9200,
0x00000265decae020, 0x00000265decac8b0, 0x00000265decaa970, 0x00000265d6514350,
0x00000265ddd9d860, 0x00000265dd3b3810, 0x00000265e603b7d0, 0x00000265e603dee0,
0x00000265e603a830, 0x00000265e603cf40, 0x00000265e6041590, 0x00000265e60405f0,
0x00000265e60434d0, 0x00000265e6045410, 0x00000265e6045be0, 0x00000265e6047350,
0x00000265e603f650, 0x00000265e6048ac0, 0x00000265dc9cfba0, 0x00000265dc9d2a80,
0x00000265dc9d22b0, 0x00000265dc9d3250, 0x00000265dc9d0370, 0x00000265dc9d3a20,
0x00000265dc9d0b40, 0x00000265dc9d6130, 0x00000265dc9d49c0, 0x00000265dc9d5960,
0x00000265dc9d5190, 0x00000265e0c00300, 0x00000265e0c04950, 0x00000265e0c05120,
0x00000265e0c058f0, 0x00000265decaf790, 0x00000265decb0730, 0x00000265dd3b20a0,
0x00000265e9a0e260, 0x00000265e9a0ea30, 0x00000265e9a13080, 0x00000265e9a0f9d0,
0x00000265e9a0da90, 0x00000265e9a1a5b0, 0x00000265e0b61070, 0x00000265eb0ef460,
0x00000265eb0f4a50, 0x00000265eb0f4280, 0x00000265f9015cf0, 0x00000265f7fbe100,
0x00000265eb2da7c0, 0x00000265e991cff0, 0x00000265e991f700, 0x00000265e991e760,
0x00000265e99206a0
}

Java Threads: ( => current thread )
  0x00000265b8de2760 JavaThread "main"                              [_thread_blocked, id=18144, stack(0x0000007da7900000,0x0000007da7a00000) (1024K)]
  0x00000265d64ddcb0 JavaThread "Common-Cleaner"             daemon [_thread_blocked, id=41764, stack(0x0000007da8100000,0x0000007da8200000) (1024K)]
  0x00000265d64f7720 JavaThread "Reference Handler"          daemon [_thread_blocked, id=13940, stack(0x0000007da8200000,0x0000007da8300000) (1024K)]
  0x00000265d64f8580 JavaThread "Finalizer"                  daemon [_thread_blocked, id=40060, stack(0x0000007da8300000,0x0000007da8400000) (1024K)]
  0x00000265d64f9bc0 JavaThread "Signal Dispatcher"          daemon [_thread_blocked, id=8512, stack(0x0000007da8400000,0x0000007da8500000) (1024K)]
  0x00000265d64fa780 JavaThread "Attach Listener"            daemon [_thread_blocked, id=15412, stack(0x0000007da8500000,0x0000007da8600000) (1024K)]
  0x00000265d651f4f0 JavaThread "Service Thread"             daemon [_thread_blocked, id=13088, stack(0x0000007da8600000,0x0000007da8700000) (1024K)]
  0x00000265d6507360 JavaThread "Monitor Deflation Thread"   daemon [_thread_blocked, id=47016, stack(0x0000007da8700000,0x0000007da8800000) (1024K)]
  0x00000265d650cc90 JavaThread "C2 CompilerThread0"         daemon [_thread_blocked, id=26936, stack(0x0000007da8800000,0x0000007da8900000) (1024K)]
  0x00000265d6535b40 JavaThread "C1 CompilerThread0"         daemon [_thread_blocked, id=10000, stack(0x0000007da8900000,0x0000007da8a00000) (1024K)]
  0x00000265db05c980 JavaThread "Notification Thread"        daemon [_thread_blocked, id=21948, stack(0x0000007da8c00000,0x0000007da8d00000) (1024K)]
  0x00000265dd2310a0 JavaThread "Daemon health stats"               [_thread_blocked, id=16608, stack(0x0000007da9000000,0x0000007da9100000) (1024K)]
  0x00000265dd608420 JavaThread "Incoming local TCP Connector on port 53204"        [_thread_in_native, id=27260, stack(0x0000007da9600000,0x0000007da9700000) (1024K)]
  0x00000265dd4c9bb0 JavaThread "Daemon periodic checks"            [_thread_blocked, id=29872, stack(0x0000007da9700000,0x0000007da9800000) (1024K)]
  0x00000265dd5fd120 JavaThread "Daemon"                            [_thread_blocked, id=48420, stack(0x0000007da9800000,0x0000007da9900000) (1024K)]
  0x00000265dd5fd8e0 JavaThread "Handler for socket connection from /127.0.0.1:53204 to /127.0.0.1:53205"        [_thread_in_native, id=5316, stack(0x0000007da9900000,0x0000007da9a00000) (1024K)]
  0x00000265dd25eab0 JavaThread "Cancel handler"                    [_thread_blocked, id=50988, stack(0x0000007daa500000,0x0000007daa600000) (1024K)]
  0x00000265dd26e1e0 JavaThread "Daemon worker"                     [_thread_blocked, id=11236, stack(0x0000007daa600000,0x0000007daa700000) (1024K)]
  0x00000265dd26ab30 JavaThread "Asynchronous log dispatcher for DefaultDaemonConnection: socket connection from /127.0.0.1:53204 to /127.0.0.1:53205"        [_thread_blocked, id=1712, stack(0x0000007daa700000,0x0000007daa800000) (1024K)]
  0x00000265dd26c2a0 JavaThread "Stdin handler"                     [_thread_blocked, id=20420, stack(0x0000007daa800000,0x0000007daa900000) (1024K)]
  0x00000265dd3b2870 JavaThread "Daemon client event forwarder"        [_thread_blocked, id=1484, stack(0x0000007daa900000,0x0000007daaa00000) (1024K)]
  0x00000265dd3b0160 JavaThread "Cache worker for journal cache (C:\Users\conne\.gradle\caches\journal-1)"        [_thread_blocked, id=41372, stack(0x0000007da8d00000,0x0000007da8e00000) (1024K)]
  0x00000265dd3b3fe0 JavaThread "File lock request listener"        [_thread_in_native, id=51008, stack(0x0000007da9500000,0x0000007da9600000) (1024K)]
  0x00000265dd3b18d0 JavaThread "Cache worker for file hash cache (C:\Users\conne\.gradle\caches\9.3.1\fileHashes)"        [_thread_blocked, id=32800, stack(0x0000007daaa00000,0x0000007daab00000) (1024K)]
  0x00000265dd3b7690 JavaThread "Cache worker for file hash cache (C:\Users\conne\OneDrive\Desktop\MJ-\.gradle\9.3.1\fileHashes)"        [_thread_blocked, id=27776, stack(0x0000007daad00000,0x0000007daae00000) (1024K)]
  0x00000265d65152f0 JavaThread "Cache worker for checksums cache (C:\Users\conne\OneDrive\Desktop\MJ-\.gradle\9.3.1\checksums)"        [_thread_blocked, id=16556, stack(0x0000007daae00000,0x0000007daaf00000) (1024K)]
  0x00000265dd729e20 JavaThread "Cache worker for Build Output Cleanup Cache (C:\Users\conne\OneDrive\Desktop\MJ-\.gradle\buildOutputCleanup)"        [_thread_blocked, id=7116, stack(0x0000007daaf00000,0x0000007dab000000) (1024K)]
  0x00000265dd72adc0 JavaThread "Cache worker for file content cache (C:\Users\conne\.gradle\caches\9.3.1\fileContent)"        [_thread_blocked, id=31812, stack(0x0000007dab100000,0x0000007dab200000) (1024K)]
  0x00000265dd72a5f0 JavaThread "File watcher server"        daemon [_thread_blocked, id=49988, stack(0x0000007daab00000,0x0000007daac00000) (1024K)]
  0x00000265dd727ee0 JavaThread "File watcher consumer"      daemon [_thread_blocked, id=28052, stack(0x0000007daac00000,0x0000007daad00000) (1024K)]
  0x00000265dd72c530 JavaThread "Cache worker for cache directory md-supplier (C:\Users\conne\.gradle\caches\9.3.1\md-supplier)"        [_thread_blocked, id=46772, stack(0x0000007dab200000,0x0000007dab300000) (1024K)]
  0x00000265dd3b5750 JavaThread "Cache worker for cache directory md-rule (C:\Users\conne\.gradle\caches\9.3.1\md-rule)"        [_thread_blocked, id=15700, stack(0x0000007dab300000,0x0000007dab400000) (1024K)]
  0x00000265deaf0bc0 JavaThread "Unconstrained build operations"        [_thread_blocked, id=28524, stack(0x0000007dab000000,0x0000007dab100000) (1024K)]
  0x00000265deaefc20 JavaThread "Unconstrained build operations Thread 2"        [_thread_blocked, id=47772, stack(0x0000007dab400000,0x0000007dab500000) (1024K)]
  0x00000265deaf1390 JavaThread "Unconstrained build operations Thread 3"        [_thread_blocked, id=29836, stack(0x0000007dab500000,0x0000007dab600000) (1024K)]
  0x00000265deaf32d0 JavaThread "Configuration cache report writer"        [_thread_blocked, id=20896, stack(0x0000007dab700000,0x0000007dab800000) (1024K)]
  0x00000265e0b656c0 JavaThread "Unconstrained build operations Thread 4"        [_thread_blocked, id=36376, stack(0x0000007dab600000,0x0000007dab700000) (1024K)]
  0x00000265e0b65e90 JavaThread "Unconstrained build operations Thread 5"        [_thread_blocked, id=43836, stack(0x0000007dab800000,0x0000007dab900000) (1024K)]
  0x00000265e0b62fb0 JavaThread "Unconstrained build operations Thread 6"        [_thread_blocked, id=50456, stack(0x0000007dab900000,0x0000007daba00000) (1024K)]
  0x00000265e11662b0 JavaThread "Unconstrained build operations Thread 7"        [_thread_blocked, id=35884, stack(0x0000007dabb00000,0x0000007dabc00000) (1024K)]
  0x00000265e1166a80 JavaThread "Unconstrained build operations Thread 8"        [_thread_blocked, id=5740, stack(0x0000007dabc00000,0x0000007dabd00000) (1024K)]
  0x00000265e1163ba0 JavaThread "Unconstrained build operations Thread 9"        [_thread_blocked, id=16456, stack(0x0000007dabd00000,0x0000007dabe00000) (1024K)]
  0x00000265e1165310 JavaThread "Unconstrained build operations Thread 10"        [_thread_blocked, id=19340, stack(0x0000007dabe00000,0x0000007dabf00000) (1024K)]
  0x00000265e1165ae0 JavaThread "Unconstrained build operations Thread 11"        [_thread_blocked, id=45160, stack(0x0000007dabf00000,0x0000007dac000000) (1024K)]
  0x00000265e116a900 JavaThread "Unconstrained build operations Thread 12"        [_thread_blocked, id=44444, stack(0x0000007dac000000,0x0000007dac100000) (1024K)]
  0x00000265ddd99210 JavaThread "Memory manager"                    [_thread_blocked, id=23144, stack(0x0000007dac200000,0x0000007dac300000) (1024K)]
  0x00000265ddd9d090 JavaThread "build event listener"              [_thread_blocked, id=41212, stack(0x0000007dac400000,0x0000007dac500000) (1024K)]
  0x00000265deca9200 JavaThread "Build operations"                  [_thread_blocked, id=33284, stack(0x0000007daba00000,0x0000007dabb00000) (1024K)]
  0x00000265decae020 JavaThread "Unconstrained build operations Thread 13"        [_thread_blocked, id=25856, stack(0x0000007da8a00000,0x0000007da8b00000) (1024K)]
  0x00000265decac8b0 JavaThread "Unconstrained build operations Thread 14"        [_thread_blocked, id=6768, stack(0x0000007da8b00000,0x0000007da8c00000) (1024K)]
  0x00000265decaa970 JavaThread "Unconstrained build operations Thread 15"        [_thread_blocked, id=29140, stack(0x0000007da8f00000,0x0000007da9000000) (1024K)]
  0x00000265d6514350 JavaThread "Unconstrained build operations Thread 16"        [_thread_blocked, id=17108, stack(0x0000007dac600000,0x0000007dac700000) (1024K)]
  0x00000265ddd9d860 JavaThread "Unconstrained build operations Thread 17"        [_thread_blocked, id=50596, stack(0x0000007dac700000,0x0000007dac800000) (1024K)]
  0x00000265dd3b3810 JavaThread "Unconstrained build operations Thread 18"        [_thread_blocked, id=9688, stack(0x0000007dac800000,0x0000007dac900000) (1024K)]
  0x00000265e603b7d0 JavaThread "Unconstrained build operations Thread 19"        [_thread_blocked, id=45284, stack(0x0000007dac900000,0x0000007daca00000) (1024K)]
  0x00000265e603dee0 JavaThread "Unconstrained build operations Thread 20"        [_thread_blocked, id=5004, stack(0x0000007daca00000,0x0000007dacb00000) (1024K)]
  0x00000265e603a830 JavaThread "Unconstrained build operations Thread 21"        [_thread_blocked, id=39824, stack(0x0000007dacb00000,0x0000007dacc00000) (1024K)]
  0x00000265e603cf40 JavaThread "Unconstrained build operations Thread 22"        [_thread_blocked, id=37408, stack(0x0000007dacc00000,0x0000007dacd00000) (1024K)]
  0x00000265e6041590 JavaThread "Unconstrained build operations Thread 23"        [_thread_blocked, id=51044, stack(0x0000007dace00000,0x0000007dacf00000) (1024K)]
  0x00000265e60405f0 JavaThread "Build operations Thread 2"         [_thread_blocked, id=3040, stack(0x0000007dacf00000,0x0000007dad000000) (1024K)]
  0x00000265e60434d0 JavaThread "included builds"                   [_thread_blocked, id=26120, stack(0x0000007dad000000,0x0000007dad100000) (1024K)]
  0x00000265e6045410 JavaThread "Execution worker"                  [_thread_blocked, id=40056, stack(0x0000007dad100000,0x0000007dad200000) (1024K)]
  0x00000265e6045be0 JavaThread "Execution worker Thread 2"         [_thread_blocked, id=32424, stack(0x0000007dad200000,0x0000007dad300000) (1024K)]
  0x00000265e6047350 JavaThread "Execution worker Thread 3"         [_thread_blocked, id=2440, stack(0x0000007dad300000,0x0000007dad400000) (1024K)]
  0x00000265e603f650 JavaThread "Cache worker for execution history cache (C:\Users\conne\OneDrive\Desktop\MJ-\.gradle\9.3.1\executionHistory)"        [_thread_blocked, id=42012, stack(0x0000007dacd00000,0x0000007dace00000) (1024K)]
  0x00000265e6048ac0 JavaThread "Unconstrained build operations Thread 24"        [_thread_blocked, id=32704, stack(0x0000007dad500000,0x0000007dad600000) (1024K)]
  0x00000265dc9cfba0 JavaThread "Unconstrained build operations Thread 25"        [_thread_blocked, id=41720, stack(0x0000007dad600000,0x0000007dad700000) (1024K)]
  0x00000265dc9d2a80 JavaThread "Unconstrained build operations Thread 26"        [_thread_blocked, id=12436, stack(0x0000007dad700000,0x0000007dad800000) (1024K)]
  0x00000265dc9d22b0 JavaThread "Unconstrained build operations Thread 27"        [_thread_blocked, id=42996, stack(0x0000007dad800000,0x0000007dad900000) (1024K)]
  0x00000265dc9d3250 JavaThread "Unconstrained build operations Thread 28"        [_thread_blocked, id=21660, stack(0x0000007dad900000,0x0000007dada00000) (1024K)]
  0x00000265dc9d0370 JavaThread "Unconstrained build operations Thread 30"        [_thread_blocked, id=45408, stack(0x0000007dada00000,0x0000007dadb00000) (1024K)]
  0x00000265dc9d3a20 JavaThread "Unconstrained build operations Thread 29"        [_thread_blocked, id=42404, stack(0x0000007dadb00000,0x0000007dadc00000) (1024K)]
  0x00000265dc9d0b40 JavaThread "Unconstrained build operations Thread 31"        [_thread_blocked, id=31004, stack(0x0000007dadc00000,0x0000007dadd00000) (1024K)]
  0x00000265dc9d6130 JavaThread "Unconstrained build operations Thread 32"        [_thread_blocked, id=34368, stack(0x0000007dadd00000,0x0000007dade00000) (1024K)]
  0x00000265dc9d49c0 JavaThread "Unconstrained build operations Thread 33"        [_thread_blocked, id=43632, stack(0x0000007dade00000,0x0000007dadf00000) (1024K)]
  0x00000265dc9d5960 JavaThread "Unconstrained build operations Thread 34"        [_thread_blocked, id=51020, stack(0x0000007dadf00000,0x0000007dae000000) (1024K)]
  0x00000265dc9d5190 JavaThread "Unconstrained build operations Thread 35"        [_thread_blocked, id=14928, stack(0x0000007dae000000,0x0000007dae100000) (1024K)]
  0x00000265e0c00300 JavaThread "Unconstrained build operations Thread 36"        [_thread_blocked, id=33416, stack(0x0000007dac100000,0x0000007dac200000) (1024K)]
  0x00000265e0c04950 JavaThread "Unconstrained build operations Thread 37"        [_thread_blocked, id=29892, stack(0x0000007dac300000,0x0000007dac400000) (1024K)]
  0x00000265e0c05120 JavaThread "Unconstrained build operations Thread 38"        [_thread_blocked, id=7864, stack(0x0000007dac500000,0x0000007dac600000) (1024K)]
  0x00000265e0c058f0 JavaThread "Unconstrained build operations Thread 39"        [_thread_blocked, id=26876, stack(0x0000007dae100000,0x0000007dae200000) (1024K)]
  0x00000265decaf790 JavaThread "Unconstrained build operations Thread 40"        [_thread_blocked, id=25920, stack(0x0000007dae200000,0x0000007dae300000) (1024K)]
  0x00000265decb0730 JavaThread "WorkerExecutor Queue"              [_thread_blocked, id=27524, stack(0x0000007dae300000,0x0000007dae400000) (1024K)]
  0x00000265dd3b20a0 JavaThread "WorkerExecutor Queue Thread 2"        [_thread_blocked, id=38644, stack(0x0000007dae600000,0x0000007dae700000) (1024K)]
  0x00000265e9a0e260 JavaThread "Java2D Disposer"            daemon [_thread_blocked, id=22464, stack(0x0000007dae700000,0x0000007dae800000) (1024K)]
  0x00000265e9a0ea30 JavaThread "AWT-Windows"                daemon [_thread_in_native, id=24924, stack(0x0000007dae900000,0x0000007daea00000) (1024K)]
  0x00000265e9a13080 JavaThread "DefaultDispatcher-worker-1" daemon [_thread_blocked, id=16660, stack(0x0000007daeb00000,0x0000007daec00000) (1024K)]
  0x00000265e9a0f9d0 JavaThread "DefaultDispatcher-worker-2" daemon [_thread_blocked, id=49528, stack(0x0000007daec00000,0x0000007daed00000) (1024K)]
  0x00000265e9a0da90 JavaThread "DefaultDispatcher-worker-3" daemon [_thread_blocked, id=28692, stack(0x0000007dae800000,0x0000007dae900000) (1024K)]
  0x00000265e9a1a5b0 JavaThread "Periodic tasks thread"      daemon [_thread_blocked, id=11944, stack(0x0000007daf100000,0x0000007daf200000) (1024K)]
  0x00000265e0b61070 JavaThread "ApplicationImpl pooled thread 1"        [_thread_blocked, id=45588, stack(0x0000007daf200000,0x0000007daf300000) (1024K)]
  0x00000265eb0ef460 JavaThread "ForkJoinPool.commonPool-worker-1" daemon [_thread_blocked, id=48756, stack(0x0000007daf000000,0x0000007daf100000) (1024K)]
  0x00000265eb0f4a50 JavaThread "ForkJoinPool.commonPool-worker-2" daemon [_thread_blocked, id=49672, stack(0x0000007daf300000,0x0000007daf400000) (1024K)]
  0x00000265eb0f4280 JavaThread "ForkJoinPool.commonPool-worker-3" daemon [_thread_blocked, id=50924, stack(0x0000007daf400000,0x0000007daf500000) (1024K)]
  0x00000265f9015cf0 JavaThread "File lock release action executor"        [_thread_blocked, id=1492, stack(0x0000007daf500000,0x0000007daf600000) (1024K)]
  0x00000265f7fbe100 JavaThread "File lock release action executor Thread 2"        [_thread_blocked, id=33876, stack(0x0000007da7600000,0x0000007da7700000) (1024K)]
  0x00000265eb2da7c0 JavaThread "File lock release action executor Thread 3"        [_thread_blocked, id=924, stack(0x0000007da7700000,0x0000007da7800000) (1024K)]
  0x00000265e991cff0 JavaThread "File lock release action executor Thread 4"        [_thread_blocked, id=41256, stack(0x0000007dae500000,0x0000007dae600000) (1024K)]
  0x00000265e991f700 JavaThread "File lock release action executor Thread 5"        [_thread_blocked, id=11380, stack(0x0000007daea00000,0x0000007daeb00000) (1024K)]
  0x00000265e991e760 JavaThread "File lock release action executor Thread 6"        [_thread_blocked, id=45508, stack(0x0000007daed00000,0x0000007daee00000) (1024K)]
  0x00000265e99206a0 JavaThread "File lock release action executor Thread 7"        [_thread_blocked, id=14896, stack(0x0000007daee00000,0x0000007daef00000) (1024K)]
Total: 101

Other Threads:
=>0x00000265d349bac0 VMThread "VM Thread"                           [id=38040, stack(0x0000007da8000000,0x0000007da8100000) (1024K)]
  0x00000265d34679c0 WatcherThread "VM Periodic Task Thread"        [id=39484, stack(0x0000007da7f00000,0x0000007da8000000) (1024K)]
  0x00000265bb299150 WorkerThread "GC Thread#0"                     [id=28436, stack(0x0000007da7a00000,0x0000007da7b00000) (1024K)]
  0x00000265db9fd290 WorkerThread "GC Thread#1"                     [id=49840, stack(0x0000007da9100000,0x0000007da9200000) (1024K)]
  0x00000265db9fd6c0 WorkerThread "GC Thread#2"                     [id=3360, stack(0x0000007da9200000,0x0000007da9300000) (1024K)]
  0x00000265db9fe310 WorkerThread "GC Thread#3"                     [id=28844, stack(0x0000007da9300000,0x0000007da9400000) (1024K)]
  0x00000265db9fe740 WorkerThread "GC Thread#4"                     [id=40436, stack(0x0000007da9400000,0x0000007da9500000) (1024K)]
  0x00000265dbea8b60 WorkerThread "GC Thread#5"                     [id=41744, stack(0x0000007da8e00000,0x0000007da8f00000) (1024K)]
  0x00000265dbea7a20 WorkerThread "GC Thread#6"                     [id=29008, stack(0x0000007da9a00000,0x0000007da9b00000) (1024K)]
  0x00000265dbea7180 WorkerThread "GC Thread#7"                     [id=47876, stack(0x0000007da9b00000,0x0000007da9c00000) (1024K)]
  0x00000265dbea82c0 WorkerThread "GC Thread#8"                     [id=48452, stack(0x0000007da9c00000,0x0000007da9d00000) (1024K)]
  0x00000265dbea7e70 WorkerThread "GC Thread#9"                     [id=26184, stack(0x0000007da9d00000,0x0000007da9e00000) (1024K)]
  0x00000265dd1b9940 WorkerThread "GC Thread#10"                    [id=17640, stack(0x0000007da9e00000,0x0000007da9f00000) (1024K)]
  0x00000265dd1b8800 WorkerThread "GC Thread#11"                    [id=43904, stack(0x0000007da9f00000,0x0000007daa000000) (1024K)]
  0x00000265dd1b76c0 WorkerThread "GC Thread#12"                    [id=2416, stack(0x0000007daa000000,0x0000007daa100000) (1024K)]
  0x00000265dd1b9d90 WorkerThread "GC Thread#13"                    [id=43532, stack(0x0000007daa100000,0x0000007daa200000) (1024K)]
  0x00000265d32e2cf0 ConcurrentGCThread "G1 Main Marker"            [id=8932, stack(0x0000007da7b00000,0x0000007da7c00000) (1024K)]
  0x00000265d32e3890 WorkerThread "G1 Conc#0"                       [id=49052, stack(0x0000007da7c00000,0x0000007da7d00000) (1024K)]
  0x00000265dd1ba1e0 WorkerThread "G1 Conc#1"                       [id=3736, stack(0x0000007daa200000,0x0000007daa300000) (1024K)]
  0x00000265dd1b7f60 WorkerThread "G1 Conc#2"                       [id=49200, stack(0x0000007daa300000,0x0000007daa400000) (1024K)]
  0x00000265dd1b94f0 WorkerThread "G1 Conc#3"                       [id=44284, stack(0x0000007daa400000,0x0000007daa500000) (1024K)]
  0x00000265d332fb20 ConcurrentGCThread "G1 Refine#0"               [id=45472, stack(0x0000007da7d00000,0x0000007da7e00000) (1024K)]
  0x00000265d3332b40 ConcurrentGCThread "G1 Service"                [id=47076, stack(0x0000007da7e00000,0x0000007da7f00000) (1024K)]
Total: 23

Threads with active compile tasks:
C2 CompilerThread0  127659 37822       4       com.android.tools.r8.internal.ca2::a (2026 bytes)
Total: 1

VM state: at safepoint (normal execution)

VM Mutex/Monitor currently owned by a thread:  ([mutex/lock_event])
[0x00007ff80c0b4698] Threads_lock - owner thread: 0x00000265d349bac0
[0x00007ff80c0b4818] Heap_lock - owner thread: 0x00000265e0b65e90

Heap address: 0x0000000700000000, size: 4096 MB, Compressed Oops mode: Zero based, Oop shift amount: 3

CDS archive(s) not mapped
Compressed class space mapped at: 0x0000000091000000-0x00000000d1000000, reserved size: 1073741824
UseCompressedClassPointers 1, UseCompactObjectHeaders 0
Narrow klass pointer bits 32, Max shift 3
Narrow klass base: 0x0000000000000000, Narrow klass shift: 0
Encoding Range: [0x0000000000000000 - 0x0000000100000000), (4294967296 bytes)
Klass Range:    [0x0000000091000000 - 0x00000000d1000000), (1073741824 bytes)
Klass ID Range:  [2432696320 - 3506438137) (1073741817)
No protection zone.

GC Precious Log:
 CardTable entry size: 512
 Card Set container configuration: InlinePtr #cards 4 size 8 Array Of Cards #cards 16 size 48 Howl #buckets 8 coarsen threshold 3686 Howl Bitmap #cards 512 size 80 coarsen threshold 460 Card regions per heap region 1 cards per card region 4096
 CPUs: 18 total, 18 available
 Memory: 15805M
 Large Page Support: Disabled
 NUMA Support: Disabled
 Compressed Oops: Enabled (Zero based)
 Heap Region Size: 2M
 Heap Min Capacity: 8M
 Heap Initial Capacity: 248M
 Heap Max Capacity: 4G
 Pre-touch: Disabled
 Parallel Workers: 14
 Concurrent Workers: 4
 Concurrent Refinement Workers: 14
 Periodic GC: Disabled

Heap:
 garbage-first heap   total reserved 4194304K, committed 1490944K, used 678464K [0x0000000700000000, 0x0000000800000000)
  region size 2048K, 21 young (43008K), 21 survivors (43008K)

Heap Regions: E=young(eden), S=young(survivor), O=old, HS=humongous(starts), HC=humongous(continues), CS=collection set, F=free, TAMS=top-at-mark-start, PB=parsable bottom
|   0|0x0000000700000000, 0x0000000700200000, 0x0000000700200000|100%|HS|  |TAMS 0x0000000700000000| PB 0x0000000700000000| Complete |  0
|   1|0x0000000700200000, 0x0000000700400000, 0x0000000700400000|100%|HC|  |TAMS 0x0000000700200000| PB 0x0000000700200000| Complete |  0
|   2|0x0000000700400000, 0x0000000700600000, 0x0000000700600000|100%| O|  |TAMS 0x0000000700400000| PB 0x0000000700400000| Untracked |  0
|   3|0x0000000700600000, 0x0000000700800000, 0x0000000700800000|100%| O|  |TAMS 0x0000000700600000| PB 0x0000000700600000| Untracked |  0
|   4|0x0000000700800000, 0x0000000700a00000, 0x0000000700a00000|100%| O|  |TAMS 0x0000000700800000| PB 0x0000000700800000| Untracked |  0
|   5|0x0000000700a00000, 0x0000000700c00000, 0x0000000700c00000|100%| O|  |TAMS 0x0000000700a00000| PB 0x0000000700a00000| Untracked |  0
|   6|0x0000000700c00000, 0x0000000700e00000, 0x0000000700e00000|100%| O|  |TAMS 0x0000000700c00000| PB 0x0000000700c00000| Untracked |  0
|   7|0x0000000700e00000, 0x0000000701000000, 0x0000000701000000|100%| O|  |TAMS 0x0000000700e00000| PB 0x0000000700e00000| Untracked |  0
|   8|0x0000000701000000, 0x0000000701200000, 0x0000000701200000|100%| O|  |TAMS 0x0000000701000000| PB 0x0000000701000000| Untracked |  0
|   9|0x0000000701200000, 0x0000000701400000, 0x0000000701400000|100%| O|  |TAMS 0x0000000701200000| PB 0x0000000701200000| Untracked |  0
|  10|0x0000000701400000, 0x0000000701600000, 0x0000000701600000|100%| O|  |TAMS 0x0000000701400000| PB 0x0000000701400000| Untracked |  0
|  11|0x0000000701600000, 0x0000000701800000, 0x0000000701800000|100%| O|  |TAMS 0x0000000701600000| PB 0x0000000701600000| Untracked |  0
|  12|0x0000000701800000, 0x0000000701a00000, 0x0000000701a00000|100%| O|  |TAMS 0x0000000701800000| PB 0x0000000701800000| Untracked |  0
|  13|0x0000000701a00000, 0x0000000701c00000, 0x0000000701c00000|100%|HS|  |TAMS 0x0000000701a00000| PB 0x0000000701a00000| Complete |  0
|  14|0x0000000701c00000, 0x0000000701e00000, 0x0000000701e00000|100%| O|  |TAMS 0x0000000701c00000| PB 0x0000000701c00000| Untracked |  0
|  15|0x0000000701e00000, 0x0000000702000000, 0x0000000702000000|100%| O|  |TAMS 0x0000000701e00000| PB 0x0000000701e00000| Untracked |  0
|  16|0x0000000702000000, 0x0000000702200000, 0x0000000702200000|100%| O|  |TAMS 0x0000000702000000| PB 0x0000000702000000| Untracked |  0
|  17|0x0000000702200000, 0x0000000702400000, 0x0000000702400000|100%| O|  |TAMS 0x0000000702200000| PB 0x0000000702200000| Untracked |  0
|  18|0x0000000702400000, 0x0000000702600000, 0x0000000702600000|100%| O|  |TAMS 0x0000000702400000| PB 0x0000000702400000| Untracked |  0
|  19|0x0000000702600000, 0x0000000702800000, 0x0000000702800000|100%| O|  |TAMS 0x0000000702600000| PB 0x0000000702600000| Untracked |  0
|  20|0x0000000702800000, 0x0000000702a00000, 0x0000000702a00000|100%| O|  |TAMS 0x0000000702800000| PB 0x0000000702800000| Untracked |  0
|  21|0x0000000702a00000, 0x0000000702c00000, 0x0000000702c00000|100%|HS|  |TAMS 0x0000000702a00000| PB 0x0000000702a00000| Complete |  0
|  22|0x0000000702c00000, 0x0000000702e00000, 0x0000000702e00000|100%| O|  |TAMS 0x0000000702c00000| PB 0x0000000702c00000| Untracked |  0
|  23|0x0000000702e00000, 0x0000000703000000, 0x0000000703000000|100%| O|  |TAMS 0x0000000702e00000| PB 0x0000000702e00000| Untracked |  0
|  24|0x0000000703000000, 0x0000000703200000, 0x0000000703200000|100%| O|  |TAMS 0x0000000703000000| PB 0x0000000703000000| Untracked |  0
|  25|0x0000000703200000, 0x0000000703400000, 0x0000000703400000|100%| O|  |TAMS 0x0000000703200000| PB 0x0000000703200000| Untracked |  0
|  26|0x0000000703400000, 0x0000000703600000, 0x0000000703600000|100%| O|  |TAMS 0x0000000703400000| PB 0x0000000703400000| Untracked |  0
|  27|0x0000000703600000, 0x0000000703800000, 0x0000000703800000|100%|HS|  |TAMS 0x0000000703600000| PB 0x0000000703600000| Complete |  0
|  28|0x0000000703800000, 0x0000000703a00000, 0x0000000703a00000|100%| O|  |TAMS 0x0000000703800000| PB 0x0000000703800000| Untracked |  0
|  29|0x0000000703a00000, 0x0000000703c00000, 0x0000000703c00000|100%| O|  |TAMS 0x0000000703a00000| PB 0x0000000703a00000| Untracked |  0
|  30|0x0000000703c00000, 0x0000000703e00000, 0x0000000703e00000|100%| O|  |TAMS 0x0000000703c00000| PB 0x0000000703c00000| Untracked |  0
|  31|0x0000000703e00000, 0x0000000704000000, 0x0000000704000000|100%| O|  |TAMS 0x0000000703e00000| PB 0x0000000703e00000| Untracked |  0
|  32|0x0000000704000000, 0x0000000704200000, 0x0000000704200000|100%| O|  |TAMS 0x0000000704000000| PB 0x0000000704000000| Untracked |  0
|  33|0x0000000704200000, 0x0000000704400000, 0x0000000704400000|100%| O|  |TAMS 0x0000000704200000| PB 0x0000000704200000| Untracked |  0
|  34|0x0000000704400000, 0x0000000704600000, 0x0000000704600000|100%| O|  |TAMS 0x0000000704400000| PB 0x0000000704400000| Untracked |  0
|  35|0x0000000704600000, 0x0000000704800000, 0x0000000704800000|100%| O|  |TAMS 0x0000000704600000| PB 0x0000000704600000| Untracked |  0
|  36|0x0000000704800000, 0x0000000704a00000, 0x0000000704a00000|100%| O|  |TAMS 0x0000000704800000| PB 0x0000000704800000| Untracked |  0
|  37|0x0000000704a00000, 0x0000000704c00000, 0x0000000704c00000|100%| O|  |TAMS 0x0000000704a00000| PB 0x0000000704a00000| Untracked |  0
|  38|0x0000000704c00000, 0x0000000704e00000, 0x0000000704e00000|100%| O|  |TAMS 0x0000000704c00000| PB 0x0000000704c00000| Untracked |  0
|  39|0x0000000704e00000, 0x0000000705000000, 0x0000000705000000|100%| O|  |TAMS 0x0000000704e00000| PB 0x0000000704e00000| Untracked |  0
|  40|0x0000000705000000, 0x0000000705200000, 0x0000000705200000|100%| O|  |TAMS 0x0000000705000000| PB 0x0000000705000000| Untracked |  0
|  41|0x0000000705200000, 0x0000000705400000, 0x0000000705400000|100%| O|  |TAMS 0x0000000705200000| PB 0x0000000705200000| Untracked |  0
|  42|0x0000000705400000, 0x0000000705600000, 0x0000000705600000|100%| O|  |TAMS 0x0000000705400000| PB 0x0000000705400000| Untracked |  0
|  43|0x0000000705600000, 0x0000000705800000, 0x0000000705800000|100%| O|  |TAMS 0x0000000705600000| PB 0x0000000705600000| Untracked |  0
|  44|0x0000000705800000, 0x0000000705a00000, 0x0000000705a00000|100%| O|  |TAMS 0x0000000705800000| PB 0x0000000705800000| Untracked |  0
|  45|0x0000000705a00000, 0x0000000705c00000, 0x0000000705c00000|100%| O|  |TAMS 0x0000000705a00000| PB 0x0000000705a00000| Untracked |  0
|  46|0x0000000705c00000, 0x0000000705e00000, 0x0000000705e00000|100%| O|  |TAMS 0x0000000705c00000| PB 0x0000000705c00000| Untracked |  0
|  47|0x0000000705e00000, 0x0000000706000000, 0x0000000706000000|100%| O|  |TAMS 0x0000000705e00000| PB 0x0000000705e00000| Untracked |  0
|  48|0x0000000706000000, 0x0000000706200000, 0x0000000706200000|100%| O|  |TAMS 0x0000000706000000| PB 0x0000000706000000| Untracked |  0
|  49|0x0000000706200000, 0x0000000706400000, 0x0000000706400000|100%| O|  |TAMS 0x0000000706200000| PB 0x0000000706200000| Untracked |  0
|  50|0x0000000706400000, 0x0000000706600000, 0x0000000706600000|100%| O|  |TAMS 0x0000000706400000| PB 0x0000000706400000| Untracked |  0
|  51|0x0000000706600000, 0x0000000706800000, 0x0000000706800000|100%| O|  |TAMS 0x0000000706600000| PB 0x0000000706600000| Untracked |  0
|  52|0x0000000706800000, 0x0000000706800000, 0x0000000706a00000|  0%| F|  |TAMS 0x0000000706800000| PB 0x0000000706800000| Untracked |  0
|  53|0x0000000706a00000, 0x0000000706c00000, 0x0000000706c00000|100%| O|  |TAMS 0x0000000706a00000| PB 0x0000000706a00000| Untracked |  0
|  54|0x0000000706c00000, 0x0000000706c00000, 0x0000000706e00000|  0%| F|  |TAMS 0x0000000706c00000| PB 0x0000000706c00000| Untracked |  0
|  55|0x0000000706e00000, 0x0000000707000000, 0x0000000707000000|100%| O|  |TAMS 0x0000000706e00000| PB 0x0000000706e00000| Untracked |  0
|  56|0x0000000707000000, 0x0000000707200000, 0x0000000707200000|100%|HS|  |TAMS 0x0000000707000000| PB 0x0000000707000000| Complete |  0
|  57|0x0000000707200000, 0x0000000707400000, 0x0000000707400000|100%|HC|  |TAMS 0x0000000707200000| PB 0x0000000707200000| Complete |  0
|  58|0x0000000707400000, 0x0000000707600000, 0x0000000707600000|100%|HC|  |TAMS 0x0000000707400000| PB 0x0000000707400000| Complete |  0
|  59|0x0000000707600000, 0x0000000707800000, 0x0000000707800000|100%| O|  |TAMS 0x0000000707600000| PB 0x0000000707600000| Untracked |  0
|  60|0x0000000707800000, 0x0000000707a00000, 0x0000000707a00000|100%| O|  |TAMS 0x0000000707800000| PB 0x0000000707800000| Untracked |  0
|  61|0x0000000707a00000, 0x0000000707c00000, 0x0000000707c00000|100%| O|  |TAMS 0x0000000707a00000| PB 0x0000000707a00000| Untracked |  0
|  62|0x0000000707c00000, 0x0000000707e00000, 0x0000000707e00000|100%| O|  |TAMS 0x0000000707c00000| PB 0x0000000707c00000| Untracked |  0
|  63|0x0000000707e00000, 0x0000000708000000, 0x0000000708000000|100%| O|  |TAMS 0x0000000707e00000| PB 0x0000000707e00000| Untracked |  0
|  64|0x0000000708000000, 0x0000000708200000, 0x0000000708200000|100%| O|  |TAMS 0x0000000708000000| PB 0x0000000708000000| Untracked |  0
|  65|0x0000000708200000, 0x0000000708400000, 0x0000000708400000|100%| O|  |TAMS 0x0000000708200000| PB 0x0000000708200000| Untracked |  0
|  66|0x0000000708400000, 0x0000000708600000, 0x0000000708600000|100%| O|  |TAMS 0x0000000708400000| PB 0x0000000708400000| Untracked |  0
|  67|0x0000000708600000, 0x0000000708800000, 0x0000000708800000|100%| O|  |TAMS 0x0000000708600000| PB 0x0000000708600000| Untracked |  0
|  68|0x0000000708800000, 0x0000000708a00000, 0x0000000708a00000|100%| O|  |TAMS 0x0000000708800000| PB 0x0000000708800000| Untracked |  0
|  69|0x0000000708a00000, 0x0000000708c00000, 0x0000000708c00000|100%| O|  |TAMS 0x0000000708a00000| PB 0x0000000708a00000| Untracked |  0
|  70|0x0000000708c00000, 0x0000000708e00000, 0x0000000708e00000|100%| O|  |TAMS 0x0000000708c00000| PB 0x0000000708c00000| Untracked |  0
|  71|0x0000000708e00000, 0x0000000709000000, 0x0000000709000000|100%| O|  |TAMS 0x0000000708e00000| PB 0x0000000708e00000| Untracked |  0
|  72|0x0000000709000000, 0x0000000709200000, 0x0000000709200000|100%| O|  |TAMS 0x0000000709000000| PB 0x0000000709000000| Untracked |  0
|  73|0x0000000709200000, 0x0000000709400000, 0x0000000709400000|100%| O|  |TAMS 0x0000000709200000| PB 0x0000000709200000| Untracked |  0
|  74|0x0000000709400000, 0x0000000709600000, 0x0000000709600000|100%| O|  |TAMS 0x0000000709400000| PB 0x0000000709400000| Untracked |  0
|  75|0x0000000709600000, 0x0000000709800000, 0x0000000709800000|100%| O|  |TAMS 0x0000000709600000| PB 0x0000000709600000| Untracked |  0
|  76|0x0000000709800000, 0x0000000709a00000, 0x0000000709a00000|100%| O|  |TAMS 0x0000000709800000| PB 0x0000000709800000| Untracked |  0
|  77|0x0000000709a00000, 0x0000000709c00000, 0x0000000709c00000|100%| O|  |TAMS 0x0000000709a00000| PB 0x0000000709a00000| Untracked |  0
|  78|0x0000000709c00000, 0x0000000709c00000, 0x0000000709e00000|  0%| F|  |TAMS 0x0000000709c00000| PB 0x0000000709c00000| Untracked |  0
|  79|0x0000000709e00000, 0x000000070a000000, 0x000000070a000000|100%| O|  |TAMS 0x0000000709e00000| PB 0x0000000709e00000| Untracked |  0
|  80|0x000000070a000000, 0x000000070a200000, 0x000000070a200000|100%| O|  |TAMS 0x000000070a000000| PB 0x000000070a000000| Untracked |  0
|  81|0x000000070a200000, 0x000000070a400000, 0x000000070a400000|100%| O|  |TAMS 0x000000070a200000| PB 0x000000070a200000| Untracked |  0
|  82|0x000000070a400000, 0x000000070a600000, 0x000000070a600000|100%| O|  |TAMS 0x000000070a400000| PB 0x000000070a400000| Untracked |  0
|  83|0x000000070a600000, 0x000000070a800000, 0x000000070a800000|100%| O|  |TAMS 0x000000070a600000| PB 0x000000070a600000| Untracked |  0
|  84|0x000000070a800000, 0x000000070aa00000, 0x000000070aa00000|100%| O|  |TAMS 0x000000070a800000| PB 0x000000070a800000| Untracked |  0
|  85|0x000000070aa00000, 0x000000070ac00000, 0x000000070ac00000|100%| O|  |TAMS 0x000000070aa00000| PB 0x000000070aa00000| Untracked |  0
|  86|0x000000070ac00000, 0x000000070ae00000, 0x000000070ae00000|100%| O|  |TAMS 0x000000070ac00000| PB 0x000000070ac00000| Untracked |  0
|  87|0x000000070ae00000, 0x000000070b000000, 0x000000070b000000|100%| O|  |TAMS 0x000000070ae00000| PB 0x000000070ae00000| Untracked |  0
|  88|0x000000070b000000, 0x000000070b200000, 0x000000070b200000|100%| O|  |TAMS 0x000000070b000000| PB 0x000000070b000000| Untracked |  0
|  89|0x000000070b200000, 0x000000070b400000, 0x000000070b400000|100%| O|  |TAMS 0x000000070b200000| PB 0x000000070b200000| Untracked |  0
|  90|0x000000070b400000, 0x000000070b600000, 0x000000070b600000|100%| O|  |TAMS 0x000000070b400000| PB 0x000000070b400000| Untracked |  0
|  91|0x000000070b600000, 0x000000070b800000, 0x000000070b800000|100%| O|  |TAMS 0x000000070b600000| PB 0x000000070b600000| Untracked |  0
|  92|0x000000070b800000, 0x000000070ba00000, 0x000000070ba00000|100%| O|  |TAMS 0x000000070b800000| PB 0x000000070b800000| Untracked |  0
|  93|0x000000070ba00000, 0x000000070bc00000, 0x000000070bc00000|100%| O|  |TAMS 0x000000070ba00000| PB 0x000000070ba00000| Untracked |  0
|  94|0x000000070bc00000, 0x000000070be00000, 0x000000070be00000|100%| O|  |TAMS 0x000000070bc00000| PB 0x000000070bc00000| Untracked |  0
|  95|0x000000070be00000, 0x000000070c000000, 0x000000070c000000|100%| O|  |TAMS 0x000000070be00000| PB 0x000000070be00000| Untracked |  0
|  96|0x000000070c000000, 0x000000070c200000, 0x000000070c200000|100%| O|  |TAMS 0x000000070c000000| PB 0x000000070c000000| Untracked |  0
|  97|0x000000070c200000, 0x000000070c400000, 0x000000070c400000|100%| O|  |TAMS 0x000000070c200000| PB 0x000000070c200000| Untracked |  0
|  98|0x000000070c400000, 0x000000070c600000, 0x000000070c600000|100%| O|  |TAMS 0x000000070c400000| PB 0x000000070c400000| Untracked |  0
|  99|0x000000070c600000, 0x000000070c800000, 0x000000070c800000|100%| O|  |TAMS 0x000000070c600000| PB 0x000000070c600000| Untracked |  0
| 100|0x000000070c800000, 0x000000070ca00000, 0x000000070ca00000|100%| O|  |TAMS 0x000000070c800000| PB 0x000000070c800000| Untracked |  0
| 101|0x000000070ca00000, 0x000000070cc00000, 0x000000070cc00000|100%| O|  |TAMS 0x000000070ca00000| PB 0x000000070ca00000| Untracked |  0
| 102|0x000000070cc00000, 0x000000070ce00000, 0x000000070ce00000|100%| O|  |TAMS 0x000000070cc00000| PB 0x000000070cc00000| Untracked |  0
| 103|0x000000070ce00000, 0x000000070d000000, 0x000000070d000000|100%| O|  |TAMS 0x000000070ce00000| PB 0x000000070ce00000| Untracked |  0
| 104|0x000000070d000000, 0x000000070d200000, 0x000000070d200000|100%| O|  |TAMS 0x000000070d000000| PB 0x000000070d000000| Untracked |  0
| 105|0x000000070d200000, 0x000000070d400000, 0x000000070d400000|100%| O|  |TAMS 0x000000070d200000| PB 0x000000070d200000| Untracked |  0
| 106|0x000000070d400000, 0x000000070d600000, 0x000000070d600000|100%| O|  |TAMS 0x000000070d400000| PB 0x000000070d400000| Untracked |  0
| 107|0x000000070d600000, 0x000000070d600000, 0x000000070d800000|  0%| F|  |TAMS 0x000000070d600000| PB 0x000000070d600000| Untracked |  0
| 108|0x000000070d800000, 0x000000070da00000, 0x000000070da00000|100%| O|  |TAMS 0x000000070d800000| PB 0x000000070d800000| Untracked |  0
| 109|0x000000070da00000, 0x000000070dc00000, 0x000000070dc00000|100%| O|  |TAMS 0x000000070da00000| PB 0x000000070da00000| Untracked |  0
| 110|0x000000070dc00000, 0x000000070de00000, 0x000000070de00000|100%| O|  |TAMS 0x000000070dc00000| PB 0x000000070dc00000| Untracked |  0
| 111|0x000000070de00000, 0x000000070e000000, 0x000000070e000000|100%| O|  |TAMS 0x000000070de00000| PB 0x000000070de00000| Untracked |  0
| 112|0x000000070e000000, 0x000000070e200000, 0x000000070e200000|100%| O|  |TAMS 0x000000070e000000| PB 0x000000070e000000| Untracked |  0
| 113|0x000000070e200000, 0x000000070e400000, 0x000000070e400000|100%| O|  |TAMS 0x000000070e200000| PB 0x000000070e200000| Untracked |  0
| 114|0x000000070e400000, 0x000000070e600000, 0x000000070e600000|100%| O|  |TAMS 0x000000070e400000| PB 0x000000070e400000| Untracked |  0
| 115|0x000000070e600000, 0x000000070e800000, 0x000000070e800000|100%| O|  |TAMS 0x000000070e600000| PB 0x000000070e600000| Untracked |  0
| 116|0x000000070e800000, 0x000000070ea00000, 0x000000070ea00000|100%| O|  |TAMS 0x000000070e800000| PB 0x000000070e800000| Untracked |  0
| 117|0x000000070ea00000, 0x000000070ec00000, 0x000000070ec00000|100%| O|  |TAMS 0x000000070ea00000| PB 0x000000070ea00000| Untracked |  0
| 118|0x000000070ec00000, 0x000000070ee00000, 0x000000070ee00000|100%| O|  |TAMS 0x000000070ec00000| PB 0x000000070ec00000| Untracked |  0
| 119|0x000000070ee00000, 0x000000070f000000, 0x000000070f000000|100%| O|  |TAMS 0x000000070ee00000| PB 0x000000070ee00000| Untracked |  0
| 120|0x000000070f000000, 0x000000070f200000, 0x000000070f200000|100%| O|  |TAMS 0x000000070f000000| PB 0x000000070f000000| Untracked |  0
| 121|0x000000070f200000, 0x000000070f400000, 0x000000070f400000|100%| O|  |TAMS 0x000000070f200000| PB 0x000000070f200000| Untracked |  0
| 122|0x000000070f400000, 0x000000070f600000, 0x000000070f600000|100%| O|  |TAMS 0x000000070f400000| PB 0x000000070f400000| Untracked |  0
| 123|0x000000070f600000, 0x000000070f800000, 0x000000070f800000|100%| O|  |TAMS 0x000000070f600000| PB 0x000000070f600000| Untracked |  0
| 124|0x000000070f800000, 0x000000070fa00000, 0x000000070fa00000|100%| O|  |TAMS 0x000000070f800000| PB 0x000000070f800000| Untracked |  0
| 125|0x000000070fa00000, 0x000000070fc00000, 0x000000070fc00000|100%| O|  |TAMS 0x000000070fa00000| PB 0x000000070fa00000| Untracked |  0
| 126|0x000000070fc00000, 0x000000070fe00000, 0x000000070fe00000|100%| O|  |TAMS 0x000000070fc00000| PB 0x000000070fc00000| Untracked |  0
| 127|0x000000070fe00000, 0x0000000710000000, 0x0000000710000000|100%| O|  |TAMS 0x000000070fe00000| PB 0x000000070fe00000| Untracked |  0
| 128|0x0000000710000000, 0x0000000710200000, 0x0000000710200000|100%| O|  |TAMS 0x0000000710000000| PB 0x0000000710000000| Untracked |  0
| 129|0x0000000710200000, 0x0000000710400000, 0x0000000710400000|100%| O|  |TAMS 0x0000000710200000| PB 0x0000000710200000| Untracked |  0
| 130|0x0000000710400000, 0x0000000710600000, 0x0000000710600000|100%| O|  |TAMS 0x0000000710400000| PB 0x0000000710400000| Untracked |  0
| 131|0x0000000710600000, 0x0000000710800000, 0x0000000710800000|100%| O|  |TAMS 0x0000000710600000| PB 0x0000000710600000| Untracked |  0
| 132|0x0000000710800000, 0x0000000710a00000, 0x0000000710a00000|100%| O|  |TAMS 0x0000000710800000| PB 0x0000000710800000| Untracked |  0
| 133|0x0000000710a00000, 0x0000000710c00000, 0x0000000710c00000|100%| O|  |TAMS 0x0000000710a00000| PB 0x0000000710a00000| Untracked |  0
| 134|0x0000000710c00000, 0x0000000710e00000, 0x0000000710e00000|100%| O|  |TAMS 0x0000000710c00000| PB 0x0000000710c00000| Untracked |  0
| 135|0x0000000710e00000, 0x0000000711000000, 0x0000000711000000|100%| O|  |TAMS 0x0000000710e00000| PB 0x0000000710e00000| Untracked |  0
| 136|0x0000000711000000, 0x0000000711200000, 0x0000000711200000|100%| O|  |TAMS 0x0000000711000000| PB 0x0000000711000000| Untracked |  0
| 137|0x0000000711200000, 0x0000000711400000, 0x0000000711400000|100%| O|  |TAMS 0x0000000711200000| PB 0x0000000711200000| Untracked |  0
| 138|0x0000000711400000, 0x0000000711600000, 0x0000000711600000|100%| O|  |TAMS 0x0000000711400000| PB 0x0000000711400000| Untracked |  0
| 139|0x0000000711600000, 0x0000000711800000, 0x0000000711800000|100%| O|  |TAMS 0x0000000711600000| PB 0x0000000711600000| Untracked |  0
| 140|0x0000000711800000, 0x0000000711800000, 0x0000000711a00000|  0%| F|  |TAMS 0x0000000711800000| PB 0x0000000711800000| Untracked |  0
| 141|0x0000000711a00000, 0x0000000711c00000, 0x0000000711c00000|100%| O|  |TAMS 0x0000000711a00000| PB 0x0000000711a00000| Untracked |  0
| 142|0x0000000711c00000, 0x0000000711e00000, 0x0000000711e00000|100%| O|  |TAMS 0x0000000711c00000| PB 0x0000000711c00000| Untracked |  0
| 143|0x0000000711e00000, 0x0000000712000000, 0x0000000712000000|100%| O|  |TAMS 0x0000000711e00000| PB 0x0000000711e00000| Untracked |  0
| 144|0x0000000712000000, 0x0000000712200000, 0x0000000712200000|100%| O|  |TAMS 0x0000000712000000| PB 0x0000000712000000| Untracked |  0
| 145|0x0000000712200000, 0x0000000712400000, 0x0000000712400000|100%| O|  |TAMS 0x0000000712200000| PB 0x0000000712200000| Untracked |  0
| 146|0x0000000712400000, 0x0000000712600000, 0x0000000712600000|100%| O|  |TAMS 0x0000000712400000| PB 0x0000000712400000| Untracked |  0
| 147|0x0000000712600000, 0x0000000712800000, 0x0000000712800000|100%| O|  |TAMS 0x0000000712600000| PB 0x0000000712600000| Untracked |  0
| 148|0x0000000712800000, 0x0000000712a00000, 0x0000000712a00000|100%| O|  |TAMS 0x0000000712800000| PB 0x0000000712800000| Untracked |  0
| 149|0x0000000712a00000, 0x0000000712c00000, 0x0000000712c00000|100%| O|  |TAMS 0x0000000712a00000| PB 0x0000000712a00000| Untracked |  0
| 150|0x0000000712c00000, 0x0000000712e00000, 0x0000000712e00000|100%| O|  |TAMS 0x0000000712c00000| PB 0x0000000712c00000| Untracked |  0
| 151|0x0000000712e00000, 0x0000000713000000, 0x0000000713000000|100%| O|  |TAMS 0x0000000712e00000| PB 0x0000000712e00000| Untracked |  0
| 152|0x0000000713000000, 0x0000000713200000, 0x0000000713200000|100%| O|  |TAMS 0x0000000713000000| PB 0x0000000713000000| Untracked |  0
| 153|0x0000000713200000, 0x0000000713400000, 0x0000000713400000|100%| O|  |TAMS 0x0000000713200000| PB 0x0000000713200000| Untracked |  0
| 154|0x0000000713400000, 0x0000000713600000, 0x0000000713600000|100%| O|  |TAMS 0x0000000713400000| PB 0x0000000713400000| Untracked |  0
| 155|0x0000000713600000, 0x0000000713800000, 0x0000000713800000|100%| O|  |TAMS 0x0000000713600000| PB 0x0000000713600000| Untracked |  0
| 156|0x0000000713800000, 0x0000000713800000, 0x0000000713a00000|  0%| F|  |TAMS 0x0000000713800000| PB 0x0000000713800000| Untracked |  0
| 157|0x0000000713a00000, 0x0000000713c00000, 0x0000000713c00000|100%| O|  |TAMS 0x0000000713a00000| PB 0x0000000713a00000| Untracked |  0
| 158|0x0000000713c00000, 0x0000000713e00000, 0x0000000713e00000|100%| O|  |TAMS 0x0000000713c00000| PB 0x0000000713c00000| Untracked |  0
| 159|0x0000000713e00000, 0x0000000714000000, 0x0000000714000000|100%| O|  |TAMS 0x0000000713e00000| PB 0x0000000713e00000| Untracked |  0
| 160|0x0000000714000000, 0x0000000714200000, 0x0000000714200000|100%| O|  |TAMS 0x0000000714000000| PB 0x0000000714000000| Untracked |  0
| 161|0x0000000714200000, 0x0000000714400000, 0x0000000714400000|100%| O|  |TAMS 0x0000000714200000| PB 0x0000000714200000| Untracked |  0
| 162|0x0000000714400000, 0x0000000714600000, 0x0000000714600000|100%| O|  |TAMS 0x0000000714400000| PB 0x0000000714400000| Untracked |  0
| 163|0x0000000714600000, 0x0000000714600000, 0x0000000714800000|  0%| F|  |TAMS 0x0000000714600000| PB 0x0000000714600000| Untracked |  0
| 164|0x0000000714800000, 0x0000000714a00000, 0x0000000714a00000|100%| O|  |TAMS 0x0000000714800000| PB 0x0000000714800000| Untracked |  0
| 165|0x0000000714a00000, 0x0000000714c00000, 0x0000000714c00000|100%| O|  |TAMS 0x0000000714a00000| PB 0x0000000714a00000| Untracked |  0
| 166|0x0000000714c00000, 0x0000000714e00000, 0x0000000714e00000|100%| O|  |TAMS 0x0000000714c00000| PB 0x0000000714c00000| Untracked |  0
| 167|0x0000000714e00000, 0x0000000715000000, 0x0000000715000000|100%| O|  |TAMS 0x0000000714e00000| PB 0x0000000714e00000| Untracked |  0
| 168|0x0000000715000000, 0x0000000715000000, 0x0000000715200000|  0%| F|  |TAMS 0x0000000715000000| PB 0x0000000715000000| Untracked |  0
| 169|0x0000000715200000, 0x0000000715400000, 0x0000000715400000|100%| O|  |TAMS 0x0000000715200000| PB 0x0000000715200000| Untracked |  0
| 170|0x0000000715400000, 0x0000000715600000, 0x0000000715600000|100%| O|  |TAMS 0x0000000715400000| PB 0x0000000715400000| Untracked |  0
| 171|0x0000000715600000, 0x0000000715800000, 0x0000000715800000|100%| O|  |TAMS 0x0000000715600000| PB 0x0000000715600000| Untracked |  0
| 172|0x0000000715800000, 0x0000000715a00000, 0x0000000715a00000|100%| O|  |TAMS 0x0000000715800000| PB 0x0000000715800000| Untracked |  0
| 173|0x0000000715a00000, 0x0000000715a00000, 0x0000000715c00000|  0%| F|  |TAMS 0x0000000715a00000| PB 0x0000000715a00000| Untracked |  0
| 174|0x0000000715c00000, 0x0000000715e00000, 0x0000000715e00000|100%| O|  |TAMS 0x0000000715c00000| PB 0x0000000715c00000| Untracked |  0
| 175|0x0000000715e00000, 0x0000000716000000, 0x0000000716000000|100%| O|  |TAMS 0x0000000715e00000| PB 0x0000000715e00000| Untracked |  0
| 176|0x0000000716000000, 0x0000000716200000, 0x0000000716200000|100%| O|  |TAMS 0x0000000716000000| PB 0x0000000716000000| Untracked |  0
| 177|0x0000000716200000, 0x0000000716400000, 0x0000000716400000|100%| O|  |TAMS 0x0000000716200000| PB 0x0000000716200000| Untracked |  0
| 178|0x0000000716400000, 0x0000000716600000, 0x0000000716600000|100%| O|  |TAMS 0x0000000716400000| PB 0x0000000716400000| Untracked |  0
| 179|0x0000000716600000, 0x0000000716800000, 0x0000000716800000|100%| O|  |TAMS 0x0000000716600000| PB 0x0000000716600000| Untracked |  0
| 180|0x0000000716800000, 0x0000000716a00000, 0x0000000716a00000|100%| O|  |TAMS 0x0000000716800000| PB 0x0000000716800000| Untracked |  0
| 181|0x0000000716a00000, 0x0000000716c00000, 0x0000000716c00000|100%| O|  |TAMS 0x0000000716a00000| PB 0x0000000716a00000| Untracked |  0
| 182|0x0000000716c00000, 0x0000000716e00000, 0x0000000716e00000|100%| O|  |TAMS 0x0000000716c00000| PB 0x0000000716c00000| Untracked |  0
| 183|0x0000000716e00000, 0x0000000716e00000, 0x0000000717000000|  0%| F|  |TAMS 0x0000000716e00000| PB 0x0000000716e00000| Untracked |  0
| 184|0x0000000717000000, 0x0000000717200000, 0x0000000717200000|100%| O|  |TAMS 0x0000000717000000| PB 0x0000000717000000| Untracked |  0
| 185|0x0000000717200000, 0x0000000717400000, 0x0000000717400000|100%| O|  |TAMS 0x0000000717200000| PB 0x0000000717200000| Untracked |  0
| 186|0x0000000717400000, 0x0000000717600000, 0x0000000717600000|100%| O|  |TAMS 0x0000000717400000| PB 0x0000000717400000| Untracked |  0
| 187|0x0000000717600000, 0x0000000717800000, 0x0000000717800000|100%| O|  |TAMS 0x0000000717600000| PB 0x0000000717600000| Untracked |  0
| 188|0x0000000717800000, 0x0000000717a00000, 0x0000000717a00000|100%| O|  |TAMS 0x0000000717800000| PB 0x0000000717800000| Untracked |  0
| 189|0x0000000717a00000, 0x0000000717c00000, 0x0000000717c00000|100%| O|  |TAMS 0x0000000717a00000| PB 0x0000000717a00000| Untracked |  0
| 190|0x0000000717c00000, 0x0000000717c00000, 0x0000000717e00000|  0%| F|  |TAMS 0x0000000717c00000| PB 0x0000000717c00000| Untracked |  0
| 191|0x0000000717e00000, 0x0000000717e00000, 0x0000000718000000|  0%| F|  |TAMS 0x0000000717e00000| PB 0x0000000717e00000| Untracked |  0
| 192|0x0000000718000000, 0x0000000718000000, 0x0000000718200000|  0%| F|  |TAMS 0x0000000718000000| PB 0x0000000718000000| Untracked |  0
| 193|0x0000000718200000, 0x0000000718400000, 0x0000000718400000|100%| O|  |TAMS 0x0000000718200000| PB 0x0000000718200000| Untracked |  0
| 194|0x0000000718400000, 0x0000000718600000, 0x0000000718600000|100%| O|  |TAMS 0x0000000718400000| PB 0x0000000718400000| Untracked |  0
| 195|0x0000000718600000, 0x0000000718800000, 0x0000000718800000|100%| O|  |TAMS 0x0000000718600000| PB 0x0000000718600000| Untracked |  0
| 196|0x0000000718800000, 0x0000000718a00000, 0x0000000718a00000|100%| O|  |TAMS 0x0000000718800000| PB 0x0000000718800000| Untracked |  0
| 197|0x0000000718a00000, 0x0000000718c00000, 0x0000000718c00000|100%| O|  |TAMS 0x0000000718a00000| PB 0x0000000718a00000| Untracked |  0
| 198|0x0000000718c00000, 0x0000000718e00000, 0x0000000718e00000|100%| O|  |TAMS 0x0000000718c00000| PB 0x0000000718c00000| Untracked |  0
| 199|0x0000000718e00000, 0x0000000719000000, 0x0000000719000000|100%| O|  |TAMS 0x0000000718e00000| PB 0x0000000718e00000| Untracked |  0
| 200|0x0000000719000000, 0x00000007190903a0, 0x0000000719200000| 28%| O|  |TAMS 0x0000000719000000| PB 0x0000000719000000| Untracked |  0
| 201|0x0000000719200000, 0x0000000719400000, 0x0000000719400000|100%| O|  |TAMS 0x0000000719200000| PB 0x0000000719200000| Untracked |  0
| 202|0x0000000719400000, 0x0000000719600000, 0x0000000719600000|100%| O|  |TAMS 0x0000000719400000| PB 0x0000000719400000| Untracked |  0
| 203|0x0000000719600000, 0x0000000719800000, 0x0000000719800000|100%| O|  |TAMS 0x0000000719600000| PB 0x0000000719600000| Untracked |  0
| 204|0x0000000719800000, 0x0000000719a00000, 0x0000000719a00000|100%| O|  |TAMS 0x0000000719800000| PB 0x0000000719800000| Untracked |  0
| 205|0x0000000719a00000, 0x0000000719c00000, 0x0000000719c00000|100%| O|  |TAMS 0x0000000719a00000| PB 0x0000000719a00000| Untracked |  0
| 206|0x0000000719c00000, 0x0000000719e00000, 0x0000000719e00000|100%| O|  |TAMS 0x0000000719c00000| PB 0x0000000719c00000| Untracked |  0
| 207|0x0000000719e00000, 0x000000071a000000, 0x000000071a000000|100%| O|  |TAMS 0x0000000719e00000| PB 0x0000000719e00000| Untracked |  0
| 208|0x000000071a000000, 0x000000071a200000, 0x000000071a200000|100%| O|  |TAMS 0x000000071a000000| PB 0x000000071a000000| Untracked |  0
| 209|0x000000071a200000, 0x000000071a400000, 0x000000071a400000|100%| O|  |TAMS 0x000000071a200000| PB 0x000000071a200000| Untracked |  0
| 210|0x000000071a400000, 0x000000071a600000, 0x000000071a600000|100%| O|  |TAMS 0x000000071a400000| PB 0x000000071a400000| Untracked |  0
| 211|0x000000071a600000, 0x000000071a800000, 0x000000071a800000|100%| O|  |TAMS 0x000000071a600000| PB 0x000000071a600000| Untracked |  0
| 212|0x000000071a800000, 0x000000071aa00000, 0x000000071aa00000|100%| O|  |TAMS 0x000000071a800000| PB 0x000000071a800000| Untracked |  0
| 213|0x000000071aa00000, 0x000000071ac00000, 0x000000071ac00000|100%| O|  |TAMS 0x000000071aa00000| PB 0x000000071aa00000| Untracked |  0
| 214|0x000000071ac00000, 0x000000071ae00000, 0x000000071ae00000|100%| O|  |TAMS 0x000000071ac00000| PB 0x000000071ac00000| Untracked |  0
| 215|0x000000071ae00000, 0x000000071b000000, 0x000000071b000000|100%| O|  |TAMS 0x000000071ae00000| PB 0x000000071ae00000| Untracked |  0
| 216|0x000000071b000000, 0x000000071b200000, 0x000000071b200000|100%| O|  |TAMS 0x000000071b000000| PB 0x000000071b000000| Untracked |  0
| 217|0x000000071b200000, 0x000000071b400000, 0x000000071b400000|100%| O|  |TAMS 0x000000071b200000| PB 0x000000071b200000| Untracked |  0
| 218|0x000000071b400000, 0x000000071b600000, 0x000000071b600000|100%| O|  |TAMS 0x000000071b400000| PB 0x000000071b400000| Untracked |  0
| 219|0x000000071b600000, 0x000000071b800000, 0x000000071b800000|100%| O|  |TAMS 0x000000071b600000| PB 0x000000071b600000| Untracked |  0
| 220|0x000000071b800000, 0x000000071ba00000, 0x000000071ba00000|100%| O|  |TAMS 0x000000071b800000| PB 0x000000071b800000| Untracked |  0
| 221|0x000000071ba00000, 0x000000071bc00000, 0x000000071bc00000|100%| O|  |TAMS 0x000000071ba00000| PB 0x000000071ba00000| Untracked |  0
| 222|0x000000071bc00000, 0x000000071be00000, 0x000000071be00000|100%| O|  |TAMS 0x000000071bc00000| PB 0x000000071bc00000| Untracked |  0
| 223|0x000000071be00000, 0x000000071c000000, 0x000000071c000000|100%| O|  |TAMS 0x000000071be00000| PB 0x000000071be00000| Untracked |  0
| 224|0x000000071c000000, 0x000000071c200000, 0x000000071c200000|100%| O|  |TAMS 0x000000071c000000| PB 0x000000071c000000| Untracked |  0
| 225|0x000000071c200000, 0x000000071c400000, 0x000000071c400000|100%| O|  |TAMS 0x000000071c200000| PB 0x000000071c200000| Untracked |  0
| 226|0x000000071c400000, 0x000000071c600000, 0x000000071c600000|100%| O|  |TAMS 0x000000071c400000| PB 0x000000071c400000| Untracked |  0
| 227|0x000000071c600000, 0x000000071c600000, 0x000000071c800000|  0%| F|  |TAMS 0x000000071c600000| PB 0x000000071c600000| Untracked |  0
| 228|0x000000071c800000, 0x000000071ca00000, 0x000000071ca00000|100%| O|  |TAMS 0x000000071c800000| PB 0x000000071c800000| Untracked |  0
| 229|0x000000071ca00000, 0x000000071cc00000, 0x000000071cc00000|100%| O|  |TAMS 0x000000071ca00000| PB 0x000000071ca00000| Untracked |  0
| 230|0x000000071cc00000, 0x000000071ce00000, 0x000000071ce00000|100%| O|  |TAMS 0x000000071cc00000| PB 0x000000071cc00000| Untracked |  0
| 231|0x000000071ce00000, 0x000000071d000000, 0x000000071d000000|100%| O|  |TAMS 0x000000071ce00000| PB 0x000000071ce00000| Untracked |  0
| 232|0x000000071d000000, 0x000000071d200000, 0x000000071d200000|100%| O|  |TAMS 0x000000071d000000| PB 0x000000071d000000| Untracked |  0
| 233|0x000000071d200000, 0x000000071d200000, 0x000000071d400000|  0%| F|  |TAMS 0x000000071d200000| PB 0x000000071d200000| Untracked |  0
| 234|0x000000071d400000, 0x000000071d600000, 0x000000071d600000|100%| O|  |TAMS 0x000000071d400000| PB 0x000000071d400000| Untracked |  0
| 235|0x000000071d600000, 0x000000071d800000, 0x000000071d800000|100%| O|  |TAMS 0x000000071d600000| PB 0x000000071d600000| Untracked |  0
| 236|0x000000071d800000, 0x000000071da00000, 0x000000071da00000|100%| O|  |TAMS 0x000000071d800000| PB 0x000000071d800000| Untracked |  0
| 237|0x000000071da00000, 0x000000071dc00000, 0x000000071dc00000|100%| O|  |TAMS 0x000000071da00000| PB 0x000000071da00000| Untracked |  0
| 238|0x000000071dc00000, 0x000000071de00000, 0x000000071de00000|100%| O|  |TAMS 0x000000071dc00000| PB 0x000000071dc00000| Untracked |  0
| 239|0x000000071de00000, 0x000000071e000000, 0x000000071e000000|100%| O|  |TAMS 0x000000071de00000| PB 0x000000071de00000| Untracked |  0
| 240|0x000000071e000000, 0x000000071e200000, 0x000000071e200000|100%| O|  |TAMS 0x000000071e000000| PB 0x000000071e000000| Untracked |  0
| 241|0x000000071e200000, 0x000000071e400000, 0x000000071e400000|100%| O|  |TAMS 0x000000071e200000| PB 0x000000071e200000| Untracked |  0
| 242|0x000000071e400000, 0x000000071e600000, 0x000000071e600000|100%| O|  |TAMS 0x000000071e400000| PB 0x000000071e400000| Untracked |  0
| 243|0x000000071e600000, 0x000000071e800000, 0x000000071e800000|100%| O|  |TAMS 0x000000071e600000| PB 0x000000071e600000| Untracked |  0
| 244|0x000000071e800000, 0x000000071ea00000, 0x000000071ea00000|100%| O|  |TAMS 0x000000071e800000| PB 0x000000071e800000| Untracked |  0
| 245|0x000000071ea00000, 0x000000071ec00000, 0x000000071ec00000|100%| O|  |TAMS 0x000000071ea00000| PB 0x000000071ea00000| Untracked |  0
| 246|0x000000071ec00000, 0x000000071ee00000, 0x000000071ee00000|100%| O|  |TAMS 0x000000071ec00000| PB 0x000000071ec00000| Untracked |  0
| 247|0x000000071ee00000, 0x000000071f000000, 0x000000071f000000|100%| O|  |TAMS 0x000000071ee00000| PB 0x000000071ee00000| Untracked |  0
| 248|0x000000071f000000, 0x000000071f200000, 0x000000071f200000|100%| O|  |TAMS 0x000000071f000000| PB 0x000000071f000000| Untracked |  0
| 249|0x000000071f200000, 0x000000071f400000, 0x000000071f400000|100%| O|  |TAMS 0x000000071f200000| PB 0x000000071f200000| Untracked |  0
| 250|0x000000071f400000, 0x000000071f600000, 0x000000071f600000|100%| O|  |TAMS 0x000000071f400000| PB 0x000000071f400000| Untracked |  0
| 251|0x000000071f600000, 0x000000071f800000, 0x000000071f800000|100%| O|  |TAMS 0x000000071f600000| PB 0x000000071f600000| Untracked |  0
| 252|0x000000071f800000, 0x000000071fa00000, 0x000000071fa00000|100%| O|  |TAMS 0x000000071f800000| PB 0x000000071f800000| Untracked |  0
| 253|0x000000071fa00000, 0x000000071fc00000, 0x000000071fc00000|100%| O|  |TAMS 0x000000071fa00000| PB 0x000000071fa00000| Untracked |  0
| 254|0x000000071fc00000, 0x000000071fe00000, 0x000000071fe00000|100%| O|  |TAMS 0x000000071fc00000| PB 0x000000071fc00000| Untracked |  0
| 255|0x000000071fe00000, 0x0000000720000000, 0x0000000720000000|100%| O|  |TAMS 0x000000071fe00000| PB 0x000000071fe00000| Untracked |  0
| 256|0x0000000720000000, 0x0000000720200000, 0x0000000720200000|100%| O|  |TAMS 0x0000000720000000| PB 0x0000000720000000| Untracked |  0
| 257|0x0000000720200000, 0x0000000720400000, 0x0000000720400000|100%| O|  |TAMS 0x0000000720200000| PB 0x0000000720200000| Untracked |  0
| 258|0x0000000720400000, 0x0000000720600000, 0x0000000720600000|100%| O|  |TAMS 0x0000000720400000| PB 0x0000000720400000| Untracked |  0
| 259|0x0000000720600000, 0x0000000720800000, 0x0000000720800000|100%| O|  |TAMS 0x0000000720600000| PB 0x0000000720600000| Untracked |  0
| 260|0x0000000720800000, 0x0000000720a00000, 0x0000000720a00000|100%| O|  |TAMS 0x0000000720800000| PB 0x0000000720800000| Untracked |  0
| 261|0x0000000720a00000, 0x0000000720c00000, 0x0000000720c00000|100%| O|  |TAMS 0x0000000720a00000| PB 0x0000000720a00000| Untracked |  0
| 262|0x0000000720c00000, 0x0000000720e00000, 0x0000000720e00000|100%| O|  |TAMS 0x0000000720c00000| PB 0x0000000720c00000| Untracked |  0
| 263|0x0000000720e00000, 0x0000000721000000, 0x0000000721000000|100%| O|  |TAMS 0x0000000720e00000| PB 0x0000000720e00000| Untracked |  0
| 264|0x0000000721000000, 0x0000000721200000, 0x0000000721200000|100%| O|  |TAMS 0x0000000721000000| PB 0x0000000721000000| Untracked |  0
| 265|0x0000000721200000, 0x0000000721400000, 0x0000000721400000|100%| O|  |TAMS 0x0000000721200000| PB 0x0000000721200000| Untracked |  0
| 266|0x0000000721400000, 0x0000000721600000, 0x0000000721600000|100%| O|  |TAMS 0x0000000721400000| PB 0x0000000721400000| Untracked |  0
| 267|0x0000000721600000, 0x0000000721800000, 0x0000000721800000|100%| O|  |TAMS 0x0000000721600000| PB 0x0000000721600000| Untracked |  0
| 268|0x0000000721800000, 0x0000000721a00000, 0x0000000721a00000|100%| O|  |TAMS 0x0000000721800000| PB 0x0000000721800000| Untracked |  0
| 269|0x0000000721a00000, 0x0000000721c00000, 0x0000000721c00000|100%| O|  |TAMS 0x0000000721a00000| PB 0x0000000721a00000| Untracked |  0
| 270|0x0000000721c00000, 0x0000000721e00000, 0x0000000721e00000|100%| O|  |TAMS 0x0000000721c00000| PB 0x0000000721c00000| Untracked |  0
| 271|0x0000000721e00000, 0x0000000722000000, 0x0000000722000000|100%| O|  |TAMS 0x0000000721e00000| PB 0x0000000721e00000| Untracked |  0
| 272|0x0000000722000000, 0x0000000722200000, 0x0000000722200000|100%| O|  |TAMS 0x0000000722000000| PB 0x0000000722000000| Untracked |  0
| 273|0x0000000722200000, 0x0000000722400000, 0x0000000722400000|100%| O|  |TAMS 0x0000000722200000| PB 0x0000000722200000| Untracked |  0
| 274|0x0000000722400000, 0x0000000722600000, 0x0000000722600000|100%| O|  |TAMS 0x0000000722400000| PB 0x0000000722400000| Untracked |  0
| 275|0x0000000722600000, 0x0000000722800000, 0x0000000722800000|100%| O|  |TAMS 0x0000000722600000| PB 0x0000000722600000| Untracked |  0
| 276|0x0000000722800000, 0x0000000722a00000, 0x0000000722a00000|100%| O|  |TAMS 0x0000000722800000| PB 0x0000000722800000| Untracked |  0
| 277|0x0000000722a00000, 0x0000000722c00000, 0x0000000722c00000|100%| O|  |TAMS 0x0000000722a00000| PB 0x0000000722a00000| Untracked |  0
| 278|0x0000000722c00000, 0x0000000722e00000, 0x0000000722e00000|100%| O|  |TAMS 0x0000000722c00000| PB 0x0000000722c00000| Untracked |  0
| 279|0x0000000722e00000, 0x0000000723000000, 0x0000000723000000|100%| O|  |TAMS 0x0000000722e00000| PB 0x0000000722e00000| Untracked |  0
| 280|0x0000000723000000, 0x0000000723200000, 0x0000000723200000|100%| O|  |TAMS 0x0000000723000000| PB 0x0000000723000000| Untracked |  0
| 281|0x0000000723200000, 0x0000000723400000, 0x0000000723400000|100%| O|  |TAMS 0x0000000723200000| PB 0x0000000723200000| Untracked |  0
| 282|0x0000000723400000, 0x0000000723600000, 0x0000000723600000|100%| O|  |TAMS 0x0000000723400000| PB 0x0000000723400000| Untracked |  0
| 283|0x0000000723600000, 0x0000000723800000, 0x0000000723800000|100%| O|  |TAMS 0x0000000723600000| PB 0x0000000723600000| Untracked |  0
| 284|0x0000000723800000, 0x0000000723a00000, 0x0000000723a00000|100%| O|  |TAMS 0x0000000723800000| PB 0x0000000723800000| Untracked |  0
| 285|0x0000000723a00000, 0x0000000723c00000, 0x0000000723c00000|100%| O|  |TAMS 0x0000000723a00000| PB 0x0000000723a00000| Untracked |  0
| 286|0x0000000723c00000, 0x0000000723e00000, 0x0000000723e00000|100%| O|  |TAMS 0x0000000723c00000| PB 0x0000000723c00000| Untracked |  0
| 287|0x0000000723e00000, 0x0000000724000000, 0x0000000724000000|100%| O|  |TAMS 0x0000000723e00000| PB 0x0000000723e00000| Untracked |  0
| 288|0x0000000724000000, 0x0000000724200000, 0x0000000724200000|100%| O|  |TAMS 0x0000000724000000| PB 0x0000000724000000| Untracked |  0
| 289|0x0000000724200000, 0x0000000724400000, 0x0000000724400000|100%| O|  |TAMS 0x0000000724200000| PB 0x0000000724200000| Untracked |  0
| 290|0x0000000724400000, 0x0000000724600000, 0x0000000724600000|100%| O|  |TAMS 0x0000000724400000| PB 0x0000000724400000| Untracked |  0
| 291|0x0000000724600000, 0x0000000724600000, 0x0000000724800000|  0%| F|  |TAMS 0x0000000724600000| PB 0x0000000724600000| Untracked |  0
| 292|0x0000000724800000, 0x0000000724a00000, 0x0000000724a00000|100%| O|  |TAMS 0x0000000724800000| PB 0x0000000724800000| Untracked |  0
| 293|0x0000000724a00000, 0x0000000724c00000, 0x0000000724c00000|100%| O|  |TAMS 0x0000000724a00000| PB 0x0000000724a00000| Untracked |  0
| 294|0x0000000724c00000, 0x0000000724e00000, 0x0000000724e00000|100%| O|  |TAMS 0x0000000724c00000| PB 0x0000000724c00000| Untracked |  0
| 295|0x0000000724e00000, 0x0000000725000000, 0x0000000725000000|100%| O|  |TAMS 0x0000000724e00000| PB 0x0000000724e00000| Untracked |  0
| 296|0x0000000725000000, 0x0000000725200000, 0x0000000725200000|100%| O|  |TAMS 0x0000000725000000| PB 0x0000000725000000| Untracked |  0
| 297|0x0000000725200000, 0x0000000725200000, 0x0000000725400000|  0%| F|  |TAMS 0x0000000725200000| PB 0x0000000725200000| Untracked |  0
| 298|0x0000000725400000, 0x0000000725400000, 0x0000000725600000|  0%| F|  |TAMS 0x0000000725400000| PB 0x0000000725400000| Untracked |  0
| 299|0x0000000725600000, 0x0000000725800000, 0x0000000725800000|100%| O|  |TAMS 0x0000000725600000| PB 0x0000000725600000| Untracked |  0
| 300|0x0000000725800000, 0x0000000725800000, 0x0000000725a00000|  0%| F|  |TAMS 0x0000000725800000| PB 0x0000000725800000| Untracked |  0
| 301|0x0000000725a00000, 0x0000000725c00000, 0x0000000725c00000|100%| O|  |TAMS 0x0000000725a00000| PB 0x0000000725a00000| Untracked |  0
| 302|0x0000000725c00000, 0x0000000725e00000, 0x0000000725e00000|100%| O|  |TAMS 0x0000000725c00000| PB 0x0000000725c00000| Untracked |  0
| 303|0x0000000725e00000, 0x0000000725e00000, 0x0000000726000000|  0%| F|  |TAMS 0x0000000725e00000| PB 0x0000000725e00000| Untracked |  0
| 304|0x0000000726000000, 0x0000000726200000, 0x0000000726200000|100%| O|  |TAMS 0x0000000726000000| PB 0x0000000726000000| Untracked |  0
| 305|0x0000000726200000, 0x0000000726200000, 0x0000000726400000|  0%| F|  |TAMS 0x0000000726200000| PB 0x0000000726200000| Untracked |  0
| 306|0x0000000726400000, 0x0000000726400000, 0x0000000726600000|  0%| F|  |TAMS 0x0000000726400000| PB 0x0000000726400000| Untracked |  0
| 307|0x0000000726600000, 0x0000000726800000, 0x0000000726800000|100%| O|  |TAMS 0x0000000726600000| PB 0x0000000726600000| Untracked |  0
| 308|0x0000000726800000, 0x0000000726a00000, 0x0000000726a00000|100%| O|  |TAMS 0x0000000726800000| PB 0x0000000726800000| Untracked |  0
| 309|0x0000000726a00000, 0x0000000726c00000, 0x0000000726c00000|100%| O|  |TAMS 0x0000000726a00000| PB 0x0000000726a00000| Untracked |  0
| 310|0x0000000726c00000, 0x0000000726e00000, 0x0000000726e00000|100%| O|  |TAMS 0x0000000726c00000| PB 0x0000000726c00000| Untracked |  0
| 311|0x0000000726e00000, 0x0000000727000000, 0x0000000727000000|100%| O|  |TAMS 0x0000000726e00000| PB 0x0000000726e00000| Untracked |  0
| 312|0x0000000727000000, 0x0000000727200000, 0x0000000727200000|100%| O|  |TAMS 0x0000000727000000| PB 0x0000000727000000| Untracked |  0
| 313|0x0000000727200000, 0x0000000727200000, 0x0000000727400000|  0%| F|  |TAMS 0x0000000727200000| PB 0x0000000727200000| Untracked |  0
| 314|0x0000000727400000, 0x0000000727400000, 0x0000000727600000|  0%| F|  |TAMS 0x0000000727400000| PB 0x0000000727400000| Untracked |  0
| 315|0x0000000727600000, 0x0000000727600000, 0x0000000727800000|  0%| F|  |TAMS 0x0000000727600000| PB 0x0000000727600000| Untracked |  0
| 316|0x0000000727800000, 0x0000000727800000, 0x0000000727a00000|  0%| F|  |TAMS 0x0000000727800000| PB 0x0000000727800000| Untracked |  0
| 317|0x0000000727a00000, 0x0000000727a00000, 0x0000000727c00000|  0%| F|  |TAMS 0x0000000727a00000| PB 0x0000000727a00000| Untracked |  0
| 318|0x0000000727c00000, 0x0000000727c00000, 0x0000000727e00000|  0%| F|  |TAMS 0x0000000727c00000| PB 0x0000000727c00000| Untracked |  0
| 319|0x0000000727e00000, 0x0000000727e00000, 0x0000000728000000|  0%| F|  |TAMS 0x0000000727e00000| PB 0x0000000727e00000| Untracked |  0
| 320|0x0000000728000000, 0x0000000728000000, 0x0000000728200000|  0%| F|  |TAMS 0x0000000728000000| PB 0x0000000728000000| Untracked |  0
| 321|0x0000000728200000, 0x0000000728200000, 0x0000000728400000|  0%| F|  |TAMS 0x0000000728200000| PB 0x0000000728200000| Untracked |  0
| 322|0x0000000728400000, 0x0000000728400000, 0x0000000728600000|  0%| F|  |TAMS 0x0000000728400000| PB 0x0000000728400000| Untracked |  0
| 323|0x0000000728600000, 0x0000000728600000, 0x0000000728800000|  0%| F|  |TAMS 0x0000000728600000| PB 0x0000000728600000| Untracked |  0
| 324|0x0000000728800000, 0x0000000728a00000, 0x0000000728a00000|100%| S|CS|TAMS 0x0000000728800000| PB 0x0000000728800000| Complete |  0
| 325|0x0000000728a00000, 0x0000000728c00000, 0x0000000728c00000|100%| S|CS|TAMS 0x0000000728a00000| PB 0x0000000728a00000| Complete |  0
| 326|0x0000000728c00000, 0x0000000728e00000, 0x0000000728e00000|100%| S|CS|TAMS 0x0000000728c00000| PB 0x0000000728c00000| Complete |  0
| 327|0x0000000728e00000, 0x0000000729000000, 0x0000000729000000|100%| S|CS|TAMS 0x0000000728e00000| PB 0x0000000728e00000| Complete |  0
| 328|0x0000000729000000, 0x0000000729000000, 0x0000000729200000|  0%| F|  |TAMS 0x0000000729000000| PB 0x0000000729000000| Untracked |  0
| 329|0x0000000729200000, 0x0000000729200000, 0x0000000729400000|  0%| F|  |TAMS 0x0000000729200000| PB 0x0000000729200000| Untracked |  0
| 330|0x0000000729400000, 0x0000000729400000, 0x0000000729600000|  0%| F|  |TAMS 0x0000000729400000| PB 0x0000000729400000| Untracked |  0
| 331|0x0000000729600000, 0x0000000729600000, 0x0000000729800000|  0%| F|  |TAMS 0x0000000729600000| PB 0x0000000729600000| Untracked |  0
| 332|0x0000000729800000, 0x0000000729800000, 0x0000000729a00000|  0%| F|  |TAMS 0x0000000729800000| PB 0x0000000729800000| Untracked |  0
| 333|0x0000000729a00000, 0x0000000729c00000, 0x0000000729c00000|100%| S|CS|TAMS 0x0000000729a00000| PB 0x0000000729a00000| Complete |  0
| 334|0x0000000729c00000, 0x0000000729e00000, 0x0000000729e00000|100%| S|CS|TAMS 0x0000000729c00000| PB 0x0000000729c00000| Complete |  0
| 335|0x0000000729e00000, 0x000000072a000000, 0x000000072a000000|100%| S|CS|TAMS 0x0000000729e00000| PB 0x0000000729e00000| Complete |  0
| 336|0x000000072a000000, 0x000000072a200000, 0x000000072a200000|100%| S|CS|TAMS 0x000000072a000000| PB 0x000000072a000000| Complete |  0
| 337|0x000000072a200000, 0x000000072a400000, 0x000000072a400000|100%| S|CS|TAMS 0x000000072a200000| PB 0x000000072a200000| Complete |  0
| 338|0x000000072a400000, 0x000000072a600000, 0x000000072a600000|100%| S|CS|TAMS 0x000000072a400000| PB 0x000000072a400000| Complete |  0
| 339|0x000000072a600000, 0x000000072a800000, 0x000000072a800000|100%| S|CS|TAMS 0x000000072a600000| PB 0x000000072a600000| Complete |  0
| 340|0x000000072a800000, 0x000000072aa00000, 0x000000072aa00000|100%| S|CS|TAMS 0x000000072a800000| PB 0x000000072a800000| Complete |  0
| 341|0x000000072aa00000, 0x000000072ac00000, 0x000000072ac00000|100%| S|CS|TAMS 0x000000072aa00000| PB 0x000000072aa00000| Complete |  0
| 342|0x000000072ac00000, 0x000000072ae00000, 0x000000072ae00000|100%| S|CS|TAMS 0x000000072ac00000| PB 0x000000072ac00000| Complete |  0
| 343|0x000000072ae00000, 0x000000072b000000, 0x000000072b000000|100%| S|CS|TAMS 0x000000072ae00000| PB 0x000000072ae00000| Complete |  0
| 344|0x000000072b000000, 0x000000072b200000, 0x000000072b200000|100%| S|CS|TAMS 0x000000072b000000| PB 0x000000072b000000| Complete |  0
| 345|0x000000072b200000, 0x000000072b200000, 0x000000072b400000|  0%| F|  |TAMS 0x000000072b200000| PB 0x000000072b200000| Untracked |  0
| 346|0x000000072b400000, 0x000000072b400000, 0x000000072b600000|  0%| F|  |TAMS 0x000000072b400000| PB 0x000000072b400000| Untracked |  0
| 347|0x000000072b600000, 0x000000072b600000, 0x000000072b800000|  0%| F|  |TAMS 0x000000072b600000| PB 0x000000072b600000| Untracked |  0
| 348|0x000000072b800000, 0x000000072b800000, 0x000000072ba00000|  0%| F|  |TAMS 0x000000072b800000| PB 0x000000072b800000| Untracked |  0
| 349|0x000000072ba00000, 0x000000072ba00000, 0x000000072bc00000|  0%| F|  |TAMS 0x000000072ba00000| PB 0x000000072ba00000| Untracked |  0
| 350|0x000000072bc00000, 0x000000072bc00000, 0x000000072be00000|  0%| F|  |TAMS 0x000000072bc00000| PB 0x000000072bc00000| Untracked |  0
| 351|0x000000072be00000, 0x000000072be00000, 0x000000072c000000|  0%| F|  |TAMS 0x000000072be00000| PB 0x000000072be00000| Untracked |  0
| 352|0x000000072c000000, 0x000000072c200000, 0x000000072c200000|100%| S|CS|TAMS 0x000000072c000000| PB 0x000000072c000000| Complete |  0
| 353|0x000000072c200000, 0x000000072c400000, 0x000000072c400000|100%| S|CS|TAMS 0x000000072c200000| PB 0x000000072c200000| Complete |  0
| 354|0x000000072c400000, 0x000000072c600000, 0x000000072c600000|100%| S|CS|TAMS 0x000000072c400000| PB 0x000000072c400000| Complete |  0
| 355|0x000000072c600000, 0x000000072c800000, 0x000000072c800000|100%| S|CS|TAMS 0x000000072c600000| PB 0x000000072c600000| Complete |  0
| 356|0x000000072c800000, 0x000000072ca00000, 0x000000072ca00000|100%| S|CS|TAMS 0x000000072c800000| PB 0x000000072c800000| Complete |  0
| 357|0x000000072ca00000, 0x000000072ca00000, 0x000000072cc00000|  0%| F|  |TAMS 0x000000072ca00000| PB 0x000000072ca00000| Untracked |  0
| 358|0x000000072cc00000, 0x000000072cc00000, 0x000000072ce00000|  0%| F|  |TAMS 0x000000072cc00000| PB 0x000000072cc00000| Untracked |  0
| 359|0x000000072ce00000, 0x000000072ce00000, 0x000000072d000000|  0%| F|  |TAMS 0x000000072ce00000| PB 0x000000072ce00000| Untracked |  0
| 360|0x000000072d000000, 0x000000072d000000, 0x000000072d200000|  0%| F|  |TAMS 0x000000072d000000| PB 0x000000072d000000| Untracked |  0
| 361|0x000000072d200000, 0x000000072d200000, 0x000000072d400000|  0%| F|  |TAMS 0x000000072d200000| PB 0x000000072d200000| Untracked |  0
| 362|0x000000072d400000, 0x000000072d400000, 0x000000072d600000|  0%| F|  |TAMS 0x000000072d400000| PB 0x000000072d400000| Untracked |  0
| 363|0x000000072d600000, 0x000000072d600000, 0x000000072d800000|  0%| F|  |TAMS 0x000000072d600000| PB 0x000000072d600000| Untracked |  0
| 364|0x000000072d800000, 0x000000072d800000, 0x000000072da00000|  0%| F|  |TAMS 0x000000072d800000| PB 0x000000072d800000| Untracked |  0
| 365|0x000000072da00000, 0x000000072da00000, 0x000000072dc00000|  0%| F|  |TAMS 0x000000072da00000| PB 0x000000072da00000| Untracked |  0
| 366|0x000000072dc00000, 0x000000072dc00000, 0x000000072de00000|  0%| F|  |TAMS 0x000000072dc00000| PB 0x000000072dc00000| Untracked |  0
| 367|0x000000072de00000, 0x000000072de00000, 0x000000072e000000|  0%| F|  |TAMS 0x000000072de00000| PB 0x000000072de00000| Untracked |  0
| 368|0x000000072e000000, 0x000000072e000000, 0x000000072e200000|  0%| F|  |TAMS 0x000000072e000000| PB 0x000000072e000000| Untracked |  0
| 369|0x000000072e200000, 0x000000072e200000, 0x000000072e400000|  0%| F|  |TAMS 0x000000072e200000| PB 0x000000072e200000| Untracked |  0
| 370|0x000000072e400000, 0x000000072e400000, 0x000000072e600000|  0%| F|  |TAMS 0x000000072e400000| PB 0x000000072e400000| Untracked |  0
| 371|0x000000072e600000, 0x000000072e600000, 0x000000072e800000|  0%| F|  |TAMS 0x000000072e600000| PB 0x000000072e600000| Untracked |  0
| 372|0x000000072e800000, 0x000000072e800000, 0x000000072ea00000|  0%| F|  |TAMS 0x000000072e800000| PB 0x000000072e800000| Untracked |  0
| 373|0x000000072ea00000, 0x000000072ea00000, 0x000000072ec00000|  0%| F|  |TAMS 0x000000072ea00000| PB 0x000000072ea00000| Untracked |  0
| 374|0x000000072ec00000, 0x000000072ec00000, 0x000000072ee00000|  0%| F|  |TAMS 0x000000072ec00000| PB 0x000000072ec00000| Untracked |  0
| 375|0x000000072ee00000, 0x000000072ee00000, 0x000000072f000000|  0%| F|  |TAMS 0x000000072ee00000| PB 0x000000072ee00000| Untracked |  0
| 376|0x000000072f000000, 0x000000072f000000, 0x000000072f200000|  0%| F|  |TAMS 0x000000072f000000| PB 0x000000072f000000| Untracked |  0
| 377|0x000000072f200000, 0x000000072f200000, 0x000000072f400000|  0%| F|  |TAMS 0x000000072f200000| PB 0x000000072f200000| Untracked |  0
| 378|0x000000072f400000, 0x000000072f400000, 0x000000072f600000|  0%| F|  |TAMS 0x000000072f400000| PB 0x000000072f400000| Untracked |  0
| 379|0x000000072f600000, 0x000000072f600000, 0x000000072f800000|  0%| F|  |TAMS 0x000000072f600000| PB 0x000000072f600000| Untracked |  0
| 380|0x000000072f800000, 0x000000072f800000, 0x000000072fa00000|  0%| F|  |TAMS 0x000000072f800000| PB 0x000000072f800000| Untracked |  0
| 381|0x000000072fa00000, 0x000000072fa00000, 0x000000072fc00000|  0%| F|  |TAMS 0x000000072fa00000| PB 0x000000072fa00000| Untracked |  0
| 382|0x000000072fc00000, 0x000000072fc00000, 0x000000072fe00000|  0%| F|  |TAMS 0x000000072fc00000| PB 0x000000072fc00000| Untracked |  0
| 383|0x000000072fe00000, 0x000000072fe00000, 0x0000000730000000|  0%| F|  |TAMS 0x000000072fe00000| PB 0x000000072fe00000| Untracked |  0
| 384|0x0000000730000000, 0x0000000730000000, 0x0000000730200000|  0%| F|  |TAMS 0x0000000730000000| PB 0x0000000730000000| Untracked |  0
| 385|0x0000000730200000, 0x0000000730200000, 0x0000000730400000|  0%| F|  |TAMS 0x0000000730200000| PB 0x0000000730200000| Untracked |  0
| 386|0x0000000730400000, 0x0000000730400000, 0x0000000730600000|  0%| F|  |TAMS 0x0000000730400000| PB 0x0000000730400000| Untracked |  0
| 387|0x0000000730600000, 0x0000000730600000, 0x0000000730800000|  0%| F|  |TAMS 0x0000000730600000| PB 0x0000000730600000| Untracked |  0
| 388|0x0000000730800000, 0x0000000730800000, 0x0000000730a00000|  0%| F|  |TAMS 0x0000000730800000| PB 0x0000000730800000| Untracked |  0
| 389|0x0000000730a00000, 0x0000000730a00000, 0x0000000730c00000|  0%| F|  |TAMS 0x0000000730a00000| PB 0x0000000730a00000| Untracked |  0
| 390|0x0000000730c00000, 0x0000000730c00000, 0x0000000730e00000|  0%| F|  |TAMS 0x0000000730c00000| PB 0x0000000730c00000| Untracked |  0
| 391|0x0000000730e00000, 0x0000000730e00000, 0x0000000731000000|  0%| F|  |TAMS 0x0000000730e00000| PB 0x0000000730e00000| Untracked |  0
| 392|0x0000000731000000, 0x0000000731000000, 0x0000000731200000|  0%| F|  |TAMS 0x0000000731000000| PB 0x0000000731000000| Untracked |  0
| 393|0x0000000731200000, 0x0000000731200000, 0x0000000731400000|  0%| F|  |TAMS 0x0000000731200000| PB 0x0000000731200000| Untracked |  0
| 394|0x0000000731400000, 0x0000000731400000, 0x0000000731600000|  0%| F|  |TAMS 0x0000000731400000| PB 0x0000000731400000| Untracked |  0
| 395|0x0000000731600000, 0x0000000731600000, 0x0000000731800000|  0%| F|  |TAMS 0x0000000731600000| PB 0x0000000731600000| Untracked |  0
| 396|0x0000000731800000, 0x0000000731800000, 0x0000000731a00000|  0%| F|  |TAMS 0x0000000731800000| PB 0x0000000731800000| Untracked |  0
| 397|0x0000000731a00000, 0x0000000731a00000, 0x0000000731c00000|  0%| F|  |TAMS 0x0000000731a00000| PB 0x0000000731a00000| Untracked |  0
| 398|0x0000000731c00000, 0x0000000731c00000, 0x0000000731e00000|  0%| F|  |TAMS 0x0000000731c00000| PB 0x0000000731c00000| Untracked |  0
| 399|0x0000000731e00000, 0x0000000731e00000, 0x0000000732000000|  0%| F|  |TAMS 0x0000000731e00000| PB 0x0000000731e00000| Untracked |  0
| 400|0x0000000732000000, 0x0000000732000000, 0x0000000732200000|  0%| F|  |TAMS 0x0000000732000000| PB 0x0000000732000000| Untracked |  0
| 401|0x0000000732200000, 0x0000000732200000, 0x0000000732400000|  0%| F|  |TAMS 0x0000000732200000| PB 0x0000000732200000| Untracked |  0
| 402|0x0000000732400000, 0x0000000732400000, 0x0000000732600000|  0%| F|  |TAMS 0x0000000732400000| PB 0x0000000732400000| Untracked |  0
| 403|0x0000000732600000, 0x0000000732600000, 0x0000000732800000|  0%| F|  |TAMS 0x0000000732600000| PB 0x0000000732600000| Untracked |  0
| 404|0x0000000732800000, 0x0000000732800000, 0x0000000732a00000|  0%| F|  |TAMS 0x0000000732800000| PB 0x0000000732800000| Untracked |  0
| 405|0x0000000732a00000, 0x0000000732a00000, 0x0000000732c00000|  0%| F|  |TAMS 0x0000000732a00000| PB 0x0000000732a00000| Untracked |  0
| 406|0x0000000732c00000, 0x0000000732c00000, 0x0000000732e00000|  0%| F|  |TAMS 0x0000000732c00000| PB 0x0000000732c00000| Untracked |  0
| 407|0x0000000732e00000, 0x0000000732e00000, 0x0000000733000000|  0%| F|  |TAMS 0x0000000732e00000| PB 0x0000000732e00000| Untracked |  0
| 408|0x0000000733000000, 0x0000000733000000, 0x0000000733200000|  0%| F|  |TAMS 0x0000000733000000| PB 0x0000000733000000| Untracked |  0
| 409|0x0000000733200000, 0x0000000733200000, 0x0000000733400000|  0%| F|  |TAMS 0x0000000733200000| PB 0x0000000733200000| Untracked |  0
| 410|0x0000000733400000, 0x0000000733400000, 0x0000000733600000|  0%| F|  |TAMS 0x0000000733400000| PB 0x0000000733400000| Untracked |  0
| 411|0x0000000733600000, 0x0000000733600000, 0x0000000733800000|  0%| F|  |TAMS 0x0000000733600000| PB 0x0000000733600000| Untracked |  0
| 412|0x0000000733800000, 0x0000000733800000, 0x0000000733a00000|  0%| F|  |TAMS 0x0000000733800000| PB 0x0000000733800000| Untracked |  0
| 413|0x0000000733a00000, 0x0000000733a00000, 0x0000000733c00000|  0%| F|  |TAMS 0x0000000733a00000| PB 0x0000000733a00000| Untracked |  0
| 414|0x0000000733c00000, 0x0000000733c00000, 0x0000000733e00000|  0%| F|  |TAMS 0x0000000733c00000| PB 0x0000000733c00000| Untracked |  0
| 415|0x0000000733e00000, 0x0000000733e00000, 0x0000000734000000|  0%| F|  |TAMS 0x0000000733e00000| PB 0x0000000733e00000| Untracked |  0
| 416|0x0000000734000000, 0x0000000734000000, 0x0000000734200000|  0%| F|  |TAMS 0x0000000734000000| PB 0x0000000734000000| Untracked |  0
| 417|0x0000000734200000, 0x0000000734200000, 0x0000000734400000|  0%| F|  |TAMS 0x0000000734200000| PB 0x0000000734200000| Untracked |  0
| 418|0x0000000734400000, 0x0000000734400000, 0x0000000734600000|  0%| F|  |TAMS 0x0000000734400000| PB 0x0000000734400000| Untracked |  0
| 419|0x0000000734600000, 0x0000000734600000, 0x0000000734800000|  0%| F|  |TAMS 0x0000000734600000| PB 0x0000000734600000| Untracked |  0
| 420|0x0000000734800000, 0x0000000734800000, 0x0000000734a00000|  0%| F|  |TAMS 0x0000000734800000| PB 0x0000000734800000| Untracked |  0
| 421|0x0000000734a00000, 0x0000000734a00000, 0x0000000734c00000|  0%| F|  |TAMS 0x0000000734a00000| PB 0x0000000734a00000| Untracked |  0
| 422|0x0000000734c00000, 0x0000000734c00000, 0x0000000734e00000|  0%| F|  |TAMS 0x0000000734c00000| PB 0x0000000734c00000| Untracked |  0
| 423|0x0000000734e00000, 0x0000000734e00000, 0x0000000735000000|  0%| F|  |TAMS 0x0000000734e00000| PB 0x0000000734e00000| Untracked |  0
| 424|0x0000000735000000, 0x0000000735000000, 0x0000000735200000|  0%| F|  |TAMS 0x0000000735000000| PB 0x0000000735000000| Untracked |  0
| 425|0x0000000735200000, 0x0000000735200000, 0x0000000735400000|  0%| F|  |TAMS 0x0000000735200000| PB 0x0000000735200000| Untracked |  0
| 426|0x0000000735400000, 0x0000000735400000, 0x0000000735600000|  0%| F|  |TAMS 0x0000000735400000| PB 0x0000000735400000| Untracked |  0
| 427|0x0000000735600000, 0x0000000735600000, 0x0000000735800000|  0%| F|  |TAMS 0x0000000735600000| PB 0x0000000735600000| Untracked |  0
| 428|0x0000000735800000, 0x0000000735800000, 0x0000000735a00000|  0%| F|  |TAMS 0x0000000735800000| PB 0x0000000735800000| Untracked |  0
| 429|0x0000000735a00000, 0x0000000735a00000, 0x0000000735c00000|  0%| F|  |TAMS 0x0000000735a00000| PB 0x0000000735a00000| Untracked |  0
| 430|0x0000000735c00000, 0x0000000735c00000, 0x0000000735e00000|  0%| F|  |TAMS 0x0000000735c00000| PB 0x0000000735c00000| Untracked |  0
| 431|0x0000000735e00000, 0x0000000735e00000, 0x0000000736000000|  0%| F|  |TAMS 0x0000000735e00000| PB 0x0000000735e00000| Untracked |  0
| 432|0x0000000736000000, 0x0000000736000000, 0x0000000736200000|  0%| F|  |TAMS 0x0000000736000000| PB 0x0000000736000000| Untracked |  0
| 433|0x0000000736200000, 0x0000000736200000, 0x0000000736400000|  0%| F|  |TAMS 0x0000000736200000| PB 0x0000000736200000| Untracked |  0
| 434|0x0000000736400000, 0x0000000736400000, 0x0000000736600000|  0%| F|  |TAMS 0x0000000736400000| PB 0x0000000736400000| Untracked |  0
| 435|0x0000000736600000, 0x0000000736600000, 0x0000000736800000|  0%| F|  |TAMS 0x0000000736600000| PB 0x0000000736600000| Untracked |  0
| 436|0x0000000736800000, 0x0000000736800000, 0x0000000736a00000|  0%| F|  |TAMS 0x0000000736800000| PB 0x0000000736800000| Untracked |  0
| 437|0x0000000736a00000, 0x0000000736a00000, 0x0000000736c00000|  0%| F|  |TAMS 0x0000000736a00000| PB 0x0000000736a00000| Untracked |  0
| 438|0x0000000736c00000, 0x0000000736c00000, 0x0000000736e00000|  0%| F|  |TAMS 0x0000000736c00000| PB 0x0000000736c00000| Untracked |  0
| 439|0x0000000736e00000, 0x0000000736e00000, 0x0000000737000000|  0%| F|  |TAMS 0x0000000736e00000| PB 0x0000000736e00000| Untracked |  0
| 440|0x0000000737000000, 0x0000000737000000, 0x0000000737200000|  0%| F|  |TAMS 0x0000000737000000| PB 0x0000000737000000| Untracked |  0
| 441|0x0000000737200000, 0x0000000737200000, 0x0000000737400000|  0%| F|  |TAMS 0x0000000737200000| PB 0x0000000737200000| Untracked |  0
| 442|0x0000000737400000, 0x0000000737400000, 0x0000000737600000|  0%| F|  |TAMS 0x0000000737400000| PB 0x0000000737400000| Untracked |  0
| 443|0x0000000737600000, 0x0000000737600000, 0x0000000737800000|  0%| F|  |TAMS 0x0000000737600000| PB 0x0000000737600000| Untracked |  0
| 444|0x0000000737800000, 0x0000000737800000, 0x0000000737a00000|  0%| F|  |TAMS 0x0000000737800000| PB 0x0000000737800000| Untracked |  0
| 445|0x0000000737a00000, 0x0000000737a00000, 0x0000000737c00000|  0%| F|  |TAMS 0x0000000737a00000| PB 0x0000000737a00000| Untracked |  0
| 446|0x0000000737c00000, 0x0000000737c00000, 0x0000000737e00000|  0%| F|  |TAMS 0x0000000737c00000| PB 0x0000000737c00000| Untracked |  0
| 447|0x0000000737e00000, 0x0000000737e00000, 0x0000000738000000|  0%| F|  |TAMS 0x0000000737e00000| PB 0x0000000737e00000| Untracked |  0
| 448|0x0000000738000000, 0x0000000738000000, 0x0000000738200000|  0%| F|  |TAMS 0x0000000738000000| PB 0x0000000738000000| Untracked |  0
| 449|0x0000000738200000, 0x0000000738200000, 0x0000000738400000|  0%| F|  |TAMS 0x0000000738200000| PB 0x0000000738200000| Untracked |  0
| 450|0x0000000738400000, 0x0000000738400000, 0x0000000738600000|  0%| F|  |TAMS 0x0000000738400000| PB 0x0000000738400000| Untracked |  0
| 451|0x0000000738600000, 0x0000000738600000, 0x0000000738800000|  0%| F|  |TAMS 0x0000000738600000| PB 0x0000000738600000| Untracked |  0
| 452|0x0000000738800000, 0x0000000738800000, 0x0000000738a00000|  0%| F|  |TAMS 0x0000000738800000| PB 0x0000000738800000| Untracked |  0
| 453|0x0000000738a00000, 0x0000000738a00000, 0x0000000738c00000|  0%| F|  |TAMS 0x0000000738a00000| PB 0x0000000738a00000| Untracked |  0
| 454|0x0000000738c00000, 0x0000000738c00000, 0x0000000738e00000|  0%| F|  |TAMS 0x0000000738c00000| PB 0x0000000738c00000| Untracked |  0
| 455|0x0000000738e00000, 0x0000000738e00000, 0x0000000739000000|  0%| F|  |TAMS 0x0000000738e00000| PB 0x0000000738e00000| Untracked |  0
| 456|0x0000000739000000, 0x0000000739000000, 0x0000000739200000|  0%| F|  |TAMS 0x0000000739000000| PB 0x0000000739000000| Untracked |  0
| 457|0x0000000739200000, 0x0000000739200000, 0x0000000739400000|  0%| F|  |TAMS 0x0000000739200000| PB 0x0000000739200000| Untracked |  0
| 458|0x0000000739400000, 0x0000000739400000, 0x0000000739600000|  0%| F|  |TAMS 0x0000000739400000| PB 0x0000000739400000| Untracked |  0
| 459|0x0000000739600000, 0x0000000739600000, 0x0000000739800000|  0%| F|  |TAMS 0x0000000739600000| PB 0x0000000739600000| Untracked |  0
| 460|0x0000000739800000, 0x0000000739800000, 0x0000000739a00000|  0%| F|  |TAMS 0x0000000739800000| PB 0x0000000739800000| Untracked |  0
| 461|0x0000000739a00000, 0x0000000739a00000, 0x0000000739c00000|  0%| F|  |TAMS 0x0000000739a00000| PB 0x0000000739a00000| Untracked |  0
| 462|0x0000000739c00000, 0x0000000739c00000, 0x0000000739e00000|  0%| F|  |TAMS 0x0000000739c00000| PB 0x0000000739c00000| Untracked |  0
| 463|0x0000000739e00000, 0x0000000739e00000, 0x000000073a000000|  0%| F|  |TAMS 0x0000000739e00000| PB 0x0000000739e00000| Untracked |  0
| 464|0x000000073a000000, 0x000000073a000000, 0x000000073a200000|  0%| F|  |TAMS 0x000000073a000000| PB 0x000000073a000000| Untracked |  0
| 465|0x000000073a200000, 0x000000073a200000, 0x000000073a400000|  0%| F|  |TAMS 0x000000073a200000| PB 0x000000073a200000| Untracked |  0
| 466|0x000000073a400000, 0x000000073a400000, 0x000000073a600000|  0%| F|  |TAMS 0x000000073a400000| PB 0x000000073a400000| Untracked |  0
| 467|0x000000073a600000, 0x000000073a600000, 0x000000073a800000|  0%| F|  |TAMS 0x000000073a600000| PB 0x000000073a600000| Untracked |  0
| 468|0x000000073a800000, 0x000000073a800000, 0x000000073aa00000|  0%| F|  |TAMS 0x000000073a800000| PB 0x000000073a800000| Untracked |  0
| 469|0x000000073aa00000, 0x000000073aa00000, 0x000000073ac00000|  0%| F|  |TAMS 0x000000073aa00000| PB 0x000000073aa00000| Untracked |  0
| 470|0x000000073ac00000, 0x000000073ac00000, 0x000000073ae00000|  0%| F|  |TAMS 0x000000073ac00000| PB 0x000000073ac00000| Untracked |  0
| 471|0x000000073ae00000, 0x000000073ae00000, 0x000000073b000000|  0%| F|  |TAMS 0x000000073ae00000| PB 0x000000073ae00000| Untracked |  0
| 472|0x000000073b000000, 0x000000073b000000, 0x000000073b200000|  0%| F|  |TAMS 0x000000073b000000| PB 0x000000073b000000| Untracked |  0
| 473|0x000000073b200000, 0x000000073b200000, 0x000000073b400000|  0%| F|  |TAMS 0x000000073b200000| PB 0x000000073b200000| Untracked |  0
| 474|0x000000073b400000, 0x000000073b400000, 0x000000073b600000|  0%| F|  |TAMS 0x000000073b400000| PB 0x000000073b400000| Untracked |  0
| 475|0x000000073b600000, 0x000000073b600000, 0x000000073b800000|  0%| F|  |TAMS 0x000000073b600000| PB 0x000000073b600000| Untracked |  0
| 476|0x000000073b800000, 0x000000073b800000, 0x000000073ba00000|  0%| F|  |TAMS 0x000000073b800000| PB 0x000000073b800000| Untracked |  0
| 477|0x000000073ba00000, 0x000000073ba00000, 0x000000073bc00000|  0%| F|  |TAMS 0x000000073ba00000| PB 0x000000073ba00000| Untracked |  0
| 478|0x000000073bc00000, 0x000000073bc00000, 0x000000073be00000|  0%| F|  |TAMS 0x000000073bc00000| PB 0x000000073bc00000| Untracked |  0
| 479|0x000000073be00000, 0x000000073be00000, 0x000000073c000000|  0%| F|  |TAMS 0x000000073be00000| PB 0x000000073be00000| Untracked |  0
| 480|0x000000073c000000, 0x000000073c000000, 0x000000073c200000|  0%| F|  |TAMS 0x000000073c000000| PB 0x000000073c000000| Untracked |  0
| 481|0x000000073c200000, 0x000000073c200000, 0x000000073c400000|  0%| F|  |TAMS 0x000000073c200000| PB 0x000000073c200000| Untracked |  0
| 482|0x000000073c400000, 0x000000073c400000, 0x000000073c600000|  0%| F|  |TAMS 0x000000073c400000| PB 0x000000073c400000| Untracked |  0
| 483|0x000000073c600000, 0x000000073c600000, 0x000000073c800000|  0%| F|  |TAMS 0x000000073c600000| PB 0x000000073c600000| Untracked |  0
| 484|0x000000073c800000, 0x000000073c800000, 0x000000073ca00000|  0%| F|  |TAMS 0x000000073c800000| PB 0x000000073c800000| Untracked |  0
| 485|0x000000073ca00000, 0x000000073ca00000, 0x000000073cc00000|  0%| F|  |TAMS 0x000000073ca00000| PB 0x000000073ca00000| Untracked |  0
| 486|0x000000073cc00000, 0x000000073cc00000, 0x000000073ce00000|  0%| F|  |TAMS 0x000000073cc00000| PB 0x000000073cc00000| Untracked |  0
| 487|0x000000073ce00000, 0x000000073ce00000, 0x000000073d000000|  0%| F|  |TAMS 0x000000073ce00000| PB 0x000000073ce00000| Untracked |  0
| 488|0x000000073d000000, 0x000000073d000000, 0x000000073d200000|  0%| F|  |TAMS 0x000000073d000000| PB 0x000000073d000000| Untracked |  0
| 489|0x000000073d200000, 0x000000073d200000, 0x000000073d400000|  0%| F|  |TAMS 0x000000073d200000| PB 0x000000073d200000| Untracked |  0
| 490|0x000000073d400000, 0x000000073d400000, 0x000000073d600000|  0%| F|  |TAMS 0x000000073d400000| PB 0x000000073d400000| Untracked |  0
| 491|0x000000073d600000, 0x000000073d600000, 0x000000073d800000|  0%| F|  |TAMS 0x000000073d600000| PB 0x000000073d600000| Untracked |  0
| 492|0x000000073d800000, 0x000000073d800000, 0x000000073da00000|  0%| F|  |TAMS 0x000000073d800000| PB 0x000000073d800000| Untracked |  0
| 493|0x000000073da00000, 0x000000073da00000, 0x000000073dc00000|  0%| F|  |TAMS 0x000000073da00000| PB 0x000000073da00000| Untracked |  0
| 494|0x000000073dc00000, 0x000000073dc00000, 0x000000073de00000|  0%| F|  |TAMS 0x000000073dc00000| PB 0x000000073dc00000| Untracked |  0
| 495|0x000000073de00000, 0x000000073de00000, 0x000000073e000000|  0%| F|  |TAMS 0x000000073de00000| PB 0x000000073de00000| Untracked |  0
| 496|0x000000073e000000, 0x000000073e000000, 0x000000073e200000|  0%| F|  |TAMS 0x000000073e000000| PB 0x000000073e000000| Untracked |  0
| 497|0x000000073e200000, 0x000000073e200000, 0x000000073e400000|  0%| F|  |TAMS 0x000000073e200000| PB 0x000000073e200000| Untracked |  0
| 498|0x000000073e400000, 0x000000073e400000, 0x000000073e600000|  0%| F|  |TAMS 0x000000073e400000| PB 0x000000073e400000| Untracked |  0
| 499|0x000000073e600000, 0x000000073e600000, 0x000000073e800000|  0%| F|  |TAMS 0x000000073e600000| PB 0x000000073e600000| Untracked |  0
| 500|0x000000073e800000, 0x000000073e800000, 0x000000073ea00000|  0%| F|  |TAMS 0x000000073e800000| PB 0x000000073e800000| Untracked |  0
| 501|0x000000073ea00000, 0x000000073ea00000, 0x000000073ec00000|  0%| F|  |TAMS 0x000000073ea00000| PB 0x000000073ea00000| Untracked |  0
| 502|0x000000073ec00000, 0x000000073ec00000, 0x000000073ee00000|  0%| F|  |TAMS 0x000000073ec00000| PB 0x000000073ec00000| Untracked |  0
| 503|0x000000073ee00000, 0x000000073ee00000, 0x000000073f000000|  0%| F|  |TAMS 0x000000073ee00000| PB 0x000000073ee00000| Untracked |  0
| 504|0x000000073f000000, 0x000000073f000000, 0x000000073f200000|  0%| F|  |TAMS 0x000000073f000000| PB 0x000000073f000000| Untracked |  0
| 505|0x000000073f200000, 0x000000073f200000, 0x000000073f400000|  0%| F|  |TAMS 0x000000073f200000| PB 0x000000073f200000| Untracked |  0
| 506|0x000000073f400000, 0x000000073f400000, 0x000000073f600000|  0%| F|  |TAMS 0x000000073f400000| PB 0x000000073f400000| Untracked |  0
| 507|0x000000073f600000, 0x000000073f600000, 0x000000073f800000|  0%| F|  |TAMS 0x000000073f600000| PB 0x000000073f600000| Untracked |  0
| 508|0x000000073f800000, 0x000000073f800000, 0x000000073fa00000|  0%| F|  |TAMS 0x000000073f800000| PB 0x000000073f800000| Untracked |  0
| 509|0x000000073fa00000, 0x000000073fa00000, 0x000000073fc00000|  0%| F|  |TAMS 0x000000073fa00000| PB 0x000000073fa00000| Untracked |  0
| 510|0x000000073fc00000, 0x000000073fc00000, 0x000000073fe00000|  0%| F|  |TAMS 0x000000073fc00000| PB 0x000000073fc00000| Untracked |  0
| 511|0x000000073fe00000, 0x000000073fe00000, 0x0000000740000000|  0%| F|  |TAMS 0x000000073fe00000| PB 0x000000073fe00000| Untracked |  0
| 512|0x0000000740000000, 0x0000000740000000, 0x0000000740200000|  0%| F|  |TAMS 0x0000000740000000| PB 0x0000000740000000| Untracked |  0
| 513|0x0000000740200000, 0x0000000740200000, 0x0000000740400000|  0%| F|  |TAMS 0x0000000740200000| PB 0x0000000740200000| Untracked |  0
| 514|0x0000000740400000, 0x0000000740400000, 0x0000000740600000|  0%| F|  |TAMS 0x0000000740400000| PB 0x0000000740400000| Untracked |  0
| 515|0x0000000740600000, 0x0000000740600000, 0x0000000740800000|  0%| F|  |TAMS 0x0000000740600000| PB 0x0000000740600000| Untracked |  0
| 516|0x0000000740800000, 0x0000000740800000, 0x0000000740a00000|  0%| F|  |TAMS 0x0000000740800000| PB 0x0000000740800000| Untracked |  0
| 517|0x0000000740a00000, 0x0000000740a00000, 0x0000000740c00000|  0%| F|  |TAMS 0x0000000740a00000| PB 0x0000000740a00000| Untracked |  0
| 518|0x0000000740c00000, 0x0000000740c00000, 0x0000000740e00000|  0%| F|  |TAMS 0x0000000740c00000| PB 0x0000000740c00000| Untracked |  0
| 519|0x0000000740e00000, 0x0000000740e00000, 0x0000000741000000|  0%| F|  |TAMS 0x0000000740e00000| PB 0x0000000740e00000| Untracked |  0
| 520|0x0000000741000000, 0x0000000741000000, 0x0000000741200000|  0%| F|  |TAMS 0x0000000741000000| PB 0x0000000741000000| Untracked |  0
| 521|0x0000000741200000, 0x0000000741200000, 0x0000000741400000|  0%| F|  |TAMS 0x0000000741200000| PB 0x0000000741200000| Untracked |  0
| 522|0x0000000741400000, 0x0000000741400000, 0x0000000741600000|  0%| F|  |TAMS 0x0000000741400000| PB 0x0000000741400000| Untracked |  0
| 523|0x0000000741600000, 0x0000000741600000, 0x0000000741800000|  0%| F|  |TAMS 0x0000000741600000| PB 0x0000000741600000| Untracked |  0
| 524|0x0000000741800000, 0x0000000741800000, 0x0000000741a00000|  0%| F|  |TAMS 0x0000000741800000| PB 0x0000000741800000| Untracked |  0
| 525|0x0000000741a00000, 0x0000000741a00000, 0x0000000741c00000|  0%| F|  |TAMS 0x0000000741a00000| PB 0x0000000741a00000| Untracked |  0
| 526|0x0000000741c00000, 0x0000000741c00000, 0x0000000741e00000|  0%| F|  |TAMS 0x0000000741c00000| PB 0x0000000741c00000| Untracked |  0
| 527|0x0000000741e00000, 0x0000000741e00000, 0x0000000742000000|  0%| F|  |TAMS 0x0000000741e00000| PB 0x0000000741e00000| Untracked |  0
| 528|0x0000000742000000, 0x0000000742000000, 0x0000000742200000|  0%| F|  |TAMS 0x0000000742000000| PB 0x0000000742000000| Untracked |  0
| 529|0x0000000742200000, 0x0000000742200000, 0x0000000742400000|  0%| F|  |TAMS 0x0000000742200000| PB 0x0000000742200000| Untracked |  0
| 530|0x0000000742400000, 0x0000000742400000, 0x0000000742600000|  0%| F|  |TAMS 0x0000000742400000| PB 0x0000000742400000| Untracked |  0
| 531|0x0000000742600000, 0x0000000742600000, 0x0000000742800000|  0%| F|  |TAMS 0x0000000742600000| PB 0x0000000742600000| Untracked |  0
| 532|0x0000000742800000, 0x0000000742800000, 0x0000000742a00000|  0%| F|  |TAMS 0x0000000742800000| PB 0x0000000742800000| Untracked |  0
| 533|0x0000000742a00000, 0x0000000742a00000, 0x0000000742c00000|  0%| F|  |TAMS 0x0000000742a00000| PB 0x0000000742a00000| Untracked |  0
| 534|0x0000000742c00000, 0x0000000742c00000, 0x0000000742e00000|  0%| F|  |TAMS 0x0000000742c00000| PB 0x0000000742c00000| Untracked |  0
| 535|0x0000000742e00000, 0x0000000742e00000, 0x0000000743000000|  0%| F|  |TAMS 0x0000000742e00000| PB 0x0000000742e00000| Untracked |  0
| 536|0x0000000743000000, 0x0000000743000000, 0x0000000743200000|  0%| F|  |TAMS 0x0000000743000000| PB 0x0000000743000000| Untracked |  0
| 537|0x0000000743200000, 0x0000000743200000, 0x0000000743400000|  0%| F|  |TAMS 0x0000000743200000| PB 0x0000000743200000| Untracked |  0
| 538|0x0000000743400000, 0x0000000743400000, 0x0000000743600000|  0%| F|  |TAMS 0x0000000743400000| PB 0x0000000743400000| Untracked |  0
| 539|0x0000000743600000, 0x0000000743600000, 0x0000000743800000|  0%| F|  |TAMS 0x0000000743600000| PB 0x0000000743600000| Untracked |  0
| 540|0x0000000743800000, 0x0000000743800000, 0x0000000743a00000|  0%| F|  |TAMS 0x0000000743800000| PB 0x0000000743800000| Untracked |  0
| 541|0x0000000743a00000, 0x0000000743a00000, 0x0000000743c00000|  0%| F|  |TAMS 0x0000000743a00000| PB 0x0000000743a00000| Untracked |  0
| 542|0x0000000743c00000, 0x0000000743c00000, 0x0000000743e00000|  0%| F|  |TAMS 0x0000000743c00000| PB 0x0000000743c00000| Untracked |  0
| 543|0x0000000743e00000, 0x0000000743e00000, 0x0000000744000000|  0%| F|  |TAMS 0x0000000743e00000| PB 0x0000000743e00000| Untracked |  0
| 544|0x0000000744000000, 0x0000000744000000, 0x0000000744200000|  0%| F|  |TAMS 0x0000000744000000| PB 0x0000000744000000| Untracked |  0
| 545|0x0000000744200000, 0x0000000744200000, 0x0000000744400000|  0%| F|  |TAMS 0x0000000744200000| PB 0x0000000744200000| Untracked |  0
| 546|0x0000000744400000, 0x0000000744400000, 0x0000000744600000|  0%| F|  |TAMS 0x0000000744400000| PB 0x0000000744400000| Untracked |  0
| 547|0x0000000744600000, 0x0000000744600000, 0x0000000744800000|  0%| F|  |TAMS 0x0000000744600000| PB 0x0000000744600000| Untracked |  0
| 548|0x0000000744800000, 0x0000000744800000, 0x0000000744a00000|  0%| F|  |TAMS 0x0000000744800000| PB 0x0000000744800000| Untracked |  0
| 549|0x0000000744a00000, 0x0000000744a00000, 0x0000000744c00000|  0%| F|  |TAMS 0x0000000744a00000| PB 0x0000000744a00000| Untracked |  0
| 550|0x0000000744c00000, 0x0000000744c00000, 0x0000000744e00000|  0%| F|  |TAMS 0x0000000744c00000| PB 0x0000000744c00000| Untracked |  0
| 551|0x0000000744e00000, 0x0000000744e00000, 0x0000000745000000|  0%| F|  |TAMS 0x0000000744e00000| PB 0x0000000744e00000| Untracked |  0
| 552|0x0000000745000000, 0x0000000745000000, 0x0000000745200000|  0%| F|  |TAMS 0x0000000745000000| PB 0x0000000745000000| Untracked |  0
| 553|0x0000000745200000, 0x0000000745200000, 0x0000000745400000|  0%| F|  |TAMS 0x0000000745200000| PB 0x0000000745200000| Untracked |  0
| 554|0x0000000745400000, 0x0000000745400000, 0x0000000745600000|  0%| F|  |TAMS 0x0000000745400000| PB 0x0000000745400000| Untracked |  0
| 555|0x0000000745600000, 0x0000000745600000, 0x0000000745800000|  0%| F|  |TAMS 0x0000000745600000| PB 0x0000000745600000| Untracked |  0
| 556|0x0000000745800000, 0x0000000745800000, 0x0000000745a00000|  0%| F|  |TAMS 0x0000000745800000| PB 0x0000000745800000| Untracked |  0
| 557|0x0000000745a00000, 0x0000000745a00000, 0x0000000745c00000|  0%| F|  |TAMS 0x0000000745a00000| PB 0x0000000745a00000| Untracked |  0
| 558|0x0000000745c00000, 0x0000000745c00000, 0x0000000745e00000|  0%| F|  |TAMS 0x0000000745c00000| PB 0x0000000745c00000| Untracked |  0
| 559|0x0000000745e00000, 0x0000000745e00000, 0x0000000746000000|  0%| F|  |TAMS 0x0000000745e00000| PB 0x0000000745e00000| Untracked |  0
| 560|0x0000000746000000, 0x0000000746000000, 0x0000000746200000|  0%| F|  |TAMS 0x0000000746000000| PB 0x0000000746000000| Untracked |  0
| 561|0x0000000746200000, 0x0000000746200000, 0x0000000746400000|  0%| F|  |TAMS 0x0000000746200000| PB 0x0000000746200000| Untracked |  0
| 562|0x0000000746400000, 0x0000000746400000, 0x0000000746600000|  0%| F|  |TAMS 0x0000000746400000| PB 0x0000000746400000| Untracked |  0
| 563|0x0000000746600000, 0x0000000746600000, 0x0000000746800000|  0%| F|  |TAMS 0x0000000746600000| PB 0x0000000746600000| Untracked |  0
| 564|0x0000000746800000, 0x0000000746800000, 0x0000000746a00000|  0%| F|  |TAMS 0x0000000746800000| PB 0x0000000746800000| Untracked |  0
| 565|0x0000000746a00000, 0x0000000746a00000, 0x0000000746c00000|  0%| F|  |TAMS 0x0000000746a00000| PB 0x0000000746a00000| Untracked |  0
| 566|0x0000000746c00000, 0x0000000746c00000, 0x0000000746e00000|  0%| F|  |TAMS 0x0000000746c00000| PB 0x0000000746c00000| Untracked |  0
| 567|0x0000000746e00000, 0x0000000746e00000, 0x0000000747000000|  0%| F|  |TAMS 0x0000000746e00000| PB 0x0000000746e00000| Untracked |  0
| 568|0x0000000747000000, 0x0000000747000000, 0x0000000747200000|  0%| F|  |TAMS 0x0000000747000000| PB 0x0000000747000000| Untracked |  0
| 569|0x0000000747200000, 0x0000000747200000, 0x0000000747400000|  0%| F|  |TAMS 0x0000000747200000| PB 0x0000000747200000| Untracked |  0
| 570|0x0000000747400000, 0x0000000747400000, 0x0000000747600000|  0%| F|  |TAMS 0x0000000747400000| PB 0x0000000747400000| Untracked |  0
| 571|0x0000000747600000, 0x0000000747600000, 0x0000000747800000|  0%| F|  |TAMS 0x0000000747600000| PB 0x0000000747600000| Untracked |  0
| 572|0x0000000747800000, 0x0000000747800000, 0x0000000747a00000|  0%| F|  |TAMS 0x0000000747800000| PB 0x0000000747800000| Untracked |  0
| 573|0x0000000747a00000, 0x0000000747a00000, 0x0000000747c00000|  0%| F|  |TAMS 0x0000000747a00000| PB 0x0000000747a00000| Untracked |  0
| 574|0x0000000747c00000, 0x0000000747c00000, 0x0000000747e00000|  0%| F|  |TAMS 0x0000000747c00000| PB 0x0000000747c00000| Untracked |  0
| 575|0x0000000747e00000, 0x0000000747e00000, 0x0000000748000000|  0%| F|  |TAMS 0x0000000747e00000| PB 0x0000000747e00000| Untracked |  0
| 576|0x0000000748000000, 0x0000000748000000, 0x0000000748200000|  0%| F|  |TAMS 0x0000000748000000| PB 0x0000000748000000| Untracked |  0
| 577|0x0000000748200000, 0x0000000748200000, 0x0000000748400000|  0%| F|  |TAMS 0x0000000748200000| PB 0x0000000748200000| Untracked |  0
| 578|0x0000000748400000, 0x0000000748400000, 0x0000000748600000|  0%| F|  |TAMS 0x0000000748400000| PB 0x0000000748400000| Untracked |  0
| 579|0x0000000748600000, 0x0000000748600000, 0x0000000748800000|  0%| F|  |TAMS 0x0000000748600000| PB 0x0000000748600000| Untracked |  0
| 580|0x0000000748800000, 0x0000000748800000, 0x0000000748a00000|  0%| F|  |TAMS 0x0000000748800000| PB 0x0000000748800000| Untracked |  0
| 581|0x0000000748a00000, 0x0000000748a00000, 0x0000000748c00000|  0%| F|  |TAMS 0x0000000748a00000| PB 0x0000000748a00000| Untracked |  0
| 582|0x0000000748c00000, 0x0000000748c00000, 0x0000000748e00000|  0%| F|  |TAMS 0x0000000748c00000| PB 0x0000000748c00000| Untracked |  0
| 583|0x0000000748e00000, 0x0000000748e00000, 0x0000000749000000|  0%| F|  |TAMS 0x0000000748e00000| PB 0x0000000748e00000| Untracked |  0
| 584|0x0000000749000000, 0x0000000749000000, 0x0000000749200000|  0%| F|  |TAMS 0x0000000749000000| PB 0x0000000749000000| Untracked |  0
| 585|0x0000000749200000, 0x0000000749200000, 0x0000000749400000|  0%| F|  |TAMS 0x0000000749200000| PB 0x0000000749200000| Untracked |  0
| 586|0x0000000749400000, 0x0000000749400000, 0x0000000749600000|  0%| F|  |TAMS 0x0000000749400000| PB 0x0000000749400000| Untracked |  0
| 587|0x0000000749600000, 0x0000000749600000, 0x0000000749800000|  0%| F|  |TAMS 0x0000000749600000| PB 0x0000000749600000| Untracked |  0
| 588|0x0000000749800000, 0x0000000749800000, 0x0000000749a00000|  0%| F|  |TAMS 0x0000000749800000| PB 0x0000000749800000| Untracked |  0
| 589|0x0000000749a00000, 0x0000000749a00000, 0x0000000749c00000|  0%| F|  |TAMS 0x0000000749a00000| PB 0x0000000749a00000| Untracked |  0
| 590|0x0000000749c00000, 0x0000000749c00000, 0x0000000749e00000|  0%| F|  |TAMS 0x0000000749c00000| PB 0x0000000749c00000| Untracked |  0
| 591|0x0000000749e00000, 0x0000000749e00000, 0x000000074a000000|  0%| F|  |TAMS 0x0000000749e00000| PB 0x0000000749e00000| Untracked |  0
| 592|0x000000074a000000, 0x000000074a000000, 0x000000074a200000|  0%| F|  |TAMS 0x000000074a000000| PB 0x000000074a000000| Untracked |  0
| 593|0x000000074a200000, 0x000000074a200000, 0x000000074a400000|  0%| F|  |TAMS 0x000000074a200000| PB 0x000000074a200000| Untracked |  0
| 594|0x000000074a400000, 0x000000074a400000, 0x000000074a600000|  0%| F|  |TAMS 0x000000074a400000| PB 0x000000074a400000| Untracked |  0
| 595|0x000000074a600000, 0x000000074a600000, 0x000000074a800000|  0%| F|  |TAMS 0x000000074a600000| PB 0x000000074a600000| Untracked |  0
| 596|0x000000074a800000, 0x000000074a800000, 0x000000074aa00000|  0%| F|  |TAMS 0x000000074a800000| PB 0x000000074a800000| Untracked |  0
| 597|0x000000074aa00000, 0x000000074aa00000, 0x000000074ac00000|  0%| F|  |TAMS 0x000000074aa00000| PB 0x000000074aa00000| Untracked |  0
| 598|0x000000074ac00000, 0x000000074ac00000, 0x000000074ae00000|  0%| F|  |TAMS 0x000000074ac00000| PB 0x000000074ac00000| Untracked |  0
| 599|0x000000074ae00000, 0x000000074ae00000, 0x000000074b000000|  0%| F|  |TAMS 0x000000074ae00000| PB 0x000000074ae00000| Untracked |  0
| 600|0x000000074b000000, 0x000000074b000000, 0x000000074b200000|  0%| F|  |TAMS 0x000000074b000000| PB 0x000000074b000000| Untracked |  0
| 601|0x000000074b200000, 0x000000074b200000, 0x000000074b400000|  0%| F|  |TAMS 0x000000074b200000| PB 0x000000074b200000| Untracked |  0
| 602|0x000000074b400000, 0x000000074b400000, 0x000000074b600000|  0%| F|  |TAMS 0x000000074b400000| PB 0x000000074b400000| Untracked |  0
| 603|0x000000074b600000, 0x000000074b600000, 0x000000074b800000|  0%| F|  |TAMS 0x000000074b600000| PB 0x000000074b600000| Untracked |  0
| 604|0x000000074b800000, 0x000000074b800000, 0x000000074ba00000|  0%| F|  |TAMS 0x000000074b800000| PB 0x000000074b800000| Untracked |  0
| 605|0x000000074ba00000, 0x000000074ba00000, 0x000000074bc00000|  0%| F|  |TAMS 0x000000074ba00000| PB 0x000000074ba00000| Untracked |  0
| 606|0x000000074bc00000, 0x000000074bc00000, 0x000000074be00000|  0%| F|  |TAMS 0x000000074bc00000| PB 0x000000074bc00000| Untracked |  0
| 607|0x000000074be00000, 0x000000074be00000, 0x000000074c000000|  0%| F|  |TAMS 0x000000074be00000| PB 0x000000074be00000| Untracked |  0
| 608|0x000000074c000000, 0x000000074c000000, 0x000000074c200000|  0%| F|  |TAMS 0x000000074c000000| PB 0x000000074c000000| Untracked |  0
| 609|0x000000074c200000, 0x000000074c200000, 0x000000074c400000|  0%| F|  |TAMS 0x000000074c200000| PB 0x000000074c200000| Untracked |  0
| 610|0x000000074c400000, 0x000000074c400000, 0x000000074c600000|  0%| F|  |TAMS 0x000000074c400000| PB 0x000000074c400000| Untracked |  0
| 611|0x000000074c600000, 0x000000074c600000, 0x000000074c800000|  0%| F|  |TAMS 0x000000074c600000| PB 0x000000074c600000| Untracked |  0
| 612|0x000000074c800000, 0x000000074c800000, 0x000000074ca00000|  0%| F|  |TAMS 0x000000074c800000| PB 0x000000074c800000| Untracked |  0
| 613|0x000000074ca00000, 0x000000074ca00000, 0x000000074cc00000|  0%| F|  |TAMS 0x000000074ca00000| PB 0x000000074ca00000| Untracked |  0
| 614|0x000000074cc00000, 0x000000074cc00000, 0x000000074ce00000|  0%| F|  |TAMS 0x000000074cc00000| PB 0x000000074cc00000| Untracked |  0
| 615|0x000000074ce00000, 0x000000074ce00000, 0x000000074d000000|  0%| F|  |TAMS 0x000000074ce00000| PB 0x000000074ce00000| Untracked |  0
| 616|0x000000074d000000, 0x000000074d000000, 0x000000074d200000|  0%| F|  |TAMS 0x000000074d000000| PB 0x000000074d000000| Untracked |  0
| 617|0x000000074d200000, 0x000000074d200000, 0x000000074d400000|  0%| F|  |TAMS 0x000000074d200000| PB 0x000000074d200000| Untracked |  0
| 618|0x000000074d400000, 0x000000074d400000, 0x000000074d600000|  0%| F|  |TAMS 0x000000074d400000| PB 0x000000074d400000| Untracked |  0
| 619|0x000000074d600000, 0x000000074d600000, 0x000000074d800000|  0%| F|  |TAMS 0x000000074d600000| PB 0x000000074d600000| Untracked |  0
| 620|0x000000074d800000, 0x000000074d800000, 0x000000074da00000|  0%| F|  |TAMS 0x000000074d800000| PB 0x000000074d800000| Untracked |  0
| 621|0x000000074da00000, 0x000000074da00000, 0x000000074dc00000|  0%| F|  |TAMS 0x000000074da00000| PB 0x000000074da00000| Untracked |  0
| 622|0x000000074dc00000, 0x000000074dc00000, 0x000000074de00000|  0%| F|  |TAMS 0x000000074dc00000| PB 0x000000074dc00000| Untracked |  0
| 623|0x000000074de00000, 0x000000074de00000, 0x000000074e000000|  0%| F|  |TAMS 0x000000074de00000| PB 0x000000074de00000| Untracked |  0
| 624|0x000000074e000000, 0x000000074e000000, 0x000000074e200000|  0%| F|  |TAMS 0x000000074e000000| PB 0x000000074e000000| Untracked |  0
| 625|0x000000074e200000, 0x000000074e200000, 0x000000074e400000|  0%| F|  |TAMS 0x000000074e200000| PB 0x000000074e200000| Untracked |  0
| 626|0x000000074e400000, 0x000000074e400000, 0x000000074e600000|  0%| F|  |TAMS 0x000000074e400000| PB 0x000000074e400000| Untracked |  0
| 627|0x000000074e600000, 0x000000074e600000, 0x000000074e800000|  0%| F|  |TAMS 0x000000074e600000| PB 0x000000074e600000| Untracked |  0
| 628|0x000000074e800000, 0x000000074e800000, 0x000000074ea00000|  0%| F|  |TAMS 0x000000074e800000| PB 0x000000074e800000| Untracked |  0
| 629|0x000000074ea00000, 0x000000074ea00000, 0x000000074ec00000|  0%| F|  |TAMS 0x000000074ea00000| PB 0x000000074ea00000| Untracked |  0
| 630|0x000000074ec00000, 0x000000074ec00000, 0x000000074ee00000|  0%| F|  |TAMS 0x000000074ec00000| PB 0x000000074ec00000| Untracked |  0
| 631|0x000000074ee00000, 0x000000074ee00000, 0x000000074f000000|  0%| F|  |TAMS 0x000000074ee00000| PB 0x000000074ee00000| Untracked |  0
| 632|0x000000074f000000, 0x000000074f000000, 0x000000074f200000|  0%| F|  |TAMS 0x000000074f000000| PB 0x000000074f000000| Untracked |  0
| 633|0x000000074f200000, 0x000000074f200000, 0x000000074f400000|  0%| F|  |TAMS 0x000000074f200000| PB 0x000000074f200000| Untracked |  0
| 634|0x000000074f400000, 0x000000074f400000, 0x000000074f600000|  0%| F|  |TAMS 0x000000074f400000| PB 0x000000074f400000| Untracked |  0
| 635|0x000000074f600000, 0x000000074f600000, 0x000000074f800000|  0%| F|  |TAMS 0x000000074f600000| PB 0x000000074f600000| Untracked |  0
| 636|0x000000074f800000, 0x000000074f800000, 0x000000074fa00000|  0%| F|  |TAMS 0x000000074f800000| PB 0x000000074f800000| Untracked |  0
| 637|0x000000074fa00000, 0x000000074fa00000, 0x000000074fc00000|  0%| F|  |TAMS 0x000000074fa00000| PB 0x000000074fa00000| Untracked |  0
| 638|0x000000074fc00000, 0x000000074fc00000, 0x000000074fe00000|  0%| F|  |TAMS 0x000000074fc00000| PB 0x000000074fc00000| Untracked |  0
| 639|0x000000074fe00000, 0x000000074fe00000, 0x0000000750000000|  0%| F|  |TAMS 0x000000074fe00000| PB 0x000000074fe00000| Untracked |  0
| 640|0x0000000750000000, 0x0000000750000000, 0x0000000750200000|  0%| F|  |TAMS 0x0000000750000000| PB 0x0000000750000000| Untracked |  0
| 641|0x0000000750200000, 0x0000000750200000, 0x0000000750400000|  0%| F|  |TAMS 0x0000000750200000| PB 0x0000000750200000| Untracked |  0
| 642|0x0000000750400000, 0x0000000750400000, 0x0000000750600000|  0%| F|  |TAMS 0x0000000750400000| PB 0x0000000750400000| Untracked |  0
| 643|0x0000000750600000, 0x0000000750600000, 0x0000000750800000|  0%| F|  |TAMS 0x0000000750600000| PB 0x0000000750600000| Untracked |  0
| 644|0x0000000750800000, 0x0000000750800000, 0x0000000750a00000|  0%| F|  |TAMS 0x0000000750800000| PB 0x0000000750800000| Untracked |  0
| 645|0x0000000750a00000, 0x0000000750a00000, 0x0000000750c00000|  0%| F|  |TAMS 0x0000000750a00000| PB 0x0000000750a00000| Untracked |  0
| 646|0x0000000750c00000, 0x0000000750c00000, 0x0000000750e00000|  0%| F|  |TAMS 0x0000000750c00000| PB 0x0000000750c00000| Untracked |  0
| 647|0x0000000750e00000, 0x0000000750e00000, 0x0000000751000000|  0%| F|  |TAMS 0x0000000750e00000| PB 0x0000000750e00000| Untracked |  0
| 648|0x0000000751000000, 0x0000000751000000, 0x0000000751200000|  0%| F|  |TAMS 0x0000000751000000| PB 0x0000000751000000| Untracked |  0
| 649|0x0000000751200000, 0x0000000751200000, 0x0000000751400000|  0%| F|  |TAMS 0x0000000751200000| PB 0x0000000751200000| Untracked |  0
| 650|0x0000000751400000, 0x0000000751400000, 0x0000000751600000|  0%| F|  |TAMS 0x0000000751400000| PB 0x0000000751400000| Untracked |  0
| 651|0x0000000751600000, 0x0000000751600000, 0x0000000751800000|  0%| F|  |TAMS 0x0000000751600000| PB 0x0000000751600000| Untracked |  0
| 652|0x0000000751800000, 0x0000000751800000, 0x0000000751a00000|  0%| F|  |TAMS 0x0000000751800000| PB 0x0000000751800000| Untracked |  0
| 653|0x0000000751a00000, 0x0000000751a00000, 0x0000000751c00000|  0%| F|  |TAMS 0x0000000751a00000| PB 0x0000000751a00000| Untracked |  0
| 654|0x0000000751c00000, 0x0000000751c00000, 0x0000000751e00000|  0%| F|  |TAMS 0x0000000751c00000| PB 0x0000000751c00000| Untracked |  0
| 655|0x0000000751e00000, 0x0000000751e00000, 0x0000000752000000|  0%| F|  |TAMS 0x0000000751e00000| PB 0x0000000751e00000| Untracked |  0
| 656|0x0000000752000000, 0x0000000752000000, 0x0000000752200000|  0%| F|  |TAMS 0x0000000752000000| PB 0x0000000752000000| Untracked |  0
| 657|0x0000000752200000, 0x0000000752200000, 0x0000000752400000|  0%| F|  |TAMS 0x0000000752200000| PB 0x0000000752200000| Untracked |  0
| 658|0x0000000752400000, 0x0000000752400000, 0x0000000752600000|  0%| F|  |TAMS 0x0000000752400000| PB 0x0000000752400000| Untracked |  0
| 659|0x0000000752600000, 0x0000000752600000, 0x0000000752800000|  0%| F|  |TAMS 0x0000000752600000| PB 0x0000000752600000| Untracked |  0
| 660|0x0000000752800000, 0x0000000752800000, 0x0000000752a00000|  0%| F|  |TAMS 0x0000000752800000| PB 0x0000000752800000| Untracked |  0
| 661|0x0000000752a00000, 0x0000000752a00000, 0x0000000752c00000|  0%| F|  |TAMS 0x0000000752a00000| PB 0x0000000752a00000| Untracked |  0
| 662|0x0000000752c00000, 0x0000000752c00000, 0x0000000752e00000|  0%| F|  |TAMS 0x0000000752c00000| PB 0x0000000752c00000| Untracked |  0
| 663|0x0000000752e00000, 0x0000000752e00000, 0x0000000753000000|  0%| F|  |TAMS 0x0000000752e00000| PB 0x0000000752e00000| Untracked |  0
| 664|0x0000000753000000, 0x0000000753000000, 0x0000000753200000|  0%| F|  |TAMS 0x0000000753000000| PB 0x0000000753000000| Untracked |  0
| 665|0x0000000753200000, 0x0000000753200000, 0x0000000753400000|  0%| F|  |TAMS 0x0000000753200000| PB 0x0000000753200000| Untracked |  0
| 666|0x0000000753400000, 0x0000000753400000, 0x0000000753600000|  0%| F|  |TAMS 0x0000000753400000| PB 0x0000000753400000| Untracked |  0
| 667|0x0000000753600000, 0x0000000753600000, 0x0000000753800000|  0%| F|  |TAMS 0x0000000753600000| PB 0x0000000753600000| Untracked |  0
| 668|0x0000000753800000, 0x0000000753800000, 0x0000000753a00000|  0%| F|  |TAMS 0x0000000753800000| PB 0x0000000753800000| Untracked |  0
| 669|0x0000000753a00000, 0x0000000753a00000, 0x0000000753c00000|  0%| F|  |TAMS 0x0000000753a00000| PB 0x0000000753a00000| Untracked |  0
| 670|0x0000000753c00000, 0x0000000753c00000, 0x0000000753e00000|  0%| F|  |TAMS 0x0000000753c00000| PB 0x0000000753c00000| Untracked |  0
| 671|0x0000000753e00000, 0x0000000753e00000, 0x0000000754000000|  0%| F|  |TAMS 0x0000000753e00000| PB 0x0000000753e00000| Untracked |  0
| 672|0x0000000754000000, 0x0000000754000000, 0x0000000754200000|  0%| F|  |TAMS 0x0000000754000000| PB 0x0000000754000000| Untracked |  0
| 673|0x0000000754200000, 0x0000000754200000, 0x0000000754400000|  0%| F|  |TAMS 0x0000000754200000| PB 0x0000000754200000| Untracked |  0
| 674|0x0000000754400000, 0x0000000754400000, 0x0000000754600000|  0%| F|  |TAMS 0x0000000754400000| PB 0x0000000754400000| Untracked |  0
| 675|0x0000000754600000, 0x0000000754600000, 0x0000000754800000|  0%| F|  |TAMS 0x0000000754600000| PB 0x0000000754600000| Untracked |  0
| 676|0x0000000754800000, 0x0000000754800000, 0x0000000754a00000|  0%| F|  |TAMS 0x0000000754800000| PB 0x0000000754800000| Untracked |  0
| 677|0x0000000754a00000, 0x0000000754a00000, 0x0000000754c00000|  0%| F|  |TAMS 0x0000000754a00000| PB 0x0000000754a00000| Untracked |  0
| 678|0x0000000754c00000, 0x0000000754c00000, 0x0000000754e00000|  0%| F|  |TAMS 0x0000000754c00000| PB 0x0000000754c00000| Untracked |  0
| 679|0x0000000754e00000, 0x0000000754e00000, 0x0000000755000000|  0%| F|  |TAMS 0x0000000754e00000| PB 0x0000000754e00000| Untracked |  0
| 680|0x0000000755000000, 0x0000000755000000, 0x0000000755200000|  0%| F|  |TAMS 0x0000000755000000| PB 0x0000000755000000| Untracked |  0
| 681|0x0000000755200000, 0x0000000755200000, 0x0000000755400000|  0%| F|  |TAMS 0x0000000755200000| PB 0x0000000755200000| Untracked |  0
| 682|0x0000000755400000, 0x0000000755400000, 0x0000000755600000|  0%| F|  |TAMS 0x0000000755400000| PB 0x0000000755400000| Untracked |  0
| 683|0x0000000755600000, 0x0000000755600000, 0x0000000755800000|  0%| F|  |TAMS 0x0000000755600000| PB 0x0000000755600000| Untracked |  0
| 684|0x0000000755800000, 0x0000000755800000, 0x0000000755a00000|  0%| F|  |TAMS 0x0000000755800000| PB 0x0000000755800000| Untracked |  0
| 685|0x0000000755a00000, 0x0000000755a00000, 0x0000000755c00000|  0%| F|  |TAMS 0x0000000755a00000| PB 0x0000000755a00000| Untracked |  0
| 686|0x0000000755c00000, 0x0000000755c00000, 0x0000000755e00000|  0%| F|  |TAMS 0x0000000755c00000| PB 0x0000000755c00000| Untracked |  0
| 687|0x0000000755e00000, 0x0000000755e00000, 0x0000000756000000|  0%| F|  |TAMS 0x0000000755e00000| PB 0x0000000755e00000| Untracked |  0
| 688|0x0000000756000000, 0x0000000756000000, 0x0000000756200000|  0%| F|  |TAMS 0x0000000756000000| PB 0x0000000756000000| Untracked |  0
| 689|0x0000000756200000, 0x0000000756200000, 0x0000000756400000|  0%| F|  |TAMS 0x0000000756200000| PB 0x0000000756200000| Untracked |  0
| 690|0x0000000756400000, 0x0000000756400000, 0x0000000756600000|  0%| F|  |TAMS 0x0000000756400000| PB 0x0000000756400000| Untracked |  0
| 691|0x0000000756600000, 0x0000000756600000, 0x0000000756800000|  0%| F|  |TAMS 0x0000000756600000| PB 0x0000000756600000| Untracked |  0
| 692|0x0000000756800000, 0x0000000756800000, 0x0000000756a00000|  0%| F|  |TAMS 0x0000000756800000| PB 0x0000000756800000| Untracked |  0
| 693|0x0000000756a00000, 0x0000000756a00000, 0x0000000756c00000|  0%| F|  |TAMS 0x0000000756a00000| PB 0x0000000756a00000| Untracked |  0
| 694|0x0000000756c00000, 0x0000000756c00000, 0x0000000756e00000|  0%| F|  |TAMS 0x0000000756c00000| PB 0x0000000756c00000| Untracked |  0
| 695|0x0000000756e00000, 0x0000000756e00000, 0x0000000757000000|  0%| F|  |TAMS 0x0000000756e00000| PB 0x0000000756e00000| Untracked |  0
| 696|0x0000000757000000, 0x0000000757000000, 0x0000000757200000|  0%| F|  |TAMS 0x0000000757000000| PB 0x0000000757000000| Untracked |  0
| 697|0x0000000757200000, 0x0000000757200000, 0x0000000757400000|  0%| F|  |TAMS 0x0000000757200000| PB 0x0000000757200000| Untracked |  0
| 698|0x0000000757400000, 0x0000000757400000, 0x0000000757600000|  0%| F|  |TAMS 0x0000000757400000| PB 0x0000000757400000| Untracked |  0
|2019|0x00000007fc600000, 0x00000007fc800000, 0x00000007fc800000|100%| O|  |TAMS 0x00000007fc600000| PB 0x00000007fc600000| Untracked |  0
|2020|0x00000007fc800000, 0x00000007fc800000, 0x00000007fca00000|  0%| F|  |TAMS 0x00000007fc800000| PB 0x00000007fc800000| Untracked |  0
|2021|0x00000007fca00000, 0x00000007fca00000, 0x00000007fcc00000|  0%| F|  |TAMS 0x00000007fca00000| PB 0x00000007fca00000| Untracked |  0
|2022|0x00000007fcc00000, 0x00000007fcc00000, 0x00000007fce00000|  0%| F|  |TAMS 0x00000007fcc00000| PB 0x00000007fcc00000| Untracked |  0
|2023|0x00000007fce00000, 0x00000007fd000000, 0x00000007fd000000|100%| O|  |TAMS 0x00000007fce00000| PB 0x00000007fce00000| Untracked |  0
|2024|0x00000007fd000000, 0x00000007fd000000, 0x00000007fd200000|  0%| F|  |TAMS 0x00000007fd000000| PB 0x00000007fd000000| Untracked |  0
|2025|0x00000007fd200000, 0x00000007fd400000, 0x00000007fd400000|100%| O|  |TAMS 0x00000007fd200000| PB 0x00000007fd200000| Untracked |  0
|2026|0x00000007fd400000, 0x00000007fd400000, 0x00000007fd600000|  0%| F|  |TAMS 0x00000007fd400000| PB 0x00000007fd400000| Untracked |  0
|2027|0x00000007fd600000, 0x00000007fd600000, 0x00000007fd800000|  0%| F|  |TAMS 0x00000007fd600000| PB 0x00000007fd600000| Untracked |  0
|2028|0x00000007fd800000, 0x00000007fda00000, 0x00000007fda00000|100%| O|  |TAMS 0x00000007fd800000| PB 0x00000007fd800000| Untracked |  0
|2029|0x00000007fda00000, 0x00000007fdc00000, 0x00000007fdc00000|100%| O|  |TAMS 0x00000007fda00000| PB 0x00000007fda00000| Untracked |  0
|2030|0x00000007fdc00000, 0x00000007fde00000, 0x00000007fde00000|100%| O|  |TAMS 0x00000007fdc00000| PB 0x00000007fdc00000| Untracked |  0
|2031|0x00000007fde00000, 0x00000007fe000000, 0x00000007fe000000|100%| O|  |TAMS 0x00000007fde00000| PB 0x00000007fde00000| Untracked |  0
|2032|0x00000007fe000000, 0x00000007fe200000, 0x00000007fe200000|100%| O|  |TAMS 0x00000007fe000000| PB 0x00000007fe000000| Untracked |  0
|2033|0x00000007fe200000, 0x00000007fe200000, 0x00000007fe400000|  0%| F|  |TAMS 0x00000007fe200000| PB 0x00000007fe200000| Untracked |  0
|2034|0x00000007fe400000, 0x00000007fe600000, 0x00000007fe600000|100%| O|  |TAMS 0x00000007fe400000| PB 0x00000007fe400000| Untracked |  0
|2035|0x00000007fe600000, 0x00000007fe600000, 0x00000007fe800000|  0%| F|  |TAMS 0x00000007fe600000| PB 0x00000007fe600000| Untracked |  0
|2036|0x00000007fe800000, 0x00000007fea00000, 0x00000007fea00000|100%| O|  |TAMS 0x00000007fe800000| PB 0x00000007fe800000| Untracked |  0
|2037|0x00000007fea00000, 0x00000007fec00000, 0x00000007fec00000|100%| O|  |TAMS 0x00000007fea00000| PB 0x00000007fea00000| Untracked |  0
|2038|0x00000007fec00000, 0x00000007fee00000, 0x00000007fee00000|100%| O|  |TAMS 0x00000007fec00000| PB 0x00000007fec00000| Untracked |  0
|2039|0x00000007fee00000, 0x00000007ff000000, 0x00000007ff000000|100%| O|  |TAMS 0x00000007fee00000| PB 0x00000007fee00000| Untracked |  0
|2040|0x00000007ff000000, 0x00000007ff200000, 0x00000007ff200000|100%| O|  |TAMS 0x00000007ff000000| PB 0x00000007ff000000| Untracked |  0
|2041|0x00000007ff200000, 0x00000007ff400000, 0x00000007ff400000|100%| O|  |TAMS 0x00000007ff200000| PB 0x00000007ff200000| Untracked |  0
|2042|0x00000007ff400000, 0x00000007ff600000, 0x00000007ff600000|100%| O|  |TAMS 0x00000007ff400000| PB 0x00000007ff400000| Untracked |  0
|2043|0x00000007ff600000, 0x00000007ff600000, 0x00000007ff800000|  0%| F|  |TAMS 0x00000007ff600000| PB 0x00000007ff600000| Untracked |  0
|2044|0x00000007ff800000, 0x00000007ffa00000, 0x00000007ffa00000|100%| O|  |TAMS 0x00000007ff800000| PB 0x00000007ff800000| Untracked |  0
|2045|0x00000007ffa00000, 0x00000007ffc00000, 0x00000007ffc00000|100%| O|  |TAMS 0x00000007ffa00000| PB 0x00000007ffa00000| Untracked |  0
|2046|0x00000007ffc00000, 0x00000007ffe00000, 0x00000007ffe00000|100%| O|  |TAMS 0x00000007ffc00000| PB 0x00000007ffc00000| Untracked |  0
|2047|0x00000007ffe00000, 0x0000000800000000, 0x0000000800000000|100%| O|  |TAMS 0x00000007ffe00000| PB 0x00000007ffe00000| Untracked |  0

Card table byte_map: [0x00000265ce9d0000,0x00000265cf1d0000] _byte_map_base: 0x00000265cb1d0000

Marking Bits: (CMBitMap*) 0x00000265bb2998e0
 Bits: [0x00000265cf1d0000, 0x00000265d31d0000)

Polling page: 0x00000265b9290000

Metaspace:
Metaspace        used 207045K, committed 212800K, reserved 1245184K
 class space     used 28921K, committed 30720K, reserved 1048576K

Usage:
  Non-class:    173.95 MB used.
      Class:     28.24 MB used.
       Both:    202.19 MB used.

Virtual space:
  Non-class space:      192.00 MB reserved,     177.81 MB ( 93%) committed,  3 nodes.
      Class space:        1.00 GB reserved,      30.00 MB (  3%) committed,  1 nodes.
             Both:        1.19 GB reserved,     207.81 MB ( 17%) committed. 

Chunk freelists:
   Non-Class:  16.80 MB
       Class:  2.51 MB
        Both:  19.31 MB

MaxMetaspaceSize: unlimited
CompressedClassSpaceSize: 1.00 GB
Initial GC threshold: 21.00 MB
Current GC threshold: 354.31 MB
CDS: off
 - commit_granule_bytes: 65536.
 - commit_granule_words: 8192.
 - virtual_space_node_default_size: 8388608.
 - enlarge_chunks_in_place: 1.
UseCompressedClassPointers 1, UseCompactObjectHeaders 0
Narrow klass pointer bits 32, Max shift 3
Narrow klass base: 0x0000000000000000, Narrow klass shift: 0
Encoding Range: [0x0000000000000000 - 0x0000000100000000), (4294967296 bytes)
Klass Range:    [0x0000000091000000 - 0x00000000d1000000), (1073741824 bytes)
Klass ID Range:  [2432696320 - 3506438137) (1073741817)
No protection zone.


Internal statistics:

num_allocs_failed_limit: 9.
num_arena_births: 4684.
num_arena_deaths: 16.
num_vsnodes_births: 4.
num_vsnodes_deaths: 0.
num_space_committed: 3401.
num_space_uncommitted: 52.
num_chunks_returned_to_freelist: 368.
num_chunks_taken_from_freelist: 13829.
num_chunk_merges: 89.
num_chunk_splits: 9288.
num_chunks_enlarged: 6027.
num_inconsistent_stats: 0.

CodeHeap 'non-profiled nmethods': size=119232Kb used=15343Kb max_used=17627Kb free=103888Kb
 bounds [0x00000265c62a0000, 0x00000265c7400000, 0x00000265cd710000]
CodeHeap 'profiled nmethods': size=119104Kb used=27326Kb max_used=40170Kb free=91777Kb
 bounds [0x00000265be710000, 0x00000265c0e50000, 0x00000265c5b60000]
CodeHeap 'non-nmethods': size=7424Kb used=2337Kb max_used=4181Kb free=5087Kb
 bounds [0x00000265c5b60000, 0x00000265c5f80000, 0x00000265c62a0000]
CodeCache: size=245760Kb, used=45006Kb, max_used=61978Kb, free=200752Kb
 total_blobs=19720, nmethods=18540, adapters=1080, full_count=0
Compilation: enabled, stopped_count=0, restarted_count=0

Compilation events (20 events):
Event: 125.421 Thread 0x00000265d6535b40 37831       2       java.util.ArrayDeque::setBit (13 bytes)
Event: 125.422 Thread 0x00000265d6535b40 nmethod 37831 0x00000265bf039b08 code [0x00000265bf039c00, 0x00000265bf039d28]
Event: 125.478 Thread 0x00000265d6535b40 37832       1       com.android.tools.r8.graph.ya$c::p (5 bytes)
Event: 125.478 Thread 0x00000265d6535b40 nmethod 37832 0x00000265c6448a88 code [0x00000265c6448b80, 0x00000265c6448c48]
Event: 125.482 Thread 0x00000265d6535b40 37833       2       com.android.tools.r8.internal.iq4::d (11 bytes)
Event: 125.482 Thread 0x00000265d6535b40 nmethod 37833 0x00000265bf089908 code [0x00000265bf089a00, 0x00000265bf089b80]
Event: 125.482 Thread 0x00000265d6535b40 37834       2       com.android.tools.r8.internal.pq0::<init> (8 bytes)
Event: 125.482 Thread 0x00000265d6535b40 nmethod 37834 0x00000265bf0aec08 code [0x00000265bf0aed00, 0x00000265bf0aee18]
Event: 125.548 Thread 0x00000265d6535b40 37835       3       com.android.tools.r8.graph.i2$b$a::<init> (15 bytes)
Event: 125.549 Thread 0x00000265d6535b40 nmethod 37835 0x00000265bea25c08 code [0x00000265bea25d00, 0x00000265bea25f30]
Event: 125.653 Thread 0x00000265d6535b40 37837       3       com.android.tools.r8.internal.x03::<init> (10 bytes)
Event: 125.653 Thread 0x00000265d6535b40 nmethod 37837 0x00000265bf0e4d88 code [0x00000265bf0e4e80, 0x00000265bf0e4fb0]
Event: 125.663 Thread 0x00000265d6535b40 37838       2       java.util.concurrent.ConcurrentHashMap$TreeBin::balanceInsertion (245 bytes)
Event: 125.664 Thread 0x00000265d6535b40 nmethod 37838 0x00000265be9d8c88 code [0x00000265be9d8d80, 0x00000265be9d9390]
Event: 125.766 Thread 0x00000265d6535b40 37839       2       com.android.tools.r8.internal.co3::b (1440 bytes)
Event: 125.772 Thread 0x00000265d6535b40 nmethod 37839 0x00000265be84a208 code [0x00000265be84a300, 0x00000265be84c8c8]
Event: 125.817 Thread 0x00000265d6535b40 37840       2       java.util.TreeMap::buildFromSorted (27 bytes)
Event: 125.817 Thread 0x00000265d6535b40 nmethod 37840 0x00000265bedc0988 code [0x00000265bedc0a80, 0x00000265bedc0c98]
Event: 125.817 Thread 0x00000265d6535b40 37841       2       java.util.TreeMap::computeRedLevel (10 bytes)
Event: 125.818 Thread 0x00000265d6535b40 nmethod 37841 0x00000265bf0ea208 code [0x00000265bf0ea300, 0x00000265bf0ea408]

GC Heap Usage History (20 events):
Event: 114.974 {heap After GC invocations=130 (full 0):
 garbage-first heap   total reserved 4194304K, committed 1476608K, used 637143K [0x0000000700000000, 0x0000000800000000)
  region size 2048K, 7 young (14336K), 7 survivors (14336K)
}
Event: 115.812 {heap Before GC invocations=130 (full 0):
 garbage-first heap   total reserved 4194304K, committed 1476608K, used 1396951K [0x0000000700000000, 0x0000000800000000)
  region size 2048K, 379 young (776192K), 7 survivors (14336K)
}
Event: 115.828 {heap After GC invocations=131 (full 0):
 garbage-first heap   total reserved 4194304K, committed 1476608K, used 624242K [0x0000000700000000, 0x0000000800000000)
  region size 2048K, 7 young (14336K), 7 survivors (14336K)
}
Event: 117.806 {heap Before GC invocations=131 (full 0):
 garbage-first heap   total reserved 4194304K, committed 1476608K, used 1398386K [0x0000000700000000, 0x0000000800000000)
  region size 2048K, 386 young (790528K), 7 survivors (14336K)
}
Event: 117.824 {heap After GC invocations=132 (full 0):
 garbage-first heap   total reserved 4194304K, committed 1476608K, used 625774K [0x0000000700000000, 0x0000000800000000)
  region size 2048K, 8 young (16384K), 8 survivors (16384K)
}
Event: 119.807 {heap Before GC invocations=133 (full 0):
 garbage-first heap   total reserved 4194304K, committed 1476608K, used 1397870K [0x0000000700000000, 0x0000000800000000)
  region size 2048K, 386 young (790528K), 8 survivors (16384K)
}
Event: 119.818 {heap After GC invocations=134 (full 0):
 garbage-first heap   total reserved 4194304K, committed 1476608K, used 631704K [0x0000000700000000, 0x0000000800000000)
  region size 2048K, 11 young (22528K), 11 survivors (22528K)
}
Event: 120.521 {heap Before GC invocations=134 (full 0):
 garbage-first heap   total reserved 4194304K, committed 1476608K, used 1397656K [0x0000000700000000, 0x0000000800000000)
  region size 2048K, 385 young (788480K), 11 survivors (22528K)
}
Event: 120.574 {heap After GC invocations=135 (full 0):
 garbage-first heap   total reserved 4194304K, committed 1476608K, used 644575K [0x0000000700000000, 0x0000000800000000)
  region size 2048K, 21 young (43008K), 21 survivors (43008K)
}
Event: 121.492 {heap Before GC invocations=135 (full 0):
 garbage-first heap   total reserved 4194304K, committed 1476608K, used 1400287K [0x0000000700000000, 0x0000000800000000)
  region size 2048K, 390 young (798720K), 21 survivors (43008K)
}
Event: 121.566 {heap After GC invocations=136 (full 0):
 garbage-first heap   total reserved 4194304K, committed 1480704K, used 680322K [0x0000000700000000, 0x0000000800000000)
  region size 2048K, 38 young (77824K), 38 survivors (77824K)
}
Event: 122.647 {heap Before GC invocations=137 (full 0):
 garbage-first heap   total reserved 4194304K, committed 1480704K, used 1403266K [0x0000000700000000, 0x0000000800000000)
  region size 2048K, 391 young (800768K), 38 survivors (77824K)
}
Event: 122.692 {heap After GC invocations=138 (full 0):
 garbage-first heap   total reserved 4194304K, committed 1490944K, used 688426K [0x0000000700000000, 0x0000000800000000)
  region size 2048K, 26 young (53248K), 26 survivors (53248K)
}
Event: 123.334 {heap Before GC invocations=138 (full 0):
 garbage-first heap   total reserved 4194304K, committed 1490944K, used 1413418K [0x0000000700000000, 0x0000000800000000)
  region size 2048K, 380 young (778240K), 26 survivors (53248K)
}
Event: 123.399 {heap After GC invocations=139 (full 0):
 garbage-first heap   total reserved 4194304K, committed 1490944K, used 673703K [0x0000000700000000, 0x0000000800000000)
  region size 2048K, 24 young (49152K), 24 survivors (49152K)
}
Event: 124.191 {heap Before GC invocations=139 (full 0):
 garbage-first heap   total reserved 4194304K, committed 1490944K, used 1413031K [0x0000000700000000, 0x0000000800000000)
  region size 2048K, 386 young (790528K), 24 survivors (49152K)
}
Event: 124.237 {heap After GC invocations=140 (full 0):
 garbage-first heap   total reserved 4194304K, committed 1490944K, used 685991K [0x0000000700000000, 0x0000000800000000)
  region size 2048K, 30 young (61440K), 30 survivors (61440K)
}
Event: 125.336 {heap Before GC invocations=141 (full 0):
 garbage-first heap   total reserved 4194304K, committed 1490944K, used 1413031K [0x0000000700000000, 0x0000000800000000)
  region size 2048K, 386 young (790528K), 30 survivors (61440K)
}
Event: 125.379 {heap After GC invocations=142 (full 0):
 garbage-first heap   total reserved 4194304K, committed 1490944K, used 694810K [0x0000000700000000, 0x0000000800000000)
  region size 2048K, 21 young (43008K), 21 survivors (43008K)
}
Event: 125.912 {heap Before GC invocations=142 (full 0):
 garbage-first heap   total reserved 4194304K, committed 1490944K, used 1413658K [0x0000000700000000, 0x0000000800000000)
  region size 2048K, 372 young (761856K), 21 survivors (43008K)
}

Metaspace Usage History (20 events):
Event: 114.974 {metaspace After GC invocations=130 (full 0):
 Metaspace       used 206933K, committed 212736K, reserved 1245184K
  class space    used 28916K, committed 30720K, reserved 1048576K
}
Event: 115.812 {metaspace Before GC invocations=130 (full 0):
 Metaspace       used 206933K, committed 212736K, reserved 1245184K
  class space    used 28916K, committed 30720K, reserved 1048576K
}
Event: 115.828 {metaspace After GC invocations=131 (full 0):
 Metaspace       used 206933K, committed 212736K, reserved 1245184K
  class space    used 28916K, committed 30720K, reserved 1048576K
}
Event: 117.806 {metaspace Before GC invocations=131 (full 0):
 Metaspace       used 206939K, committed 212800K, reserved 1245184K
  class space    used 28917K, committed 30720K, reserved 1048576K
}
Event: 117.824 {metaspace After GC invocations=132 (full 0):
 Metaspace       used 206939K, committed 212800K, reserved 1245184K
  class space    used 28917K, committed 30720K, reserved 1048576K
}
Event: 119.807 {metaspace Before GC invocations=133 (full 0):
 Metaspace       used 206954K, committed 212800K, reserved 1245184K
  class space    used 28917K, committed 30720K, reserved 1048576K
}
Event: 119.818 {metaspace After GC invocations=134 (full 0):
 Metaspace       used 206954K, committed 212800K, reserved 1245184K
  class space    used 28917K, committed 30720K, reserved 1048576K
}
Event: 120.521 {metaspace Before GC invocations=134 (full 0):
 Metaspace       used 206968K, committed 212800K, reserved 1245184K
  class space    used 28919K, committed 30720K, reserved 1048576K
}
Event: 120.574 {metaspace After GC invocations=135 (full 0):
 Metaspace       used 206968K, committed 212800K, reserved 1245184K
  class space    used 28919K, committed 30720K, reserved 1048576K
}
Event: 121.492 {metaspace Before GC invocations=135 (full 0):
 Metaspace       used 206992K, committed 212800K, reserved 1245184K
  class space    used 28919K, committed 30720K, reserved 1048576K
}
Event: 121.566 {metaspace After GC invocations=136 (full 0):
 Metaspace       used 206992K, committed 212800K, reserved 1245184K
  class space    used 28919K, committed 30720K, reserved 1048576K
}
Event: 122.647 {metaspace Before GC invocations=137 (full 0):
 Metaspace       used 207010K, committed 212800K, reserved 1245184K
  class space    used 28919K, committed 30720K, reserved 1048576K
}
Event: 122.692 {metaspace After GC invocations=138 (full 0):
 Metaspace       used 207010K, committed 212800K, reserved 1245184K
  class space    used 28919K, committed 30720K, reserved 1048576K
}
Event: 123.334 {metaspace Before GC invocations=138 (full 0):
 Metaspace       used 207028K, committed 212800K, reserved 1245184K
  class space    used 28919K, committed 30720K, reserved 1048576K
}
Event: 123.399 {metaspace After GC invocations=139 (full 0):
 Metaspace       used 207028K, committed 212800K, reserved 1245184K
  class space    used 28919K, committed 30720K, reserved 1048576K
}
Event: 124.191 {metaspace Before GC invocations=139 (full 0):
 Metaspace       used 207033K, committed 212800K, reserved 1245184K
  class space    used 28919K, committed 30720K, reserved 1048576K
}
Event: 124.237 {metaspace After GC invocations=140 (full 0):
 Metaspace       used 207033K, committed 212800K, reserved 1245184K
  class space    used 28919K, committed 30720K, reserved 1048576K
}
Event: 125.336 {metaspace Before GC invocations=141 (full 0):
 Metaspace       used 207042K, committed 212800K, reserved 1245184K
  class space    used 28921K, committed 30720K, reserved 1048576K
}
Event: 125.379 {metaspace After GC invocations=142 (full 0):
 Metaspace       used 207042K, committed 212800K, reserved 1245184K
  class space    used 28921K, committed 30720K, reserved 1048576K
}
Event: 125.912 {metaspace Before GC invocations=142 (full 0):
 Metaspace       used 207045K, committed 212800K, reserved 1245184K
  class space    used 28921K, committed 30720K, reserved 1048576K
}

Dll operation events (4 events):
Event: 0.025 Loaded shared library C:\Program Files\Android\Android Studio\jbr\bin\java.dll
Event: 0.033 Loaded shared library C:\Program Files\Android\Android Studio\jbr\bin\zip.dll
Event: 1.120 Loaded shared library C:\Program Files\Android\Android Studio\jbr\bin\verify.dll
Event: 109.860 Unloaded dll "C:\Users\conne\AppData\Local\Temp\sqlite-3.41.2.2-fea31c55-bf9b-4f6c-98bb-220060f13599-sqlitejdbc.dll" [0x00007ff8569d0000]

Deoptimization events (20 events):
Event: 125.821 Thread 0x00000265e6045410 DEOPT PACKING pc=0x00000265bf42e323 sp=0x0000007dad1f6be0
Event: 125.821 Thread 0x00000265e6045410 DEOPT UNPACKING pc=0x00000265c5bb1702 sp=0x0000007dad1f6308 mode 0
Event: 125.824 Thread 0x00000265e0b62fb0 DEOPT PACKING pc=0x00000265bf42f8c5 sp=0x0000007dab9f9900
Event: 125.824 Thread 0x00000265e0b62fb0 DEOPT UNPACKING pc=0x00000265c5bb1702 sp=0x0000007dab9f9020 mode 0
Event: 125.833 Thread 0x00000265e0b62fb0 DEOPT PACKING pc=0x00000265bf42f8c5 sp=0x0000007dab9f9900
Event: 125.833 Thread 0x00000265e0b62fb0 DEOPT UNPACKING pc=0x00000265c5bb1702 sp=0x0000007dab9f9020 mode 0
Event: 125.840 Thread 0x00000265e6045410 DEOPT PACKING pc=0x00000265bf42f8eb sp=0x0000007dad1f6be0
Event: 125.840 Thread 0x00000265e6045410 DEOPT UNPACKING pc=0x00000265c5bb1702 sp=0x0000007dad1f6300 mode 0
Event: 125.851 Thread 0x00000265e0b62fb0 DEOPT PACKING pc=0x00000265bf910203 sp=0x0000007dab9f9d30
Event: 125.851 Thread 0x00000265e0b62fb0 DEOPT UNPACKING pc=0x00000265c5bb1702 sp=0x0000007dab9f9578 mode 0
Event: 125.873 Thread 0x00000265e0b62fb0 DEOPT PACKING pc=0x00000265bf42f8c5 sp=0x0000007dab9f9c70
Event: 125.873 Thread 0x00000265e0b62fb0 DEOPT UNPACKING pc=0x00000265c5bb1702 sp=0x0000007dab9f9390 mode 0
Event: 125.881 Thread 0x00000265e0b65e90 DEOPT PACKING pc=0x00000265bf42fa1a sp=0x0000007dab8f9df0
Event: 125.881 Thread 0x00000265e0b65e90 DEOPT UNPACKING pc=0x00000265c5bb1702 sp=0x0000007dab8f9510 mode 0
Event: 125.894 Thread 0x00000265e0b656c0 DEOPT PACKING pc=0x00000265bf42f8c5 sp=0x0000007dab6f9e70
Event: 125.894 Thread 0x00000265e0b656c0 DEOPT UNPACKING pc=0x00000265c5bb1702 sp=0x0000007dab6f9590 mode 0
Event: 125.897 Thread 0x00000265e0b62fb0 DEOPT PACKING pc=0x00000265bf910203 sp=0x0000007dab9f9d30
Event: 125.897 Thread 0x00000265e0b62fb0 DEOPT UNPACKING pc=0x00000265c5bb1702 sp=0x0000007dab9f9578 mode 0
Event: 125.902 Thread 0x00000265e0b62fb0 DEOPT PACKING pc=0x00000265bf42f8c5 sp=0x0000007dab9f9c70
Event: 125.902 Thread 0x00000265e0b62fb0 DEOPT UNPACKING pc=0x00000265c5bb1702 sp=0x0000007dab9f9390 mode 0

Classes loaded (20 events):
Event: 96.162 Loading class java/util/concurrent/locks/ReentrantReadWriteLock$Sync$HoldCounter
Event: 96.163 Loading class java/util/concurrent/locks/ReentrantReadWriteLock$Sync$HoldCounter done
Event: 98.951 Loading class java/util/Collections$UnmodifiableList$1
Event: 98.951 Loading class java/util/Collections$UnmodifiableList$1 done
Event: 99.347 Loading class java/text/FieldPosition$Delegate
Event: 99.347 Loading class java/text/FieldPosition$Delegate done
Event: 101.689 Loading class java/lang/reflect/InaccessibleObjectException
Event: 101.689 Loading class java/lang/reflect/InaccessibleObjectException done
Event: 101.746 Loading class sun/misc/VM
Event: 101.746 Loading class sun/misc/VM done
Event: 103.193 Loading class sun/nio/fs/WindowsSecurity$Privilege
Event: 103.193 Loading class sun/nio/fs/WindowsSecurity$Privilege done
Event: 103.304 Loading class java/lang/Throwable$WrappedPrintStream
Event: 103.306 Loading class java/lang/Throwable$PrintStreamOrWriter
Event: 103.306 Loading class java/lang/Throwable$PrintStreamOrWriter done
Event: 103.306 Loading class java/lang/Throwable$WrappedPrintStream done
Event: 115.991 Loading class java/util/concurrent/locks/AbstractQueuedLongSynchronizer$ExclusiveNode
Event: 115.992 Loading class java/util/concurrent/locks/AbstractQueuedLongSynchronizer$Node
Event: 115.992 Loading class java/util/concurrent/locks/AbstractQueuedLongSynchronizer$Node done
Event: 115.992 Loading class java/util/concurrent/locks/AbstractQueuedLongSynchronizer$ExclusiveNode done

Classes unloaded (20 events):
Event: 109.597 Thread 0x00000265d349bac0 Unloading class 0x0000000092b629a0 'androidx/room/compiler/processing/ksp/KspProcessingEnv$jvmVersion$2'
Event: 109.597 Thread 0x00000265d349bac0 Unloading class 0x0000000092b624e0 'androidx/room/compiler/processing/XProcessingEnv$Platform'
Event: 109.597 Thread 0x00000265d349bac0 Unloading class 0x0000000092b62258 'androidx/room/compiler/processing/ksp/KspProcessingEnv$jvmPlatformInfo$2'
Event: 109.597 Thread 0x00000265d349bac0 Unloading class 0x0000000092b61d98 'androidx/room/compiler/processing/XProcessingEnv$Backend'
Event: 109.597 Thread 0x00000265d349bac0 Unloading class 0x0000000092b61b50 'androidx/room/compiler/processing/XProcessingEnv$Companion'
Event: 109.597 Thread 0x00000265d349bac0 Unloading class 0x0000000092b61778 'androidx/room/compiler/processing/ksp/KspProcessingEnv'
Event: 109.597 Thread 0x00000265d349bac0 Unloading class 0x0000000092b61538 'androidx/room/compiler/processing/XProcessingEnv'
Event: 109.597 Thread 0x00000265d349bac0 Unloading class 0x0000000092b612b0 'androidx/room/compiler/processing/ksp/KspBasicAnnotationProcessor$DelegateLogger'
Event: 109.597 Thread 0x00000265d349bac0 Unloading class 0x0000000092b60df0 'androidx/room/processor/Context$BooleanProcessorOptions'
Event: 109.597 Thread 0x00000265d349bac0 Unloading class 0x0000000092b60ba0 'androidx/room/compiler/processing/XProcessingEnvConfig$Builder'
Event: 109.597 Thread 0x00000265d349bac0 Unloading class 0x0000000092b60958 'androidx/room/compiler/processing/XProcessingEnvConfig$Companion'
Event: 109.597 Thread 0x00000265d349bac0 Unloading class 0x0000000092b60710 'androidx/room/compiler/processing/XProcessingEnvConfig'
Event: 109.597 Thread 0x00000265d349bac0 Unloading class 0x0000000092b604c8 'androidx/room/DatabaseProcessingStep$Companion'
Event: 109.597 Thread 0x00000265d349bac0 Unloading class 0x0000000092b60240 'androidx/room/DatabaseProcessingStep'
Event: 109.597 Thread 0x00000265d349bac0 Unloading class 0x0000000092b60000 'androidx/room/compiler/processing/XProcessingStep'
Event: 109.597 Thread 0x00000265d349bac0 Unloading class 0x0000000092b48400 'androidx/room/RoomKspProcessor'
Event: 109.597 Thread 0x00000265d349bac0 Unloading class 0x00000000922814a0 'androidx/room/compiler/processing/ksp/KspBasicAnnotationProcessor'
Event: 109.597 Thread 0x00000265d349bac0 Unloading class 0x0000000092281260 'androidx/room/compiler/processing/XBasicAnnotationProcessor'
Event: 109.597 Thread 0x00000265d349bac0 Unloading class 0x0000000092281000 'com/squareup/moshi/kotlin/codegen/ksp/JsonClassSymbolProcessorProvider'
Event: 109.597 Thread 0x00000265d349bac0 Unloading class 0x0000000092280400 'androidx/room/RoomKspProcessor$Provider'

Classes redefined (0 events):
No events

Internal exceptions (20 events):
Event: 123.046 Thread 0x00000265e0b65e90 Exception <a 'sun/nio/fs/WindowsException'{0x000000073fd2f5e0}> (0x000000073fd2f5e0) 
thrown [s\src\hotspot\share\prims\jni.cpp, line 535]
Event: 123.052 Thread 0x00000265e0b65e90 Exception <a 'sun/nio/fs/WindowsException'{0x000000073fd36618}> (0x000000073fd36618) 
thrown [s\src\hotspot\share\prims\jni.cpp, line 535]
Event: 123.053 Thread 0x00000265e0b65e90 Exception <a 'sun/nio/fs/WindowsException'{0x000000073fd37780}> (0x000000073fd37780) 
thrown [s\src\hotspot\share\prims\jni.cpp, line 535]
Event: 123.589 Thread 0x00000265e0b65e90 Exception <a 'sun/nio/fs/WindowsException'{0x00000007517b18b8}> (0x00000007517b18b8) 
thrown [s\src\hotspot\share\prims\jni.cpp, line 535]
Event: 123.605 Thread 0x00000265e0b65e90 Exception <a 'sun/nio/fs/WindowsException'{0x000000074ff95a80}> (0x000000074ff95a80) 
thrown [s\src\hotspot\share\prims\jni.cpp, line 535]
Event: 123.682 Thread 0x00000265dd4c9bb0 Exception <a 'sun/nio/fs/WindowsException'{0x000000074c1a7178}> (0x000000074c1a7178) 
thrown [s\src\hotspot\share\prims\jni.cpp, line 535]
Event: 123.697 Thread 0x00000265e0b65e90 Exception <a 'sun/nio/fs/WindowsException'{0x000000074b6f9560}> (0x000000074b6f9560) 
thrown [s\src\hotspot\share\prims\jni.cpp, line 535]
Event: 123.706 Thread 0x00000265e0b65e90 Exception <a 'sun/nio/fs/WindowsException'{0x000000074b703c80}> (0x000000074b703c80) 
thrown [s\src\hotspot\share\prims\jni.cpp, line 535]
Event: 123.707 Thread 0x00000265e0b65e90 Exception <a 'sun/nio/fs/WindowsException'{0x000000074b704b00}> (0x000000074b704b00) 
thrown [s\src\hotspot\share\prims\jni.cpp, line 535]
Event: 123.707 Thread 0x00000265e0b65e90 Exception <a 'sun/nio/fs/WindowsException'{0x000000074b7064c0}> (0x000000074b7064c0) 
thrown [s\src\hotspot\share\prims\jni.cpp, line 535]
Event: 123.715 Thread 0x00000265e0b65e90 Exception <a 'sun/nio/fs/WindowsException'{0x000000074a99b040}> (0x000000074a99b040) 
thrown [s\src\hotspot\share\prims\jni.cpp, line 535]
Event: 123.727 Thread 0x00000265e0b65e90 Exception <a 'sun/nio/fs/WindowsException'{0x000000074a19b520}> (0x000000074a19b520) 
thrown [s\src\hotspot\share\prims\jni.cpp, line 535]
Event: 123.728 Thread 0x00000265e0b65e90 Exception <a 'sun/nio/fs/WindowsException'{0x000000074a1a1828}> (0x000000074a1a1828) 
thrown [s\src\hotspot\share\prims\jni.cpp, line 535]
Event: 123.734 Thread 0x00000265e0b65e90 Exception <a 'sun/nio/fs/WindowsException'{0x000000074a1a9408}> (0x000000074a1a9408) 
thrown [s\src\hotspot\share\prims\jni.cpp, line 535]
Event: 123.735 Thread 0x00000265e0b65e90 Exception <a 'sun/nio/fs/WindowsException'{0x000000074a1acbe8}> (0x000000074a1acbe8) 
thrown [s\src\hotspot\share\prims\jni.cpp, line 535]
Event: 123.735 Thread 0x00000265e0b65e90 Exception <a 'sun/nio/fs/WindowsException'{0x000000074a1ada50}> (0x000000074a1ada50) 
thrown [s\src\hotspot\share\prims\jni.cpp, line 535]
Event: 123.736 Thread 0x00000265e0b65e90 Exception <a 'sun/nio/fs/WindowsException'{0x000000074a1aeae0}> (0x000000074a1aeae0) 
thrown [s\src\hotspot\share\prims\jni.cpp, line 535]
Event: 123.736 Thread 0x00000265e0b65e90 Exception <a 'sun/nio/fs/WindowsException'{0x000000074a1afde0}> (0x000000074a1afde0) 
thrown [s\src\hotspot\share\prims\jni.cpp, line 535]
Event: 123.740 Thread 0x00000265e0b65e90 Exception <a 'sun/nio/fs/WindowsException'{0x000000074a1b6fb0}> (0x000000074a1b6fb0) 
thrown [s\src\hotspot\share\prims\jni.cpp, line 535]
Event: 123.740 Thread 0x00000265e0b65e90 Exception <a 'sun/nio/fs/WindowsException'{0x000000074a1b8118}> (0x000000074a1b8118) 
thrown [s\src\hotspot\share\prims\jni.cpp, line 535]

VM Operations (20 events):
Event: 120.578 Executing non-safepoint VM operation: RendezvousGCThreads done
Event: 121.491 Executing safepoint VM operation: G1CollectForAllocation (G1 Evacuation Pause)
Event: 121.566 Executing safepoint VM operation: G1CollectForAllocation (G1 Evacuation Pause) done
Event: 122.016 Executing safepoint VM operation: G1PauseRemark
Event: 122.032 Executing safepoint VM operation: G1PauseRemark done
Event: 122.146 Executing safepoint VM operation: G1PauseCleanup
Event: 122.146 Executing safepoint VM operation: G1PauseCleanup done
Event: 122.647 Executing safepoint VM operation: G1CollectForAllocation (G1 Evacuation Pause)
Event: 122.692 Executing safepoint VM operation: G1CollectForAllocation (G1 Evacuation Pause) done
Event: 123.323 Executing safepoint VM operation: G1CollectForAllocation (G1 Evacuation Pause)
Event: 123.399 Executing safepoint VM operation: G1CollectForAllocation (G1 Evacuation Pause) done
Event: 124.190 Executing safepoint VM operation: G1CollectForAllocation (G1 Evacuation Pause)
Event: 124.237 Executing safepoint VM operation: G1CollectForAllocation (G1 Evacuation Pause) done
Event: 124.966 Executing safepoint VM operation: G1PauseRemark
Event: 125.015 Executing safepoint VM operation: G1PauseRemark done
Event: 125.162 Executing safepoint VM operation: G1PauseCleanup
Event: 125.163 Executing safepoint VM operation: G1PauseCleanup done
Event: 125.336 Executing safepoint VM operation: G1CollectForAllocation (G1 Evacuation Pause)
Event: 125.379 Executing safepoint VM operation: G1CollectForAllocation (G1 Evacuation Pause) done
Event: 125.912 Executing safepoint VM operation: G1CollectForAllocation (G1 Evacuation Pause)

Memory protections (0 events):
No events

Nmethod flushes (20 events):
Event: 125.010 Thread 0x00000265d349bac0 flushing  nmethod 0x00000265c693a188
Event: 125.010 Thread 0x00000265d349bac0 flushing  nmethod 0x00000265c73d2088
Event: 125.010 Thread 0x00000265d349bac0 flushing  nmethod 0x00000265c73e1f88
Event: 125.010 Thread 0x00000265d349bac0 flushing  nmethod 0x00000265bfff2b88
Event: 125.010 Thread 0x00000265d349bac0 flushing  nmethod 0x00000265c6e5d888
Event: 125.010 Thread 0x00000265d349bac0 flushing  nmethod 0x00000265c6fb5088
Event: 125.010 Thread 0x00000265d349bac0 flushing  nmethod 0x00000265be974608
Event: 125.010 Thread 0x00000265d349bac0 flushing  nmethod 0x00000265be9b1a88
Event: 125.010 Thread 0x00000265d349bac0 flushing  nmethod 0x00000265be9b2208
Event: 125.010 Thread 0x00000265d349bac0 flushing  nmethod 0x00000265c0412f88
Event: 125.010 Thread 0x00000265d349bac0 flushing  nmethod 0x00000265c6a71e88
Event: 125.010 Thread 0x00000265d349bac0 flushing  nmethod 0x00000265c03fa408
Event: 125.010 Thread 0x00000265d349bac0 flushing osr nmethod 0x00000265c6a5c688
Event: 125.010 Thread 0x00000265d349bac0 flushing  nmethod 0x00000265beebe988
Event: 125.010 Thread 0x00000265d349bac0 flushing  nmethod 0x00000265bf36fb08
Event: 125.010 Thread 0x00000265d349bac0 flushing  nmethod 0x00000265c6396e88
Event: 125.010 Thread 0x00000265d349bac0 flushing  nmethod 0x00000265c6431008
Event: 125.010 Thread 0x00000265d349bac0 flushing  nmethod 0x00000265c7076d08
Event: 125.011 Thread 0x00000265d349bac0 flushing  nmethod 0x00000265bef94688
Event: 125.011 Thread 0x00000265d349bac0 flushing  nmethod 0x00000265c005f408

Events (20 events):
Event: 85.463 Thread 0x00000265e9a1cb80 Thread exited: 0x00000265e9a1cb80
Event: 92.110 Loaded shared library C:\Users\conne\AppData\Local\Temp\sqlite-3.41.2.2-fea31c55-bf9b-4f6c-98bb-220060f13599-sqlitejdbc.dll
Event: 101.891 Thread 0x00000265e08c20c0 Thread exited: 0x00000265e08c20c0
Event: 102.264 Thread 0x00000265e08bb7f0 Thread exited: 0x00000265e08bb7f0
Event: 103.296 Thread 0x00000265decb0730 Thread added: 0x00000265fa87f160
Event: 103.297 Thread 0x00000265decb0730 Thread added: 0x00000265fa882040
Event: 104.326 Thread 0x00000265fa87f160 Thread exited: 0x00000265fa87f160
Event: 104.326 Thread 0x00000265fa882040 Thread exited: 0x00000265fa882040
Event: 105.010 Thread 0x00000265db40ab00 Thread exited: 0x00000265db40ab00
Event: 107.573 Thread 0x00000265db409ae0 Thread exited: 0x00000265db409ae0
Event: 111.115 Thread 0x00000265dd3b3fe0 Thread added: 0x00000265f7fbe100
Event: 111.250 Thread 0x00000265dd3b3fe0 Thread added: 0x00000265eb2da7c0
Event: 111.298 Thread 0x00000265dd3b3fe0 Thread added: 0x00000265e991cff0
Event: 113.541 Thread 0x00000265dd3b3fe0 Thread added: 0x00000265e991f700
Event: 113.598 Thread 0x00000265dd3b3fe0 Thread added: 0x00000265e991e760
Event: 113.608 Thread 0x00000265dd3b3fe0 Thread added: 0x00000265e99206a0
Event: 115.120 Thread 0x00000265db4092d0 Thread exited: 0x00000265db4092d0
Event: 115.120 Thread 0x00000265db405250 Thread exited: 0x00000265db405250
Event: 117.574 Thread 0x00000265e9a0ea30 Thread added: 0x00000265eb2d9820
Event: 118.634 Thread 0x00000265eb2d9820 Thread exited: 0x00000265eb2d9820


Dynamic libraries:
0x00007ff7bc210000 - 0x00007ff7bc21a000 	C:\Program Files\Android\Android Studio\jbr\bin\java.exe
0x00007ff8bf8a0000 - 0x00007ff8bfb06000 	C:\Windows\SYSTEM32\ntdll.dll
0x00007ff8bdb40000 - 0x00007ff8bdc09000 	C:\Windows\System32\KERNEL32.DLL
0x00007ff8bcba0000 - 0x00007ff8bcf9f000 	C:\Windows\System32\KERNELBASE.dll
0x00007ff8bd300000 - 0x00007ff8bd44c000 	C:\Windows\System32\ucrtbase.dll
0x00007ff87c940000 - 0x00007ff87c956000 	C:\Program Files\Android\Android Studio\jbr\bin\jli.dll
0x00007ff874e40000 - 0x00007ff874e5b000 	C:\Program Files\Android\Android Studio\jbr\bin\VCRUNTIME140.dll
0x00007ff8bee90000 - 0x00007ff8bf056000 	C:\Windows\System32\USER32.dll
0x00007ff8a1040000 - 0x00007ff8a12d1000 	C:\Windows\WinSxS\amd64_microsoft.windows.common-controls_6595b64144ccf1df_6.0.26100.8972_none_3e0da176e32f9d4b\COMCTL32.dll
0x00007ff8bcab0000 - 0x00007ff8bcad7000 	C:\Windows\System32\win32u.dll
0x00007ff8bd960000 - 0x00007ff8bda09000 	C:\Windows\System32\msvcrt.dll
0x00007ff8bda10000 - 0x00007ff8bda3b000 	C:\Windows\System32\GDI32.dll
0x00007ff8bd140000 - 0x00007ff8bd269000 	C:\Windows\System32\gdi32full.dll
0x00007ff8bd520000 - 0x00007ff8bd5c3000 	C:\Windows\System32\msvcp_win.dll
0x00007ff8bd920000 - 0x00007ff8bd952000 	C:\Windows\System32\IMM32.DLL
0x00007ff88fc70000 - 0x00007ff88fd62000 	C:\Program Files\Windhawk\Engine\1.7.3\64\windhawk.dll
0x00007ff8bd7d0000 - 0x00007ff8bd88c000 	C:\Windows\System32\ADVAPI32.dll
0x00007ff8bdca0000 - 0x00007ff8bdd4a000 	C:\Windows\System32\sechost.dll
0x00007ff8bf420000 - 0x00007ff8bf538000 	C:\Windows\System32\RPCRT4.dll
0x00007ff8a31f0000 - 0x00007ff8a31fc000 	C:\Program Files\Android\Android Studio\jbr\bin\vcruntime140_1.dll
0x00007ff85e400000 - 0x00007ff85e48d000 	C:\Program Files\Android\Android Studio\jbr\bin\msvcp140.dll
0x00007ff80b2d0000 - 0x00007ff80c1aa000 	C:\Program Files\Android\Android Studio\jbr\bin\server\jvm.dll
0x00007ff8bdef0000 - 0x00007ff8bdf72000 	C:\Windows\System32\WS2_32.dll
0x00007ff8bc910000 - 0x00007ff8bc96e000 	C:\Windows\SYSTEM32\POWRPROF.dll
0x00007ff8b9260000 - 0x00007ff8b9296000 	C:\Windows\SYSTEM32\WINMM.dll
0x00007ff8a6120000 - 0x00007ff8a612b000 	C:\Windows\SYSTEM32\VERSION.dll
0x00007ff8bc8f0000 - 0x00007ff8bc905000 	C:\Windows\SYSTEM32\UMPDC.dll
0x00007ff8bb770000 - 0x00007ff8bb78b000 	C:\Windows\SYSTEM32\kernel.appcore.dll
0x00007ff894520000 - 0x00007ff89452a000 	C:\Program Files\Android\Android Studio\jbr\bin\jimage.dll
0x00007ff8ba0e0000 - 0x00007ff8ba322000 	C:\Windows\SYSTEM32\DBGHELP.DLL
0x00007ff8bf080000 - 0x00007ff8bf405000 	C:\Windows\System32\combase.dll
0x00007ff8be5b0000 - 0x00007ff8be689000 	C:\Windows\System32\OLEAUT32.dll
0x00007ff89b370000 - 0x00007ff89b3ab000 	C:\Windows\SYSTEM32\dbgcore.DLL
0x00007ff8bd460000 - 0x00007ff8bd50c000 	C:\Windows\System32\bcryptPrimitives.dll
0x00007ff8947c0000 - 0x00007ff8947ce000 	C:\Program Files\Android\Android Studio\jbr\bin\instrument.dll
0x00007ff874d30000 - 0x00007ff874d4f000 	C:\Program Files\Android\Android Studio\jbr\bin\java.dll
0x00007ff8bdd50000 - 0x00007ff8bdee9000 	C:\Windows\System32\ole32.dll
0x00007ff8be700000 - 0x00007ff8bee88000 	C:\Windows\System32\SHELL32.dll
0x00007ff8712c0000 - 0x00007ff8712d7000 	C:\Program Files\Android\Android Studio\jbr\bin\zip.dll
0x00007ff8ba520000 - 0x00007ff8badbb000 	C:\Windows\SYSTEM32\windows.storage.dll
0x00007ff8bdf80000 - 0x00007ff8be079000 	C:\Windows\System32\SHCORE.dll
0x00007ff8be690000 - 0x00007ff8be6f6000 	C:\Windows\System32\shlwapi.dll
0x00007ff8bc9d0000 - 0x00007ff8bc9f9000 	C:\Windows\SYSTEM32\profapi.dll
0x00007ff889ee0000 - 0x00007ff889ef0000 	C:\Program Files\Android\Android Studio\jbr\bin\net.dll
0x00007ff8bbd10000 - 0x00007ff8bbd7c000 	C:\Windows\system32\mswsock.dll
0x00007ff86ffe0000 - 0x00007ff86fff6000 	C:\Program Files\Android\Android Studio\jbr\bin\nio.dll
0x00007ff89c200000 - 0x00007ff89c210000 	C:\Program Files\Android\Android Studio\jbr\bin\verify.dll
0x00007ff88a2e0000 - 0x00007ff88a307000 	C:\Users\conne\.gradle\native\660c5614fbf4a5f2a75b1949f50a0caf5cd603558e7d8a26e50b933a0cfb79d1\windows-amd64\native-platform.dll
0x00007ff846bd0000 - 0x00007ff846c47000 	C:\Users\conne\.gradle\native\0.2.8\x86_64-windows-gnu\gradle-fileevents.dll
0x00007ff884fb0000 - 0x00007ff884fb9000 	C:\Program Files\Android\Android Studio\jbr\bin\management.dll
0x00007ff884eb0000 - 0x00007ff884ebb000 	C:\Program Files\Android\Android Studio\jbr\bin\management_ext.dll
0x00007ff8bf060000 - 0x00007ff8bf068000 	C:\Windows\System32\PSAPI.DLL
0x00007ff8bb1d0000 - 0x00007ff8bb203000 	C:\Windows\SYSTEM32\IPHLPAPI.DLL
0x00007ff8bf070000 - 0x00007ff8bf07a000 	C:\Windows\System32\NSI.dll
0x00007ff884660000 - 0x00007ff884669000 	C:\Program Files\Android\Android Studio\jbr\bin\extnet.dll
0x00007ff8bc040000 - 0x00007ff8bc05b000 	C:\Windows\SYSTEM32\CRYPTSP.dll
0x00007ff8bb6d0000 - 0x00007ff8bb709000 	C:\Windows\system32\rsaenh.dll
0x00007ff8bbdc0000 - 0x00007ff8bbdf2000 	C:\Windows\SYSTEM32\USERENV.dll
0x00007ff8bc9a0000 - 0x00007ff8bc9ca000 	C:\Windows\SYSTEM32\bcrypt.dll
0x00007ff8bc020000 - 0x00007ff8bc02c000 	C:\Windows\SYSTEM32\CRYPTBASE.dll
0x00007ff88ac00000 - 0x00007ff88ac08000 	C:\Windows\system32\wshunix.dll
0x00007ff847020000 - 0x00007ff8471aa000 	C:\Program Files\Android\Android Studio\jbr\bin\awt.dll
0x00007ff887740000 - 0x00007ff8877b5000 	C:\Windows\SYSTEM32\OLEACC.dll
0x00007ff8b9920000 - 0x00007ff8b994f000 	C:\Windows\SYSTEM32\dwmapi.dll
0x00007ff866960000 - 0x00007ff8669a3000 	C:\Program Files\Android\Android Studio\jbr\bin\nvdaControllerClient.dll
0x00007ff8b8a80000 - 0x00007ff8b8b1f000 	C:\Windows\SYSTEM32\apphelp.dll
0x00007ff8b97a0000 - 0x00007ff8b9848000 	C:\Windows\system32\uxtheme.dll
0x00007ff8bd5d0000 - 0x00007ff8bd72d000 	C:\Windows\System32\MSCTF.dll
0x00007ff8bb8a0000 - 0x00007ff8bb8d6000 	C:\Windows\SYSTEM32\ntmarta.dll

JVMTI agents:
C:\Users\conne\.gradle\wrapper\dists\gradle-9.3.1-bin\23ovyewtku6u96viwx3xl3oks\gradle-9.3.1\lib\agents\gradle-instrumentation-agent-9.3.1.jar path:C:\Program Files\Android\Android Studio\jbr\bin\instrument.dll, loaded, initialized, instrumentlib options:none

dbghelp: loaded successfully - version: 4.0.5 - missing functions: none
symbol engine: initialized successfully - sym options: 0x614 - pdb path: .;C:\Program Files\Android\Android Studio\jbr\bin;C:\Windows\SYSTEM32;C:\Windows\WinSxS\amd64_microsoft.windows.common-controls_6595b64144ccf1df_6.0.26100.8972_none_3e0da176e32f9d4b;C:\Program Files\Windhawk\Engine\1.7.3\64;C:\Program Files\Android\Android Studio\jbr\bin\server;C:\Users\conne\.gradle\native\660c5614fbf4a5f2a75b1949f50a0caf5cd603558e7d8a26e50b933a0cfb79d1\windows-amd64;C:\Users\conne\.gradle\native\0.2.8\x86_64-windows-gnu;C:\Users\conne\AppData\Local\Temp

VM Arguments:
jvm_args: --add-opens=java.base/java.lang=ALL-UNNAMED --add-opens=java.base/java.lang.invoke=ALL-UNNAMED --add-opens=java.base/java.util=ALL-UNNAMED --add-opens=java.prefs/java.util.prefs=ALL-UNNAMED --add-exports=jdk.compiler/com.sun.tools.javac.api=ALL-UNNAMED --add-exports=jdk.compiler/com.sun.tools.javac.util=ALL-UNNAMED --add-opens=java.base/java.util=ALL-UNNAMED --add-opens=java.prefs/java.util.prefs=ALL-UNNAMED --add-opens=java.base/java.nio.charset=ALL-UNNAMED --add-opens=java.base/java.net=ALL-UNNAMED --add-opens=java.base/java.util.concurrent=ALL-UNNAMED --add-opens=java.base/java.util.concurrent.atomic=ALL-UNNAMED --add-opens=java.xml/javax.xml.namespace=ALL-UNNAMED --add-opens=java.base/java.time=ALL-UNNAMED --enable-native-access=ALL-UNNAMED -Xmx4g -Dfile.encoding=UTF-8 -Duser.country=IN -Duser.language=en -Duser.variant -javaagent:C:\Users\conne\.gradle\wrapper\dists\gradle-9.3.1-bin\23ovyewtku6u96viwx3xl3oks\gradle-9.3.1\lib\agents\gradle-instrumentation-agent-9.3.1.jar 
java_command: org.gradle.launcher.daemon.bootstrap.GradleDaemon 9.3.1
java_class_path (initial): C:\Users\conne\.gradle\wrapper\dists\gradle-9.3.1-bin\23ovyewtku6u96viwx3xl3oks\gradle-9.3.1\lib\gradle-daemon-main-9.3.1.jar
Launcher Type: SUN_STANDARD

[Global flags]
     intx CICompilerCount                          = 12                                        {product} {ergonomic}
     uint ConcGCThreads                            = 4                                         {product} {ergonomic}
     uint G1ConcRefinementThreads                  = 14                                        {product} {ergonomic}
   size_t G1HeapRegionSize                         = 2097152                                   {product} {ergonomic}
   size_t InitialHeapSize                          = 260046848                                 {product} {ergonomic}
   size_t MarkStackSize                            = 4194304                                   {product} {ergonomic}
   size_t MarkStackSizeMax                         = 536870912                                 {product} {ergonomic}
   size_t MaxHeapSize                              = 4294967296                                {product} {command line}
   size_t MaxNewSize                               = 2575302656                                {product} {ergonomic}
   size_t MinHeapDeltaBytes                        = 2097152                                   {product} {ergonomic}
   size_t MinHeapSize                              = 8388608                                   {product} {ergonomic}
    uintx NonNMethodCodeHeapSize                   = 7602176                                {pd product} {ergonomic}
    uintx NonProfiledCodeHeapSize                  = 122093568                              {pd product} {ergonomic}
    uintx ProfiledCodeHeapSize                     = 121962496                              {pd product} {ergonomic}
    uintx ReservedCodeCacheSize                    = 251658240                              {pd product} {ergonomic}
     bool SegmentedCodeCache                       = true                                      {product} {ergonomic}
   size_t SoftMaxHeapSize                          = 4294967296                             {manageable} {ergonomic}
     bool UseCompressedOops                        = true                           {product lp64_product} {ergonomic}
     bool UseG1GC                                  = true                                      {product} {ergonomic}
     bool UseLargePagesIndividualAllocation        = false                                  {pd product} {ergonomic}

Logging:
Log output configuration:
 #0: stdout all=warning uptime,level,tags foldmultilines=false
 #1: stderr all=off uptime,level,tags foldmultilines=false

Release file:
JAVA_VERSION="25.0.2" 
MODULES="java.base java.compiler java.datatransfer java.xml java.prefs java.desktop java.instrument java.logging java.management java.security.sasl java.naming java.rmi java.management.rmi java.net.http java.scripting java.security.jgss java.transaction.xa java.sql java.sql.rowset java.xml.crypto java.se java.smartcardio jdk.accessibility jdk.internal.jvmstat jdk.attach jdk.charsets jdk.internal.opt jdk.zipfs jdk.compiler jdk.crypto.cryptoki jdk.crypto.ec jdk.dynalink jdk.hotspot.agent jdk.httpserver jdk.internal.ed jdk.internal.le jdk.internal.md jdk.internal.vm.ci jdk.jartool jdk.javadoc jdk.jcmd jdk.jdeps jdk.jdwp.agent jdk.jdi jdk.jfr jdk.jlink jdk.localedata jdk.management jdk.management.agent jdk.management.jfr jdk.naming.dns jdk.naming.rmi jdk.net jdk.sctp jdk.security.auth jdk.security.jgss jdk.unsupported jdk.unsupported.desktop jdk.xml.dom" 
IMPLEMENTOR="JetBrains s.r.o." 
JAVA_RUNTIME_VERSION="25.0.2+-15348964-b329.117" 
LIBC="default" 
OS_ARCH="x86_64" 
OS_NAME="Windows" 
SOURCE=".:git:3cf398e84a39" 

Environment Variables:
JAVA_HOME=C:\Program Files\Android\Android Studio\jbr
PATH=C:\Program Files\PowerShell\7;C:/Users/conne/.gemini/antigravity-ide/bin;C:\Program Files\Common Files\Oracle\Java\javapath;C:\Program Files (x86)\Common Files\Oracle\Java\java8path;C:\Program Files (x86)\Common Files\Oracle\Java\javapath;C:\Windows\system32;C:\Windows;C:\Windows\System32\Wbem;C:\Windows\System32\WindowsPowerShell\v1.0\;C:\Windows\System32\OpenSSH\;C:\Program Files\Git\cmd;C:\Program Files\dotnet\;C:\Program Files\GitHub CLI\;C:\Program Files\nodejs\;C:\Program Files\PowerShell\7\;C:\Program Files\Docker\Docker\resources\bin;C:\Users\conne\AppData\Local\Programs\Python\Python311\Scripts\;C:\Users\conne\AppData\Local\Programs\Python\Python311\;C:\Users\conne\AppData\Local\Microsoft\WindowsApps;C:\Users\conne\AppData\Local\Programs\Microsoft VS Code\bin;C:\Users\conne\.dotnet\tools;C:\Users\conne\AppData\Local\Programs\Antigravity\bin;C:\Users\conne\AppData\Local\GitHubDesktop\bin;C:\Users\conne\AppData\Local\Programs\Ollama;C:\Users\conne\AppData\Local\Microsoft\WinGet\Packages\Ngrok.Ngrok_Microsoft.Winget.Source_8wekyb3d8bbwe;C:\Users\conne\AppData\Local\Programs\Antigravity IDE\bin;C:\Users\conne\AppData\Roaming\npm;C:\Users\conne\AppData\Local\Google\Cloud SDK\google-cloud-sdk\bin
USERNAME=conne
OS=Windows_NT
PROCESSOR_IDENTIFIER=Intel64 Family 6 Model 170 Stepping 4, GenuineIntel
TMP=C:\Users\conne\AppData\Local\Temp
TEMP=C:\Users\conne\AppData\Local\Temp




Compilation memory statistics disabled.

Periodic native trim disabled

JNI global refs:
JNI global refs: 63, weak refs: 44

JNI global refs memory usage: 1467, weak refs: 833

Process memory usage:
Resident Set Size: 1904952K (11% of 16184696K total physical memory with 375532K free physical memory)

OOME stack traces (most recent first):
Classloader memory used:
Loader java.net.URLClassLoader                                                         : 63024 K
Loader org.gradle.internal.classloader.VisitableURLClassLoader$InstrumentingVisitableURLClassLoader: 49547 K
Loader org.gradle.internal.classloader.VisitableURLClassLoader                         : 44372 K
Loader bootstrap                                                                       : 32611 K
Loader org.gradle.initialization.MixInLegacyTypesClassLoader                           : 16122 K
Loader jdk.internal.loader.ClassLoaders$PlatformClassLoader                            : 438 K
Loader org.gradle.internal.classloader.VisitableURLClassLoader                         : 381 K
Loader jdk.internal.jrtfs.JrtFileSystemProvider$JrtFsLoader                            : 320 K
Loader jdk.internal.loader.ClassLoaders$AppClassLoader                                 : 226 K

Classes loaded by more than one classloader:
Class Program                                                                         : loaded 5 times (x 74B)
Class Build_gradle                                                                    : loaded 3 times (x 128B)
Class kotlin.coroutines.jvm.internal.CompletedContinuation                            : loaded 2 times (x 77B)
Class kotlin.io.TextStreamsKt                                                         : loaded 2 times (x 73B)
Class kotlin.text.StringsKt__StringsKt                                                : loaded 2 times (x 73B)
Class kotlin.NotImplementedError                                                      : loaded 2 times (x 84B)
Class com.google.common.base.PairwiseEquivalence                                      : loaded 2 times (x 85B)
Class com.google.common.base.Equivalence$Identity                                     : loaded 2 times (x 84B)
Class com.google.common.collect.RegularImmutableMap$KeySet                            : loaded 2 times (x 154B)
Class org.gradle.internal.classloader.FilteringClassLoader                            : loaded 2 times (x 106B)
Class jdk.internal.jimage.BasicImageReader                                            : loaded 2 times (x 97B)
Class kotlin.io.FilesKt__FileTreeWalkKt                                               : loaded 2 times (x 73B)
Class kotlin.jvm.internal.CollectionToArray                                           : loaded 2 times (x 73B)
Class kotlin.sequences.FilteringSequence$iterator$1                                   : loaded 2 times (x 81B)
Class kotlin.sequences.SequencesKt__SequenceBuilderKt                                 : loaded 2 times (x 73B)
Class kotlin.collections.CollectionsKt__ReversedViewsKt                               : loaded 2 times (x 73B)
Class [Lcom.google.common.base.AbstractIterator$State;                                : loaded 2 times (x 71B)
Class com.google.common.base.CharMatcher$IsEither                                     : loaded 2 times (x 113B)
Class org.gradle.internal.classloader.ClassLoaderHierarchy                            : loaded 2 times (x 72B)
Class kotlin.jvm.internal.MutablePropertyReference1                                   : loaded 2 times (x 139B)
Class kotlin.jvm.internal.PropertyReference1Impl                                      : loaded 2 times (x 129B)
Class kotlin.SafePublicationLazyImpl$Companion                                        : loaded 2 times (x 73B)
Class com.google.common.collect.AbstractMapBasedMultimap$WrappedCollection            : loaded 2 times (x 126B)
Class com.google.common.collect.ImmutableEnumSet                                      : loaded 2 times (x 148B)
Class com.google.common.util.concurrent.ExecutionError                                : loaded 2 times (x 84B)
Class com.google.common.collect.ImmutableList$1                                       : loaded 2 times (x 99B)
Class org.gradle.api.internal.classpath.ManifestUtil                                  : loaded 2 times (x 73B)
Class kotlin.collections.builders.MapBuilder                                          : loaded 2 times (x 114B)
Class kotlin.ranges.IntProgression$Companion                                          : loaded 2 times (x 73B)
Class com.google.common.io.ByteArrayDataOutput                                        : loaded 2 times (x 72B)
Class com.google.common.collect.RegularImmutableMap                                   : loaded 2 times (x 122B)
Class com.google.common.collect.ImmutableMap$MapViewOfValuesAsSingletonSets           : loaded 2 times (x 128B)
Class jdk.internal.jimage.decompressor.StringSharingDecompressorFactory               : loaded 2 times (x 76B)
Class kotlin.collections.builders.ListBuilder$Itr                                     : loaded 2 times (x 96B)
Class kotlin.sequences.TransformingSequence                                           : loaded 2 times (x 77B)
Class [Lorg.objectweb.asm.Symbol;                                                     : loaded 2 times (x 71B)
Class org.objectweb.asm.ClassVisitor                                                  : loaded 2 times (x 90B)
Class com.google.common.collect.UnmodifiableListIterator                              : loaded 2 times (x 97B)
Class [Lkotlin.reflect.KClass;                                                        : loaded 2 times (x 71B)
Class com.google.common.base.Platform$JdkPatternCompiler                              : loaded 2 times (x 77B)
Class org.objectweb.asm.MethodTooLargeException                                       : loaded 2 times (x 84B)
Class [Lcom.google.common.cache.CacheBuilder$OneWeigher;                              : loaded 2 times (x 71B)
Class com.google.common.base.Suppliers                                                : loaded 2 times (x 73B)
Class org.gradle.internal.classloader.DefaultClassLoaderFactory                       : loaded 2 times (x 84B)
Class kotlin.KotlinVersion$Companion                                                  : loaded 2 times (x 73B)
Class kotlin.sequences.SequencesKt___SequencesKt                                      : loaded 2 times (x 73B)
Class kotlin.collections.AbstractList$Companion                                       : loaded 2 times (x 73B)
Class com.google.common.base.CharMatcher$None                                         : loaded 2 times (x 114B)
Class org.gradle.internal.classloader.ClassLoaderVisitor                              : loaded 2 times (x 78B)
Class kotlin.sequences.SequencesKt___SequencesKt$flatMap$2                            : loaded 2 times (x 127B)
Class kotlin.io.FileTreeWalk$FileTreeWalkIterator                                     : loaded 2 times (x 85B)
Class [Lcom.google.common.collect.ImmutableMapEntry;                                  : loaded 2 times (x 71B)
Class org.gradle.api.internal.classpath.EffectiveClassPath                            : loaded 2 times (x 92B)
Class kotlin.coroutines.ContinuationInterceptor                                       : loaded 2 times (x 72B)
Class kotlin.text.StringsKt__AppendableKt                                             : loaded 2 times (x 73B)
Class com.google.common.collect.ListMultimap                                          : loaded 2 times (x 72B)
Class com.google.common.collect.ImmutableEnumMap                                      : loaded 2 times (x 128B)
Class kotlin.jvm.internal.ArrayIteratorKt                                             : loaded 2 times (x 73B)
Class kotlin.reflect.KProperty$Accessor                                               : loaded 2 times (x 72B)
Class [Lkotlin.reflect.KCallable;                                                     : loaded 2 times (x 71B)
Class kotlin.jvm.internal.AdaptedFunctionReference                                    : loaded 2 times (x 79B)
Class com.google.common.base.Splitter                                                 : loaded 2 times (x 74B)
Class com.google.common.collect.Sets$1                                                : loaded 2 times (x 141B)
Class org.objectweb.asm.AnnotationVisitor                                             : loaded 2 times (x 80B)
Class org.gradle.api.internal.DefaultClassPathProvider                                : loaded 2 times (x 78B)
Class kotlin.sequences.SequenceScope                                                  : loaded 2 times (x 75B)
Class kotlin.text.StringsKt__StringNumberConversionsJVMKt                             : loaded 2 times (x 73B)
Class kotlin.sequences.Sequence                                                       : loaded 2 times (x 72B)
Class com.google.common.collect.Maps$ViewCachingAbstractMap                           : loaded 2 times (x 127B)
Class com.google.common.collect.Sets$2                                                : loaded 2 times (x 141B)
Class [Lorg.gradle.api.internal.ClassPathProvider;                                    : loaded 2 times (x 71B)
Class org.gradle.api.internal.ClassPathProvider                                       : loaded 2 times (x 72B)
Class kotlin.jvm.functions.Function20                                                 : loaded 2 times (x 72B)
Class kotlin.collections.CollectionsKt___CollectionsKt$asSequence$$inlined$Sequence$1 : loaded 2 times (x 77B)
Class com.google.common.base.AbstractIterator$State                                   : loaded 2 times (x 81B)
Class [Lorg.objectweb.asm.AnnotationVisitor;                                          : loaded 2 times (x 71B)
Class com.google.common.collect.Sets$3                                                : loaded 2 times (x 141B)
Class com.google.common.cache.LocalCache$LocalLoadingCache                            : loaded 2 times (x 136B)
Class org.gradle.internal.service.UnknownServiceException                             : loaded 2 times (x 85B)
Class kotlin.jvm.functions.Function21                                                 : loaded 2 times (x 72B)
Class com.google.common.io.ByteArrayDataInput                                         : loaded 2 times (x 72B)
Class com.google.common.collect.Sets$4                                                : loaded 2 times (x 141B)
Class org.objectweb.asm.ModuleVisitor                                                 : loaded 2 times (x 83B)
Class com.google.common.cache.LocalCache$Strength$1                                   : loaded 2 times (x 83B)
Class kotlin.annotation.AnnotationRetention                                           : loaded 2 times (x 81B)
Class kotlin.collections.builders.MapBuilderEntries                                   : loaded 2 times (x 147B)
Class kotlin.jvm.functions.Function22                                                 : loaded 2 times (x 72B)
Class kotlin.collections.MapWithDefault                                               : loaded 2 times (x 72B)
Class kotlin.coroutines.jvm.internal.SuspendLambda                                    : loaded 2 times (x 93B)
Class kotlin.coroutines.jvm.internal.ContinuationImpl                                 : loaded 2 times (x 89B)
Class com.google.common.util.concurrent.SettableFuture                                : loaded 2 times (x 116B)
Class com.google.common.cache.LocalCache$Strength$2                                   : loaded 2 times (x 83B)
Class kotlin.reflect.KTypeParameter                                                   : loaded 2 times (x 72B)
Class kotlin.text.StringsKt__RegexExtensionsJVMKt                                     : loaded 2 times (x 73B)
Class kotlin.collections.ArraysKt___ArraysJvmKt                                       : loaded 2 times (x 73B)
Class kotlin.collections.CollectionsKt__CollectionsKt                                 : loaded 2 times (x 73B)
Class com.google.common.io.ByteStreams                                                : loaded 2 times (x 73B)
Class com.google.common.base.Splitter$1                                               : loaded 2 times (x 79B)
Class com.google.common.cache.LocalCache$Strength$3                                   : loaded 2 times (x 83B)
Class com.google.common.collect.MapDifference                                         : loaded 2 times (x 72B)
Class kotlin.text.Regex$Companion                                                     : loaded 2 times (x 73B)
Class kotlin._Assertions                                                              : loaded 2 times (x 73B)
Class org.objectweb.asm.FieldWriter                                                   : loaded 2 times (x 79B)
Class com.google.common.cache.CacheBuilder$NullListener                               : loaded 2 times (x 84B)
Class org.gradle.internal.classpath.TransformedClassPath                              : loaded 2 times (x 98B)
Class org.gradle.internal.classloader.InstrumentingClassLoader                        : loaded 2 times (x 72B)
Class [Lkotlin.annotation.AnnotationTarget;                                           : loaded 2 times (x 71B)
Class kotlin.jvm.internal.FunctionReference                                           : loaded 2 times (x 124B)
Class [Lkotlin.coroutines.intrinsics.CoroutineSingletons;                             : loaded 2 times (x 71B)
Class kotlin.jvm.internal.FunctionBase                                                : loaded 2 times (x 72B)
Class kotlin.enums.EnumEntriesList                                                    : loaded 2 times (x 225B)
Class com.google.common.cache.CacheLoader$FunctionToCacheLoader                       : loaded 2 times (x 77B)
Class com.google.common.collect.Iterators$ArrayItr                                    : loaded 2 times (x 99B)
Class com.google.common.collect.ImmutableCollection$Builder                           : loaded 2 times (x 78B)
Class kotlin.collections.builders.AbstractMapBuilderEntrySet                          : loaded 2 times (x 146B)
Class kotlin.sequences.DropTakeSequence                                               : loaded 2 times (x 72B)
Class kotlin.collections.builders.ListBuilder$Companion                               : loaded 2 times (x 73B)
Class kotlin.collections.builders.ListBuilder                                         : loaded 2 times (x 209B)
Class kotlin.collections.CollectionsKt__IteratorsJVMKt                                : loaded 2 times (x 73B)
Class com.google.common.base.Joiner                                                   : loaded 2 times (x 81B)
Class com.google.common.base.MoreObjects                                              : loaded 2 times (x 73B)
Class kotlin.reflect.KProperty0                                                       : loaded 2 times (x 72B)
Class kotlin.Result                                                                   : loaded 2 times (x 74B)
Class com.google.common.collect.Platform                                              : loaded 2 times (x 73B)
Class [Lorg.objectweb.asm.Type;                                                       : loaded 2 times (x 71B)
Class com.google.common.collect.UnmodifiableIterator                                  : loaded 2 times (x 82B)
Class org.gradle.internal.service.ServiceLocator                                      : loaded 2 times (x 72B)
Class jdk.internal.jrtfs.JrtFileSystemProvider                                        : loaded 2 times (x 103B)
Class kotlin.reflect.KClass                                                           : loaded 2 times (x 72B)
Class kotlin.reflect.KProperty1                                                       : loaded 2 times (x 72B)
Class kotlin.sequences.TransformingSequence$iterator$1                                : loaded 2 times (x 81B)
Class kotlin.Pair                                                                     : loaded 2 times (x 74B)
Class com.google.common.base.Ascii                                                    : loaded 2 times (x 73B)
Class com.google.common.collect.SingletonImmutableBiMap                               : loaded 2 times (x 145B)
Class com.google.common.cache.LocalCache$1                                            : loaded 2 times (x 91B)
Class com.google.common.collect.Iterators$SingletonIterator                           : loaded 2 times (x 83B)
Class com.google.common.collect.AbstractMapEntry                                      : loaded 2 times (x 83B)
Class kotlin.reflect.KProperty2                                                       : loaded 2 times (x 72B)
Class kotlin.collections.CollectionsKt__MutableCollectionsKt                          : loaded 2 times (x 73B)
Class kotlin.io.CloseableKt                                                           : loaded 2 times (x 73B)
Class com.google.common.collect.Sets$ImprovedAbstractSet                              : loaded 2 times (x 137B)
Class com.google.common.collect.ImmutableList$Builder                                 : loaded 2 times (x 79B)
Class com.google.common.collect.AbstractMultimap                                      : loaded 2 times (x 125B)
Class com.google.common.cache.LocalCache$2                                            : loaded 2 times (x 144B)
Class kotlin.ReplaceWith                                                              : loaded 2 times (x 72B)
Class kotlin.io.TerminateException                                                    : loaded 2 times (x 84B)
Class kotlin.io.FilesKt__FilePathComponentsKt                                         : loaded 2 times (x 73B)
Class kotlin.reflect.KCallable                                                        : loaded 2 times (x 72B)
Class kotlin.coroutines.CoroutineContext$Element                                      : loaded 2 times (x 72B)
Class com.google.common.collect.RegularImmutableAsList                                : loaded 2 times (x 219B)
Class kotlin.collections.AbstractIterator                                             : loaded 2 times (x 85B)
Class kotlin.text.CharsKt                                                             : loaded 2 times (x 73B)
Class com.google.common.util.concurrent.AbstractFuture$Trusted                        : loaded 2 times (x 72B)
Class com.google.common.collect.Iterators                                             : loaded 2 times (x 73B)
Class jdk.internal.jimage.ImageLocation                                               : loaded 2 times (x 92B)
Class kotlin.coroutines.ContinuationInterceptor$Key                                   : loaded 2 times (x 73B)
Class kotlin.text.DelimitedRangesSequence$iterator$1                                  : loaded 2 times (x 81B)
Class com.google.common.collect.Lists$StringAsImmutableList                           : loaded 2 times (x 209B)
Class com.google.common.util.concurrent.UncheckedExecutionException                   : loaded 2 times (x 84B)
Class org.gradle.kotlin.dsl.VersionCatalogAccessorsKt                                 : loaded 2 times (x 73B)
Class kotlin.collections.builders.MapBuilder$EntriesItr                               : loaded 2 times (x 83B)
Class kotlin.io.FileTreeWalk$FileTreeWalkIterator$WhenMappings                        : loaded 2 times (x 73B)
Class jdk.internal.jimage.ImageBufferCache$1                                          : loaded 2 times (x 84B)
Class kotlin.DeprecationLevel                                                         : loaded 2 times (x 81B)
Class kotlin.collections.ArraysKt___ArraysKt$asSequence$$inlined$Sequence$1           : loaded 2 times (x 77B)
Class kotlin.time.DurationUnitKt__DurationUnitJvmKt                                   : loaded 2 times (x 73B)
Class kotlin.collections.MapsKt__MapsJVMKt                                            : loaded 2 times (x 73B)
Class kotlin.collections.EmptyList                                                    : loaded 2 times (x 176B)
Class com.google.common.collect.AbstractMapBasedMultimap$KeySet$1                     : loaded 2 times (x 84B)
Class org.objectweb.asm.ClassWriter                                                   : loaded 2 times (x 107B)
Class com.google.common.cache.CacheLoader$UnsupportedLoadingOperationException        : loaded 2 times (x 84B)
Class com.google.common.base.CharMatcher$And                                          : loaded 2 times (x 114B)
Class org.gradle.internal.classloader.ClasspathUtil$1                                 : loaded 2 times (x 78B)
Class jdk.internal.jimage.ImageBufferCache$2                                          : loaded 2 times (x 93B)
Class kotlin.coroutines.ContinuationKt                                                : loaded 2 times (x 73B)
Class kotlin.collections.builders.ListBuilderKt                                       : loaded 2 times (x 73B)
Class org.objectweb.asm.FieldVisitor                                                  : loaded 2 times (x 79B)
Class com.google.common.collect.IndexedImmutableSet                                   : loaded 2 times (x 154B)
Class com.google.common.collect.ImmutableMap$1                                        : loaded 2 times (x 83B)
Class com.google.common.collect.BiMap                                                 : loaded 2 times (x 72B)
Class org.gradle.api.internal.classpath.DefaultModuleRegistry$DefaultModule           : loaded 2 times (x 88B)
Class kotlin.ResultKt                                                                 : loaded 2 times (x 73B)
Class com.google.common.primitives.Ints                                               : loaded 2 times (x 73B)
Class com.google.common.collect.AbstractIterator                                      : loaded 2 times (x 84B)
Class kotlin.Deprecated                                                               : loaded 2 times (x 72B)
Class kotlin.collections.IndexingIterable                                             : loaded 2 times (x 81B)
Class kotlin.Result$Failure                                                           : loaded 2 times (x 74B)
Class kotlin.collections.ArraysKt__ArraysKt                                           : loaded 2 times (x 73B)
Class com.google.common.collect.ObjectArrays                                          : loaded 2 times (x 73B)
Class com.google.common.math.MathPreconditions                                        : loaded 2 times (x 73B)
Class com.google.common.collect.Multiset                                              : loaded 2 times (x 72B)
Class com.google.common.collect.ArrayListMultimapGwtSerializationDependencies         : loaded 2 times (x 173B)
Class com.google.common.collect.AbstractIndexedListIterator                           : loaded 2 times (x 98B)
Class kotlin.collections.SetsKt__SetsJVMKt                                            : loaded 2 times (x 73B)
Class kotlin.Function                                                                 : loaded 2 times (x 72B)
Class com.google.common.collect.ImmutableMapEntrySet                                  : loaded 2 times (x 154B)
Class org.gradle.api.internal.classpath.Module                                        : loaded 2 times (x 72B)
Class kotlin.KotlinVersion                                                            : loaded 2 times (x 76B)
Class kotlin.reflect.KMutableProperty                                                 : loaded 2 times (x 72B)
Class kotlin.io.FileAlreadyExistsException                                            : loaded 2 times (x 84B)
Class kotlin.internal.ProgressionUtilKt                                               : loaded 2 times (x 73B)
Class com.google.common.cache.Weigher                                                 : loaded 2 times (x 72B)
Class org.gradle.api.internal.classpath.UnknownModuleException                        : loaded 2 times (x 84B)
Class jdk.internal.jimage.ImageHeader                                                 : loaded 2 times (x 73B)
Class kotlin.jvm.internal.PropertyReference                                           : loaded 2 times (x 117B)
Class com.google.common.base.Stopwatch                                                : loaded 2 times (x 74B)
Class com.google.common.cache.LocalCache$Strength                                     : loaded 2 times (x 83B)
Class com.google.common.cache.Cache                                                   : loaded 2 times (x 72B)
Class kotlin.collections.IndexingIterator                                             : loaded 2 times (x 81B)
Class com.google.common.base.NullnessCasts                                            : loaded 2 times (x 73B)
Class com.google.common.util.concurrent.AbstractFuture$Cancellation                   : loaded 2 times (x 74B)
Class com.google.common.collect.ImmutableMap$Builder                                  : loaded 2 times (x 84B)
Class [Lkotlin.reflect.KAnnotatedElement;                                             : loaded 2 times (x 71B)
Class com.google.common.cache.RemovalListener                                         : loaded 2 times (x 72B)
Class org.gradle.api.internal.DefaultClassPathRegistry                                : loaded 2 times (x 78B)
Class kotlin.annotation.AnnotationTarget                                              : loaded 2 times (x 81B)
Class kotlin.jvm.JvmClassMappingKt                                                    : loaded 2 times (x 73B)
Class kotlin.jvm.internal.Reflection                                                  : loaded 2 times (x 73B)
Class kotlin.reflect.KProperty                                                        : loaded 2 times (x 72B)
Class kotlin.ranges.ClosedRange                                                       : loaded 2 times (x 72B)
Class com.google.common.primitives.IntsMethodsForWeb                                  : loaded 2 times (x 73B)
Class com.google.common.collect.Multimap                                              : loaded 2 times (x 72B)
Class org.gradle.api.internal.ClassPathRegistry                                       : loaded 2 times (x 72B)
Class org.gradle.internal.classpath.DefaultClassPath$ImmutableUniqueList              : loaded 2 times (x 201B)
Class jdk.internal.jimage.decompressor.ResourceDecompressor                           : loaded 2 times (x 72B)
Class kotlin.jvm.internal.TypeIntrinsics                                              : loaded 2 times (x 73B)
Class kotlin.text.StringsKt__StringsJVMKt                                             : loaded 2 times (x 73B)
Class kotlin.time.DurationUnit                                                        : loaded 2 times (x 81B)
Class kotlin.text.StringsKt__IndentKt                                                 : loaded 2 times (x 73B)
Class kotlin.collections.SetsKt                                                       : loaded 2 times (x 73B)
Class kotlin.comparisons.ComparisonsKt___ComparisonsJvmKt                             : loaded 2 times (x 73B)
Class com.google.common.cache.CacheBuilder                                            : loaded 2 times (x 74B)
Class com.google.common.collect.SingletonImmutableList                                : loaded 2 times (x 209B)
Class Settings_gradle$1                                                               : loaded 2 times (x 76B)
Class org.gradle.internal.classpath.ClassPath                                         : loaded 2 times (x 72B)
Class kotlin.collections.ArrayDeque                                                   : loaded 2 times (x 209B)
Class kotlin.reflect.KFunction                                                        : loaded 2 times (x 72B)
Class com.google.common.base.JdkPattern                                               : loaded 2 times (x 77B)
Class com.google.common.collect.ImmutableList$ReverseImmutableList                    : loaded 2 times (x 211B)
Class kotlin.time.DurationUnitKt__DurationUnitKt                                      : loaded 2 times (x 73B)
Class [Lkotlin.reflect.KDeclarationContainer;                                         : loaded 2 times (x 71B)
Class kotlin.jvm.internal.Lambda                                                      : loaded 2 times (x 77B)
Class kotlin.collections.MapsKt__MapsKt                                               : loaded 2 times (x 73B)
Class com.google.errorprone.annotations.DoNotMock                                     : loaded 2 times (x 72B)
Class org.objectweb.asm.SymbolTable$Entry                                             : loaded 2 times (x 75B)
Class jdk.internal.jimage.ImageStringsReader                                          : loaded 2 times (x 82B)
Class org.objectweb.asm.Edge                                                          : loaded 2 times (x 74B)
Class com.google.common.base.Suppliers$SupplierOfInstance                             : loaded 2 times (x 81B)
Class com.google.common.collect.Iterators$1                                           : loaded 2 times (x 83B)
Class kotlin.properties.Delegates                                                     : loaded 2 times (x 73B)
Class kotlin.Metadata                                                                 : loaded 2 times (x 72B)
Class kotlin.collections.AbstractMutableSet                                           : loaded 2 times (x 144B)
Class com.google.devtools.ksp.processing.KSPJvmConfig                                 : loaded 2 times (x 74B)
Class kotlin.UninitializedPropertyAccessException                                     : loaded 2 times (x 84B)
Class com.google.common.cache.LocalCache$ComputingValueReference                      : loaded 2 times (x 98B)
Class com.google.common.collect.SingletonImmutableSet                                 : loaded 2 times (x 148B)
Class com.google.common.collect.ImmutableMap$IteratorBasedImmutableMap                : loaded 2 times (x 128B)
Class jdk.internal.jimage.ImageReader                                                 : loaded 2 times (x 77B)
Class kotlin.reflect.KProperty$Getter                                                 : loaded 2 times (x 72B)
Class com.google.common.cache.LocalCache$Segment                                      : loaded 2 times (x 155B)
Class jdk.internal.jimage.ImageReader$SharedImageReader                               : loaded 2 times (x 97B)
Class kotlin.time.DurationJvmKt                                                       : loaded 2 times (x 73B)
Class kotlin.SafePublicationLazyImpl                                                  : loaded 2 times (x 78B)
Class com.google.common.collect.AbstractListMultimap                                  : loaded 2 times (x 173B)
Class [Lorg.objectweb.asm.SymbolTable$Entry;                                          : loaded 2 times (x 71B)
Class com.google.common.cache.CacheLoader                                             : loaded 2 times (x 76B)
Class com.google.common.collect.Iterators$4                                           : loaded 2 times (x 84B)
Class com.google.common.collect.ImmutableBiMap                                        : loaded 2 times (x 145B)
Class org.gradle.api.internal.classpath.ModuleRegistry                                : loaded 2 times (x 72B)
Class org.gradle.internal.installation.GradleInstallation$1                           : loaded 2 times (x 77B)
Class jdk.internal.jimage.decompressor.ResourceDecompressorFactory                    : loaded 2 times (x 76B)
Class com.google.devtools.ksp.processing.KSPLogger                                    : loaded 2 times (x 72B)
Class com.google.common.base.Splitter$SplittingIterator                               : loaded 2 times (x 85B)
Class com.google.common.collect.ImmutableSet$JdkBackedSetBuilderImpl                  : loaded 2 times (x 78B)
Class com.google.common.util.concurrent.internal.InternalFutureFailureAccess          : loaded 2 times (x 74B)
Class com.google.common.collect.Iterators$5                                           : loaded 2 times (x 84B)
Class kotlin.text.RegexKt                                                             : loaded 2 times (x 73B)
Class kotlin.time.Duration$Companion                                                  : loaded 2 times (x 73B)
Class kotlin.coroutines.intrinsics.IntrinsicsKt__IntrinsicsKt                         : loaded 2 times (x 73B)
Class com.google.common.cache.LocalCache$LocalManualCache$1                           : loaded 2 times (x 77B)
Class com.google.common.base.CharMatcher$ForPredicate                                 : loaded 2 times (x 114B)
Class jdk.internal.jimage.ImageReader$Node                                            : loaded 2 times (x 86B)
Class kotlin.io.FilesKt__UtilsKt                                                      : loaded 2 times (x 73B)
Class kotlin.collections.CollectionsKt__CollectionsJVMKt                              : loaded 2 times (x 73B)
Class com.google.common.base.CharMatcher$AnyOf                                        : loaded 2 times (x 114B)
Class com.google.common.collect.ImmutableCollection                                   : loaded 2 times (x 127B)
Class org.gradle.api.internal.classpath.DefaultModuleRegistry                         : loaded 2 times (x 88B)
Class jdk.internal.jimage.BasicImageReader$1                                          : loaded 2 times (x 79B)
Class kotlin.collections.IndexedValue                                                 : loaded 2 times (x 74B)
Class kotlin.KotlinVersionCurrentValue                                                : loaded 2 times (x 73B)
Class kotlin.collections.builders.MapBuilder$Itr                                      : loaded 2 times (x 74B)
Class kotlin.sequences.SequencesKt                                                    : loaded 2 times (x 73B)
Class kotlin.collections.CollectionsKt__IteratorsKt                                   : loaded 2 times (x 73B)
Class com.google.common.collect.Lists                                                 : loaded 2 times (x 73B)
Class com.google.common.util.concurrent.ListenableFuture                              : loaded 2 times (x 72B)
Class com.google.common.cache.ReferenceEntry                                          : loaded 2 times (x 72B)
Class com.google.common.base.Converter                                                : loaded 2 times (x 92B)
Class com.google.common.collect.ImmutableSet$CachingAsList                            : loaded 2 times (x 150B)
Class kotlin.jvm.internal.markers.KMutableSet                                         : loaded 2 times (x 72B)
Class kotlin.text.StringsKt                                                           : loaded 2 times (x 73B)
Class com.google.common.collect.AbstractMapBasedMultimap                              : loaded 2 times (x 140B)
Class com.google.common.util.concurrent.AbstractFuture                                : loaded 2 times (x 108B)
Class com.google.common.base.FunctionalEquivalence                                    : loaded 2 times (x 85B)
Class com.google.common.collect.Iterators$9                                           : loaded 2 times (x 83B)
Class com.google.common.collect.ImmutableAsList                                       : loaded 2 times (x 211B)
Class kotlin.coroutines.jvm.internal.RestrictedContinuationImpl                       : loaded 2 times (x 89B)
Class kotlin.coroutines.CoroutineContext$Key                                          : loaded 2 times (x 72B)
Class kotlin.LazyKt__LazyJVMKt                                                        : loaded 2 times (x 73B)
Class org.objectweb.asm.RecordComponentVisitor                                        : loaded 2 times (x 79B)
Class com.google.common.cache.CacheLoader$SupplierToCacheLoader                       : loaded 2 times (x 77B)
Class jdk.internal.jimage.decompressor.Decompressor                                   : loaded 2 times (x 74B)
Class [Lkotlin.Pair;                                                                  : loaded 2 times (x 71B)
Class kotlin.jvm.internal.markers.KMutableList                                        : loaded 2 times (x 72B)
Class kotlin.io.FilesKt__FileReadWriteKt                                              : loaded 2 times (x 73B)
Class kotlin.text.StringsKt__StringNumberConversionsKt                                : loaded 2 times (x 73B)
Class org.gradle.internal.service.ServiceLookupException                              : loaded 2 times (x 84B)
Class kotlin.sequences.SequencesKt___SequencesKt$sortedWith$1                         : loaded 2 times (x 77B)
Class [Lkotlin.sequences.Sequence;                                                    : loaded 2 times (x 71B)
Class kotlin.jvm.internal.MutablePropertyReference1Impl                               : loaded 2 times (x 139B)
Class [Lcom.google.common.cache.LocalCache$EntryFactory;                              : loaded 2 times (x 71B)
Class org.gradle.internal.classloader.ClassLoaderFactory                              : loaded 2 times (x 72B)
Class com.google.common.base.CommonPattern                                            : loaded 2 times (x 76B)
Class com.google.common.cache.LocalCache$LocalManualCache                             : loaded 2 times (x 101B)
Class com.google.common.base.CharMatcher$IsNot                                        : loaded 2 times (x 113B)
Class org.gradle.internal.service.CachingServiceLocator                               : loaded 2 times (x 84B)
Class kotlin.jvm.internal.Intrinsics$Kotlin                                           : loaded 2 times (x 73B)
Class kotlin.jvm.internal.CallableReference                                           : loaded 2 times (x 108B)
Class kotlin.collections.AbstractList$IteratorImpl                                    : loaded 2 times (x 84B)
Class com.google.common.collect.AbstractMapBasedMultimap$KeySet                       : loaded 2 times (x 139B)
Class com.google.common.math.IntMath                                                  : loaded 2 times (x 73B)
Class kotlin.properties.ReadOnlyProperty                                              : loaded 2 times (x 72B)
Class kotlin.jvm.internal.markers.KMutableMap                                         : loaded 2 times (x 72B)
Class kotlin.ranges.IntRange                                                          : loaded 2 times (x 95B)
Class com.google.common.collect.ImmutableMapEntry                                     : loaded 2 times (x 87B)
Class kotlin.enums.EnumEntries                                                        : loaded 2 times (x 72B)
Class com.google.common.base.Equivalence                                              : loaded 2 times (x 84B)
Class com.google.common.base.Function                                                 : loaded 2 times (x 72B)
Class com.google.common.collect.ImmutableMapEntry$NonTerminalImmutableMapEntry        : loaded 2 times (x 87B)
Class kotlin.jvm.internal.markers.KMutableListIterator                                : loaded 2 times (x 72B)
Class com.google.common.cache.CacheBuilder$OneWeigher                                 : loaded 2 times (x 84B)
Class com.google.common.collect.RegularImmutableList                                  : loaded 2 times (x 215B)
Class jdk.internal.jimage.ImageBufferCache                                            : loaded 2 times (x 73B)
Class jdk.internal.jrtfs.JrtPath                                                      : loaded 2 times (x 124B)
Class org.gradle.internal.classloader.ClasspathUtil                                   : loaded 2 times (x 73B)
Class kotlin.sequences.EmptySequence                                                  : loaded 2 times (x 80B)
Class kotlin.io.FileSystemException                                                   : loaded 2 times (x 84B)
Class com.google.common.util.concurrent.Uninterruptibles                              : loaded 2 times (x 73B)
Class kotlin.jvm.internal.DefaultConstructorMarker                                    : loaded 2 times (x 73B)
Class kotlin.jvm.internal.PropertyReference1                                          : loaded 2 times (x 129B)
Class com.google.common.util.concurrent.LazyLogger                                    : loaded 2 times (x 74B)
Class com.google.common.collect.Maps                                                  : loaded 2 times (x 73B)
Class org.gradle.api.specs.Spec                                                       : loaded 2 times (x 72B)
Class kotlin.jvm.internal.MutablePropertyReference                                    : loaded 2 times (x 121B)
Class kotlin.UnsafeLazyImpl                                                           : loaded 2 times (x 78B)
Class kotlin.LazyKt__LazyJVMKt$WhenMappings                                           : loaded 2 times (x 73B)
Class [Lcom.google.common.collect.ImmutableEntry;                                     : loaded 2 times (x 71B)
Class kotlin.jvm.internal.ArrayIterator                                               : loaded 2 times (x 81B)
Class kotlin.LazyThreadSafetyMode                                                     : loaded 2 times (x 81B)
Class com.google.common.cache.LocalCache$LoadingValueReference                        : loaded 2 times (x 98B)
Class jdk.internal.jimage.decompressor.ResourceDecompressorRepository                 : loaded 2 times (x 73B)
Class kotlin.jvm.internal.SpreadBuilder                                               : loaded 2 times (x 78B)
Class kotlin.collections.EmptyIterator                                                : loaded 2 times (x 91B)
Class kotlin.text.StringsKt__RegexExtensionsKt                                        : loaded 2 times (x 73B)
Class kotlin.SynchronizedLazyImpl                                                     : loaded 2 times (x 78B)
Class com.google.common.collect.AbstractMapBasedMultimap$AsMap                        : loaded 2 times (x 130B)
Class com.google.common.base.Platform                                                 : loaded 2 times (x 73B)
Class jdk.internal.jimage.ImageReader$Directory                                       : loaded 2 times (x 86B)
Class kotlin.io.FilePathComponents                                                    : loaded 2 times (x 74B)
Class kotlin.coroutines.jvm.internal.RestrictedSuspendLambda                          : loaded 2 times (x 93B)
Class kotlin.sequences.SequencesKt__SequencesJVMKt                                    : loaded 2 times (x 73B)
Class kotlin.collections.AbstractList                                                 : loaded 2 times (x 199B)
Class kotlin.collections.AbstractCollection                                           : loaded 2 times (x 119B)
Class com.google.devtools.ksp.processing.KspGradleLogger$Companion                    : loaded 2 times (x 73B)
Class [Lorg.objectweb.asm.AnnotationWriter;                                           : loaded 2 times (x 71B)
Class com.google.common.collect.Maps$8                                                : loaded 2 times (x 84B)
Class kotlin.text.Regex                                                               : loaded 2 times (x 74B)
Class kotlin.sequences.SequencesKt__SequenceBuilderKt$sequence$$inlined$Sequence$1    : loaded 2 times (x 77B)
Class kotlin.text.StringsKt__StringBuilderJVMKt                                       : loaded 2 times (x 73B)
Class kotlin.collections.ArrayAsCollection                                            : loaded 2 times (x 107B)
Class kotlin.LazyKt__LazyKt                                                           : loaded 2 times (x 73B)
Class com.google.common.collect.Sets$SetView                                          : loaded 2 times (x 140B)
Class com.google.common.cache.LocalCache$StrongValueReference                         : loaded 2 times (x 92B)
Class kotlin.jvm.internal.ReflectionFactory                                           : loaded 2 times (x 93B)
Class kotlin.jvm.internal.Ref$ObjectRef                                               : loaded 2 times (x 74B)
Class kotlin.UNINITIALIZED_VALUE                                                      : loaded 2 times (x 73B)
Class org.objectweb.asm.Type                                                          : loaded 2 times (x 74B)
Class org.gradle.internal.classloader.VisitableURLClassLoader$InstrumentingVisitableURLClassLoader: loaded 2 times (x 124B)
Class kotlin.comparisons.ComparisonsKt__ComparisonsKt                                 : loaded 2 times (x 73B)
Class kotlin.jvm.internal.ClassBasedDeclarationContainer                              : loaded 2 times (x 72B)
Class kotlin.coroutines.Continuation                                                  : loaded 2 times (x 72B)
Class kotlin.ranges.RangesKt__RangesKt                                                : loaded 2 times (x 73B)
Class kotlin.sequences.SequencesKt__SequencesKt                                       : loaded 2 times (x 73B)
Class kotlin.collections.SetsKt___SetsKt                                              : loaded 2 times (x 73B)
Class com.google.common.math.IntMath$1                                                : loaded 2 times (x 73B)
Class org.objectweb.asm.ByteVector                                                    : loaded 2 times (x 81B)
Class [Lcom.google.common.cache.CacheBuilder$NullListener;                            : loaded 2 times (x 71B)
Class org.gradle.internal.classloader.VisitableURLClassLoader$Spec                    : loaded 2 times (x 76B)
Class org.gradle.internal.classpath.DefaultClassPath                                  : loaded 2 times (x 92B)
Class jdk.internal.jimage.decompressor.ZipDecompressorFactory                         : loaded 2 times (x 76B)
Class kotlin.comparisons.ComparisonsKt                                                : loaded 2 times (x 73B)
Class kotlin.comparisons.ComparisonsKt___ComparisonsKt                                : loaded 2 times (x 73B)
Class kotlin.Result$Companion                                                         : loaded 2 times (x 73B)
Class kotlin.coroutines.jvm.internal.BaseContinuationImpl                             : loaded 2 times (x 89B)
Class kotlin.text.CharsKt__CharJVMKt                                                  : loaded 2 times (x 73B)
Class kotlin.sequences.FilteringSequence                                              : loaded 2 times (x 77B)
Class com.google.devtools.ksp.processing.KspGradleLogger                              : loaded 2 times (x 81B)
Class com.google.common.base.AbstractIterator                                         : loaded 2 times (x 82B)
Class org.objectweb.asm.Symbol                                                        : loaded 2 times (x 75B)
Class kotlin.reflect.KType                                                            : loaded 2 times (x 72B)
Class com.google.common.io.Closer                                                     : loaded 2 times (x 80B)
Class com.google.common.base.CharMatcher$BitSetMatcher                                : loaded 2 times (x 114B)
Class com.google.common.collect.RegularImmutableMap$Values                            : loaded 2 times (x 209B)
Class com.google.common.collect.ImmutableSet                                          : loaded 2 times (x 147B)
Class org.gradle.internal.classloader.ClassLoaderSpec                                 : loaded 2 times (x 73B)
Class kotlin.jvm.internal.FunctionReferenceImpl                                       : loaded 2 times (x 124B)
Class kotlin.text.DelimitedRangesSequence                                             : loaded 2 times (x 77B)
Class kotlin.collections.CollectionsKt___CollectionsJvmKt                             : loaded 2 times (x 73B)
Class org.objectweb.asm.AnnotationWriter                                              : loaded 2 times (x 80B)
Class com.google.common.cache.CacheStats                                              : loaded 2 times (x 73B)
Class kotlin.time.DurationKt                                                          : loaded 2 times (x 73B)
Class kotlin.jdk7.AutoCloseableKt                                                     : loaded 2 times (x 73B)
Class kotlin.TuplesKt                                                                 : loaded 2 times (x 73B)
Class kotlin.jvm.internal.markers.KMutableIterable                                    : loaded 2 times (x 72B)
Class kotlin.sequences.SequencesKt___SequencesJvmKt                                   : loaded 2 times (x 73B)
Class kotlin.Unit                                                                     : loaded 2 times (x 73B)
Class com.google.common.io.Closer$Suppressor                                          : loaded 2 times (x 72B)
Class org.objectweb.asm.RecordComponentWriter                                         : loaded 2 times (x 79B)
Class com.google.common.util.concurrent.AbstractFuture$Listener                       : loaded 2 times (x 74B)
Class com.google.common.base.CharMatcher$Or                                           : loaded 2 times (x 114B)
Class Settings_gradle$1$1                                                             : loaded 2 times (x 76B)
Class kotlin.io.FileTreeWalk$DirectoryState                                           : loaded 2 times (x 75B)
Class kotlin.ranges.RangesKt                                                          : loaded 2 times (x 73B)
Class org.objectweb.asm.Attribute                                                     : loaded 2 times (x 79B)
Class com.google.common.base.Supplier                                                 : loaded 2 times (x 72B)
Class org.gradle.internal.classloader.VisitableURLClassLoader                         : loaded 2 times (x 118B)
Class [Lkotlin.DeprecationLevel;                                                      : loaded 2 times (x 71B)
Class kotlin.sequences.FlatteningSequence$iterator$1                                  : loaded 2 times (x 81B)
Class kotlin.collections.ArraysUtilJVM                                                : loaded 2 times (x 73B)
Class kotlin.jvm.functions.Function0                                                  : loaded 2 times (x 72B)
Class Settings_gradle                                                                 : loaded 2 times (x 126B)
Class org.gradle.internal.Cast                                                        : loaded 2 times (x 73B)
Class org.gradle.api.Action                                                           : loaded 2 times (x 72B)
Class jdk.internal.jimage.decompressor.ZipDecompressor                                : loaded 2 times (x 77B)
Class kotlin.properties.ReadWriteProperty                                             : loaded 2 times (x 72B)
Class kotlin.collections.AbstractMutableList                                          : loaded 2 times (x 208B)
Class kotlin.jvm.functions.Function1                                                  : loaded 2 times (x 72B)
Class com.google.common.base.Strings                                                  : loaded 2 times (x 73B)
Class com.google.common.collect.Sets                                                  : loaded 2 times (x 73B)
Class org.objectweb.asm.Handler                                                       : loaded 2 times (x 74B)
Class com.google.common.base.Ticker                                                   : loaded 2 times (x 74B)
Class com.google.common.base.CharMatcher$FastMatcher                                  : loaded 2 times (x 113B)
Class kotlin.jvm.internal.markers.KMutableIterator                                    : loaded 2 times (x 72B)
Class kotlin.jvm.functions.Function2                                                  : loaded 2 times (x 72B)
Class kotlin.KotlinNothingValueException                                              : loaded 2 times (x 84B)
Class com.google.devtools.ksp.processing.KSPConfig                                    : loaded 2 times (x 74B)
Class [Lcom.google.common.cache.LocalCache$Segment;                                   : loaded 2 times (x 71B)
Class [Lcom.google.common.cache.LocalCache$Strength;                                  : loaded 2 times (x 71B)
Class com.google.common.cache.CacheBuilder$1                                          : loaded 2 times (x 87B)
Class com.google.common.base.Predicate                                                : loaded 2 times (x 72B)
Class com.google.common.collect.ImmutableMap                                          : loaded 2 times (x 122B)
Class org.gradle.internal.classpath.DefaultClassPath$ImmutableUniqueList$Builder      : loaded 2 times (x 77B)
Class kotlin.io.FileTreeWalk$WalkState                                                : loaded 2 times (x 75B)
Class kotlin.jvm.functions.Function3                                                  : loaded 2 times (x 72B)
Class kotlin.collections.MapsKt___MapsJvmKt                                           : loaded 2 times (x 73B)
Class com.google.common.cache.LocalCache                                              : loaded 2 times (x 188B)
Class com.google.common.cache.CacheBuilder$2                                          : loaded 2 times (x 81B)
Class com.google.common.base.CharMatcher$NegatedFastMatcher                           : loaded 2 times (x 115B)
Class kotlin.jvm.functions.Function4                                                  : loaded 2 times (x 72B)
Class kotlin.annotation.Target                                                        : loaded 2 times (x 72B)
Class kotlin.collections.EmptySet                                                     : loaded 2 times (x 124B)
Class kotlin.collections.CollectionsKt___CollectionsKt                                : loaded 2 times (x 73B)
Class com.google.common.collect.ArrayListMultimap                                     : loaded 2 times (x 173B)
Class com.google.common.cache.CacheBuilder$3                                          : loaded 2 times (x 74B)
Class [Lcom.google.common.collect.AbstractMapEntry;                                   : loaded 2 times (x 71B)
Class com.google.common.collect.ImmutableEntry                                        : loaded 2 times (x 84B)
Class org.gradle.api.GradleException                                                  : loaded 2 times (x 84B)
Class jdk.internal.jimage.ImageStrings                                                : loaded 2 times (x 72B)
Class kotlin.jvm.functions.Function5                                                  : loaded 2 times (x 72B)
Class kotlin.annotation.Retention                                                     : loaded 2 times (x 72B)
Class kotlin.reflect.KDeclarationContainer                                            : loaded 2 times (x 72B)
Class kotlin.text.StringsKt___StringsJvmKt                                            : loaded 2 times (x 73B)
Class com.google.common.base.Suppliers$MemoizingSupplier                              : loaded 2 times (x 81B)
Class com.google.common.collect.CollectPreconditions                                  : loaded 2 times (x 73B)
Class kotlin.jvm.functions.Function6                                                  : loaded 2 times (x 72B)
Class kotlin.io.FilesKt                                                               : loaded 2 times (x 73B)
Class kotlin.collections.ArraysKt___ArraysKt                                          : loaded 2 times (x 73B)
Class kotlin.collections.MapsKt___MapsKt                                              : loaded 2 times (x 73B)
Class com.google.common.collect.SortedMapDifference                                   : loaded 2 times (x 72B)
Class [Lkotlin.time.DurationUnit;                                                     : loaded 2 times (x 71B)
Class kotlin.jvm.functions.Function7                                                  : loaded 2 times (x 72B)
Class kotlin.sequences.SequencesKt___SequencesKt$asIterable$$inlined$Iterable$1       : loaded 2 times (x 81B)
Class kotlin.collections.MapsKt__MapWithDefaultKt                                     : loaded 2 times (x 73B)
Class com.google.common.cache.LocalCache$EntryFactory                                 : loaded 2 times (x 85B)
Class [Lkotlin.annotation.AnnotationRetention;                                        : loaded 2 times (x 71B)
Class kotlin.jvm.functions.Function8                                                  : loaded 2 times (x 72B)
Class kotlin.collections.builders.MapBuilder$Companion                                : loaded 2 times (x 73B)
Class kotlin.text.StringsKt___StringsKt                                               : loaded 2 times (x 73B)
Class kotlin.collections.CollectionsKt__MutableCollectionsJVMKt                       : loaded 2 times (x 73B)
Class kotlin.enums.EnumEntriesKt                                                      : loaded 2 times (x 73B)
Class com.google.common.cache.LocalCache$AbstractReferenceEntry                       : loaded 2 times (x 109B)
Class org.gradle.internal.IoActions                                                   : loaded 2 times (x 73B)
Class kotlin.annotation.MustBeDocumented                                              : loaded 2 times (x 72B)
Class kotlin.jvm.functions.Function10                                                 : loaded 2 times (x 72B)
Class kotlin.jvm.functions.Function9                                                  : loaded 2 times (x 72B)
Class [Lkotlin.reflect.KClassifier;                                                   : loaded 2 times (x 71B)
Class [Lkotlin.LazyThreadSafetyMode;                                                  : loaded 2 times (x 71B)
Class org.objectweb.asm.SymbolTable                                                   : loaded 2 times (x 74B)
Class com.google.common.cache.CacheLoader$InvalidCacheLoadException                   : loaded 2 times (x 84B)
Class com.google.common.collect.ImmutableSet$RegularSetBuilderImpl                    : loaded 2 times (x 78B)
Class org.gradle.internal.classloader.SystemClassLoaderSpec                           : loaded 2 times (x 73B)
Class kotlin.jvm.functions.Function11                                                 : loaded 2 times (x 72B)
Class kotlin.reflect.KAnnotatedElement                                                : loaded 2 times (x 72B)
Class kotlin.jvm.internal.markers.KMutableCollection                                  : loaded 2 times (x 72B)
Class kotlin.coroutines.intrinsics.IntrinsicsKt                                       : loaded 2 times (x 73B)
Class kotlin.ranges.IntRange$Companion                                                : loaded 2 times (x 73B)
Class kotlin.collections.EmptyMap                                                     : loaded 2 times (x 110B)
Class kotlin.jvm.internal.Intrinsics                                                  : loaded 2 times (x 73B)
Class com.google.common.cache.LocalCache$StrongEntry                                  : loaded 2 times (x 110B)
Class com.google.common.util.concurrent.AbstractFuture$TrustedFuture                  : loaded 2 times (x 116B)
Class com.google.common.cache.LoadingCache                                            : loaded 2 times (x 72B)
Class jdk.internal.jrtfs.JrtFileSystem                                                : loaded 2 times (x 104B)
Class kotlin.jvm.functions.Function12                                                 : loaded 2 times (x 72B)
Class kotlin.coroutines.intrinsics.CoroutineSingletons                                : loaded 2 times (x 81B)
Class kotlin.collections.MapsKt                                                       : loaded 2 times (x 73B)
Class kotlin.collections.CollectionsKt__IterablesKt                                   : loaded 2 times (x 73B)
Class com.google.common.io.ByteStreams$LimitedInputStream                             : loaded 2 times (x 94B)
Class com.google.common.base.Suppliers$NonSerializableMemoizingSupplier               : loaded 2 times (x 81B)
Class org.objectweb.asm.MethodWriter                                                  : loaded 2 times (x 107B)
Class [Lcom.google.common.cache.Weigher;                                              : loaded 2 times (x 71B)
Class com.google.common.collect.RegularImmutableMap$BucketOverflowException           : loaded 2 times (x 84B)
Class jdk.internal.jimage.decompressor.CompressedResourceHeader                       : loaded 2 times (x 73B)
Class kotlin.jvm.functions.Function13                                                 : loaded 2 times (x 72B)
Class kotlin.sequences.SequenceBuilderIterator                                        : loaded 2 times (x 87B)
Class kotlin.text.Charsets                                                            : loaded 2 times (x 73B)
Class kotlin.ranges.OpenEndRange                                                      : loaded 2 times (x 72B)
Class kotlin.KotlinNullPointerException                                               : loaded 2 times (x 84B)
Class kotlin.jvm.functions.Function14                                                 : loaded 2 times (x 72B)
Class kotlin.ranges.RangesKt___RangesKt                                               : loaded 2 times (x 73B)
Class com.google.common.collect.RegularImmutableBiMap                                 : loaded 2 times (x 150B)
Class com.google.common.cache.LocalCache$ValueReference                               : loaded 2 times (x 72B)
Class com.google.common.base.CharMatcher$Negated                                      : loaded 2 times (x 115B)
Class com.google.common.base.CharMatcher$Is                                           : loaded 2 times (x 113B)
Class kotlin.collections.ArrayDeque$Companion                                         : loaded 2 times (x 73B)
Class kotlin.jvm.functions.Function15                                                 : loaded 2 times (x 72B)
Class kotlin.coroutines.jvm.internal.Boxing                                           : loaded 2 times (x 73B)
Class kotlin.text.CharsKt__CharKt                                                     : loaded 2 times (x 73B)
Class kotlin.collections.ArraysKt                                                     : loaded 2 times (x 73B)
Class com.google.common.base.PatternCompiler                                          : loaded 2 times (x 72B)
Class com.google.common.util.concurrent.AbstractFuture$Failure                        : loaded 2 times (x 74B)
Class com.google.common.base.Equivalence$Equals                                       : loaded 2 times (x 84B)
Class com.google.common.collect.Hashing                                               : loaded 2 times (x 73B)
Class com.google.common.base.Preconditions                                            : loaded 2 times (x 73B)
Class kotlin.jvm.functions.Function16                                                 : loaded 2 times (x 72B)
Class kotlin.coroutines.EmptyCoroutineContext                                         : loaded 2 times (x 79B)
Class kotlin.collections.SetsKt__SetsKt                                               : loaded 2 times (x 73B)
Class kotlin.LazyKt                                                                   : loaded 2 times (x 73B)
Class com.google.common.base.Joiner$1                                                 : loaded 2 times (x 82B)
Class org.objectweb.asm.Label                                                         : loaded 2 times (x 75B)
Class org.objectweb.asm.CurrentFrame                                                  : loaded 2 times (x 75B)
Class org.objectweb.asm.ClassTooLargeException                                        : loaded 2 times (x 84B)
Class com.google.common.base.CharMatcher                                              : loaded 2 times (x 113B)
Class com.google.common.collect.PeekingIterator                                       : loaded 2 times (x 72B)
Class kotlin.InitializedLazyImpl                                                      : loaded 2 times (x 78B)
Class kotlin.jvm.functions.Function17                                                 : loaded 2 times (x 72B)
Class kotlin.collections.ArraysKt__ArraysJVMKt                                        : loaded 2 times (x 73B)
Class com.google.common.base.Joiner$2                                                 : loaded 2 times (x 81B)
Class org.objectweb.asm.Frame                                                         : loaded 2 times (x 75B)
Class org.objectweb.asm.MethodVisitor                                                 : loaded 2 times (x 107B)
Class com.google.common.cache.LocalCache$EntryFactory$1                               : loaded 2 times (x 85B)
Class [Lcom.google.common.cache.RemovalListener;                                      : loaded 2 times (x 71B)
Class com.google.common.base.CharMatcher$1                                            : loaded 2 times (x 115B)
Class com.google.common.base.CharMatcher$NamedFastMatcher                             : loaded 2 times (x 114B)
Class kotlin.jvm.functions.Function18                                                 : loaded 2 times (x 72B)
Class kotlin.jvm.internal.CallableReference$NoReceiver                                : loaded 2 times (x 73B)
Class kotlin.text.StringsKt__StringBuilderKt                                          : loaded 2 times (x 73B)
Class com.google.common.cache.LocalCache$EntryFactory$2                               : loaded 2 times (x 85B)
Class org.gradle.api.internal.classpath.GlobalCacheRootsProvider                      : loaded 2 times (x 72B)
Class kotlin.jvm.functions.Function19                                                 : loaded 2 times (x 72B)
Class kotlin.reflect.KMutableProperty$Setter                                          : loaded 2 times (x 72B)
Class kotlin.Lazy                                                                     : loaded 2 times (x 72B)
Class kotlin.NoWhenBranchMatchedException                                             : loaded 2 times (x 84B)
Class org.objectweb.asm.ModuleWriter                                                  : loaded 2 times (x 83B)
Class com.google.common.cache.LocalCache$EntryFactory$3                               : loaded 2 times (x 85B)
Class com.google.common.base.Ticker$1                                                 : loaded 2 times (x 74B)
Class com.google.common.collect.Maps$BiMapConverter                                   : loaded 2 times (x 92B)
Class com.google.common.collect.ImmutableMapEntrySet$RegularEntrySet                  : loaded 2 times (x 154B)
Class com.google.common.collect.ImmutableSet$Builder                                  : loaded 2 times (x 87B)
Class com.google.common.cache.LocalCache$EntryFactory$4                               : loaded 2 times (x 85B)
Class com.google.common.base.CharMatcher$InRange                                      : loaded 2 times (x 113B)
Class com.google.common.io.ByteStreams$1                                              : loaded 2 times (x 87B)
Class com.google.common.cache.LocalCache$EntryFactory$5                               : loaded 2 times (x 85B)
Class kotlin.time.Duration                                                            : loaded 2 times (x 76B)
Class [Lkotlin.reflect.KProperty;                                                     : loaded 2 times (x 71B)
Class kotlin.jvm.internal.markers.KMappedMarker                                       : loaded 2 times (x 72B)
Class kotlin.sequences.FlatteningSequence                                             : loaded 2 times (x 77B)
Class com.google.common.cache.LocalCache$EntryFactory$6                               : loaded 2 times (x 85B)
Class org.gradle.internal.installation.CurrentGradleInstallationLocator               : loaded 2 times (x 73B)
Class kotlin.coroutines.jvm.internal.SpillingKt                                       : loaded 2 times (x 73B)
Class [Lkotlin.io.FileWalkDirection;                                                  : loaded 2 times (x 71B)
Class com.google.common.collect.Maps$KeySet                                           : loaded 2 times (x 139B)
Class com.google.common.collect.ImmutableSet$EmptySetBuilderImpl                      : loaded 2 times (x 78B)
Class com.google.common.cache.LocalCache$EntryFactory$7                               : loaded 2 times (x 85B)
Class com.google.common.collect.ImmutableList                                         : loaded 2 times (x 208B)
Class org.gradle.internal.service.DefaultServiceLocator                               : loaded 2 times (x 85B)
Class kotlin.reflect.KMutableProperty0                                                : loaded 2 times (x 72B)
Class kotlin.reflect.KClassifier                                                      : loaded 2 times (x 72B)
Class kotlin.io.FileTreeWalk                                                          : loaded 2 times (x 77B)
Class kotlin.coroutines.jvm.internal.SuspendFunction                                  : loaded 2 times (x 72B)
Class com.google.common.cache.LocalCache$EntryFactory$8                               : loaded 2 times (x 85B)
Class com.google.common.collect.ImmutableSet$SetBuilderImpl                           : loaded 2 times (x 78B)
Class org.gradle.internal.installation.CurrentGradleInstallation                      : loaded 2 times (x 75B)
Class kotlin.jvm.internal.Ref$BooleanRef                                              : loaded 2 times (x 73B)
Class kotlin.jvm.internal.StringCompanionObject                                       : loaded 2 times (x 73B)
Class kotlin.reflect.KMutableProperty1                                                : loaded 2 times (x 72B)
Class kotlin.coroutines.intrinsics.IntrinsicsKt__IntrinsicsJvmKt                      : loaded 2 times (x 73B)
Class kotlin.coroutines.jvm.internal.CoroutineStackFrame                              : loaded 2 times (x 72B)
Class com.google.common.cache.CacheLoader$1                                           : loaded 2 times (x 77B)
Class com.google.common.collect.ImmutableList$SubList                                 : loaded 2 times (x 211B)
Class org.gradle.util.internal.GUtil                                                  : loaded 2 times (x 73B)
Class kotlin.reflect.KMutableProperty2                                                : loaded 2 times (x 72B)
Class kotlin.io.NoSuchFileException                                                   : loaded 2 times (x 84B)
Class kotlin.collections.CollectionsKt                                                : loaded 2 times (x 73B)
Class com.google.common.cache.AbstractCache$StatsCounter                              : loaded 2 times (x 72B)
Class kotlin.time.DurationUnitKt                                                      : loaded 2 times (x 73B)
Class kotlin.coroutines.jvm.internal.DebugProbesKt                                    : loaded 2 times (x 73B)
Class kotlin.coroutines.CoroutineContext                                              : loaded 2 times (x 72B)
Class com.google.common.collect.Iterators$MergingIterator                             : loaded 2 times (x 83B)
Class com.google.common.collect.RegularImmutableSet                                   : loaded 2 times (x 150B)
Class org.gradle.internal.installation.GradleInstallation                             : loaded 2 times (x 77B)
Class jdk.internal.jimage.decompressor.ResourceDecompressor$StringsProvider           : loaded 2 times (x 72B)
Class com.google.common.base.Splitter$Strategy                                        : loaded 2 times (x 72B)
Class com.google.common.collect.Iterables                                             : loaded 2 times (x 73B)
Class kotlin.io.FileWalkDirection                                                     : loaded 2 times (x 81B)
Class kotlin.jvm.KotlinReflectionNotSupportedError                                    : loaded 2 times (x 84B)
Class kotlin.ranges.IntProgression                                                    : loaded 2 times (x 83B)

---------------  S Y S T E M  ---------------

OS:
 Windows 11 , 64 bit Build 26100 (10.0.26100.9168)
OS uptime: 3 days 13:23 hours
Hyper-V role detected

CPU: total 18 (initial active 18) (9 cores per cpu, 2 threads per core) family 6 model 170 stepping 4 microcode 0x28, cx8, cmov, fxsr, ht, mmx, 3dnowpref, sse, sse2, sse3, ssse3, sse4.1, sse4.2, popcnt, lzcnt, tsc, tscinvbit, avx, avx2, aes, erms, clmul, bmi1, bmi2, adx, sha, fma, vzeroupper, clflush, clflushopt, clwb, hv, serialize, rdtscp, rdpid, fsrm, gfni, f16c, cet_ibt, cet_ss
Processor Information for processor 0
  Max Mhz: 1200, Current Mhz: 1200, Mhz Limit: 1200
Processor Information for processor 1
  Max Mhz: 1200, Current Mhz: 1200, Mhz Limit: 1200
Processor Information for processor 2
  Max Mhz: 700, Current Mhz: 700, Mhz Limit: 700
Processor Information for processor 3
  Max Mhz: 700, Current Mhz: 700, Mhz Limit: 700
Processor Information for processor 4
  Max Mhz: 700, Current Mhz: 700, Mhz Limit: 700
Processor Information for processor 5
  Max Mhz: 700, Current Mhz: 700, Mhz Limit: 700
Processor Information for processor 6
  Max Mhz: 700, Current Mhz: 700, Mhz Limit: 700
Processor Information for processor 7
  Max Mhz: 700, Current Mhz: 700, Mhz Limit: 700
Processor Information for processor 8
  Max Mhz: 700, Current Mhz: 700, Mhz Limit: 700
Processor Information for processor 9
  Max Mhz: 700, Current Mhz: 700, Mhz Limit: 700
Processor Information for processor 10
  Max Mhz: 1200, Current Mhz: 1200, Mhz Limit: 1200
Processor Information for processor 11
  Max Mhz: 1200, Current Mhz: 1200, Mhz Limit: 1200
Processor Information for processor 12
  Max Mhz: 1200, Current Mhz: 1200, Mhz Limit: 1200
Processor Information for processor 13
  Max Mhz: 1200, Current Mhz: 1200, Mhz Limit: 1200
Processor Information for processor 14
  Max Mhz: 1200, Current Mhz: 1200, Mhz Limit: 1200
Processor Information for processor 15
  Max Mhz: 1200, Current Mhz: 1200, Mhz Limit: 1200
Processor Information for processor 16
  Max Mhz: 700, Current Mhz: 700, Mhz Limit: 700
Processor Information for processor 17
  Max Mhz: 700, Current Mhz: 700, Mhz Limit: 700

Memory: 4k page, system-wide physical 15805M (349M free)
TotalPageFile size 31805M (AvailPageFile size 324M)
current process WorkingSet (physical memory assigned to process): 1864M, peak: 1889M
current process commit charge ("private bytes"): 2159M, peak: 2544M

vm_info: OpenJDK 64-Bit Server VM (25.0.2+-15348964-b329.117) for windows-amd64 JRE (25.0.2+-15348964-b329.117), built on 2026-05-05T18:25:19Z with MS VC++ 16.10 / 16.11 (VS2019)

END.
