#
# There is insufficient memory for the Java Runtime Environment to continue.
# Native memory allocation (malloc) failed to allocate 12341080 bytes. Error detail: Chunk::new
# Possible reasons:
#   The system is out of physical RAM or swap space
#   This process is running with CompressedOops enabled, and the Java Heap may be blocking the growth of the native heap
# Possible solutions:
#   Reduce memory load on the system
#   Increase physical memory or swap space
#   Check if swap backing store is full
#   Decrease Java heap size (-Xmx/-Xms)
#   Decrease number of Java threads
#   Decrease Java thread stack sizes (-Xss)
#   Set larger code cache with -XX:ReservedCodeCacheSize=
#   JVM is running with Zero Based Compressed Oops mode in which the Java heap is
#     placed in the first 32GB address space. The Java Heap base address is the
#     maximum limit for the native heap growth. Please use -XX:HeapBaseMinAddress
#     to set the Java Heap base and to place the Java Heap above 32GB virtual address.
# This output file may be truncated or incomplete.
#
#  Out of Memory Error (arena.cpp:186), pid=48964, tid=22388
#
# JRE version: OpenJDK Runtime Environment (25.0.2) (build 25.0.2+-15348964-b329.117)
# Java VM: OpenJDK 64-Bit Server VM (25.0.2+-15348964-b329.117, mixed mode, tiered, compressed oops, compressed class ptrs, g1 gc, windows-amd64)
# No core dump will be written. Minidumps are not enabled by default on client versions of Windows
#

---------------  S U M M A R Y ------------

Command Line: --add-opens=java.base/java.lang=ALL-UNNAMED --add-opens=java.base/java.lang.invoke=ALL-UNNAMED --add-opens=java.base/java.util=ALL-UNNAMED --add-opens=java.prefs/java.util.prefs=ALL-UNNAMED --add-exports=jdk.compiler/com.sun.tools.javac.api=ALL-UNNAMED --add-exports=jdk.compiler/com.sun.tools.javac.util=ALL-UNNAMED --add-opens=java.base/java.util=ALL-UNNAMED --add-opens=java.prefs/java.util.prefs=ALL-UNNAMED --add-opens=java.base/java.nio.charset=ALL-UNNAMED --add-opens=java.base/java.net=ALL-UNNAMED --add-opens=java.base/java.util.concurrent=ALL-UNNAMED --add-opens=java.base/java.util.concurrent.atomic=ALL-UNNAMED --add-opens=java.xml/javax.xml.namespace=ALL-UNNAMED --add-opens=java.base/java.time=ALL-UNNAMED --enable-native-access=ALL-UNNAMED -Xmx4g -Dfile.encoding=UTF-8 -Duser.country=IN -Duser.language=en -Duser.variant -javaagent:C:\Users\conne\.gradle\wrapper\dists\gradle-9.3.1-bin\23ovyewtku6u96viwx3xl3oks\gradle-9.3.1\lib\agents\gradle-instrumentation-agent-9.3.1.jar org.gradle.launcher.daemon.bootstrap.GradleDaemon 9.3.1

Host: Intel(R) Core(TM) Ultra 5 125H, 18 cores, 15G,  Windows 11 , 64 bit Build 26100 (10.0.26100.9168)
Time: Thu Aug 27 00:37:24 2026 India Standard Time elapsed time: 37.015194 seconds (0d 0h 0m 37s)

---------------  T H R E A D  ---------------

Current thread (0x000001fc3833d710):  JavaThread "C2 CompilerThread1" daemon [_thread_in_native, id=22388, stack(0x000000332cd00000,0x000000332ce00000) (1024K)]


Current CompileTask:
C2:37015 16130       4       java.lang.reflect.AccessibleObject::checkAccess (40 bytes)

Stack: [0x000000332cd00000,0x000000332ce00000]
Native frames: (J=compiled Java code, j=interpreted, Vv=VM code, C=native code)
V  [jvm.dll+0x7bd439]  (no source info available)
V  [jvm.dll+0x78763d]  (no source info available)
V  [jvm.dll+0xa0c885]  (no source info available)
V  [jvm.dll+0xa0ef04]  (no source info available)
V  [jvm.dll+0xa0f603]  (no source info available)
V  [jvm.dll+0x309bf6]  (no source info available)
V  [jvm.dll+0x10ea69]  (no source info available)
V  [jvm.dll+0x10ed92]  (no source info available)
V  [jvm.dll+0x1a9837]  (no source info available)
V  [jvm.dll+0x3bec92]  (no source info available)
V  [jvm.dll+0x7c2cb7]  (no source info available)
V  [jvm.dll+0x2ce046]  (no source info available)
V  [jvm.dll+0x2cd221]  (no source info available)
V  [jvm.dll+0x242ffa]  (no source info available)
V  [jvm.dll+0x2dcc05]  (no source info available)
V  [jvm.dll+0x2dae06]  (no source info available)
V  [jvm.dll+0x49b59e]  (no source info available)
V  [jvm.dll+0x9ab9c8]  (no source info available)
V  [jvm.dll+0x7bb985]  (no source info available)
C  [ucrtbase.dll+0x2cd30]  (no source info available)
C  [KERNEL32.DLL+0x2ccb7]  (no source info available)
C  [ntdll.dll+0xaad6c]  (no source info available)

Lock stack of current Java thread (top to bottom):


---------------  P R O C E S S  ---------------

Threads class SMR info:
_java_thread_list=0x000001fc385b56f0, length=69, elements={
0x000001fc144f2e90, 0x000001fc2f7c2d00, 0x000001fc2f7f98d0, 0x000001fc2f7fa490,
0x000001fc2f7fbec0, 0x000001fc2f7fc680, 0x000001fc2f7fd240, 0x000001fc2f7d64d0,
0x000001fc2f800140, 0x000001fc2f80b6b0, 0x000001fc3402c790, 0x000001fc363724a0,
0x000001fc367a0080, 0x000001fc363c9d90, 0x000001fc36286af0, 0x000001fc362781d0,
0x000001fc365433f0, 0x000001fc36529ca0, 0x000001fc3652db20, 0x000001fc3652eac0,
0x000001fc3652f290, 0x000001fc3652c3b0, 0x000001fc36530a00, 0x000001fc35692100,
0x000001fc2f7dffb0, 0x000001fc373b56e0, 0x000001fc373b37a0, 0x000001fc373b9560,
0x000001fc373b5eb0, 0x000001fc373b7620, 0x000001fc3874c100, 0x000001fc38748a50,
0x000001fc3874a1c0, 0x000001fc3874b160, 0x000001fc36d360c0, 0x000001fc3a093550,
0x000001fc3a095c60, 0x000001fc3a099ae0, 0x000001fc3a099310, 0x000001fc3a09a2b0,
0x000001fc3a097ba0, 0x000001fc36bcd6e0, 0x000001fc36bcb7a0, 0x000001fc36bccf10,
0x000001fc36bce680, 0x000001fc371590a0, 0x000001fc3715a810, 0x000001fc3715a040,
0x000001fc37157930, 0x000001fc3715dec0, 0x000001fc3715bf80, 0x000001fc3715c750,
0x000001fc3715d6f0, 0x000001fc353fd5e0, 0x000001fc353ffcf0, 0x000001fc35402400,
0x000001fc354052e0, 0x000001fc35404340, 0x000001fc35406a50, 0x000001fc35408990,
0x000001fc3540a100, 0x000001fc354079f0, 0x000001fc3540a8d0, 0x000001fc3540b870,
0x000001fc2fa85f90, 0x000001fc2fa828e0, 0x000001fc2fa86760, 0x000001fc2fa84050,
0x000001fc3833d710
}

Java Threads: ( => current thread )
  0x000001fc144f2e90 JavaThread "main"                              [_thread_blocked, id=37048, stack(0x000000332ce00000,0x000000332cf00000) (1024K)]
  0x000001fc2f7c2d00 JavaThread "Common-Cleaner"             daemon [_thread_blocked, id=46352, stack(0x000000332d600000,0x000000332d700000) (1024K)]
  0x000001fc2f7f98d0 JavaThread "Reference Handler"          daemon [_thread_blocked, id=32704, stack(0x000000332d700000,0x000000332d800000) (1024K)]
  0x000001fc2f7fa490 JavaThread "Finalizer"                  daemon [_thread_blocked, id=40236, stack(0x000000332d800000,0x000000332d900000) (1024K)]
  0x000001fc2f7fbec0 JavaThread "Signal Dispatcher"          daemon [_thread_blocked, id=49192, stack(0x000000332d900000,0x000000332da00000) (1024K)]
  0x000001fc2f7fc680 JavaThread "Attach Listener"            daemon [_thread_blocked, id=43076, stack(0x000000332da00000,0x000000332db00000) (1024K)]
  0x000001fc2f7fd240 JavaThread "Service Thread"             daemon [_thread_blocked, id=21424, stack(0x000000332db00000,0x000000332dc00000) (1024K)]
  0x000001fc2f7d64d0 JavaThread "Monitor Deflation Thread"   daemon [_thread_blocked, id=22612, stack(0x000000332dc00000,0x000000332dd00000) (1024K)]
  0x000001fc2f800140 JavaThread "C2 CompilerThread0"         daemon [_thread_blocked, id=48848, stack(0x000000332dd00000,0x000000332de00000) (1024K)]
  0x000001fc2f80b6b0 JavaThread "C1 CompilerThread0"         daemon [_thread_blocked, id=3832, stack(0x000000332de00000,0x000000332df00000) (1024K)]
  0x000001fc3402c790 JavaThread "Notification Thread"        daemon [_thread_blocked, id=21688, stack(0x000000332e000000,0x000000332e100000) (1024K)]
  0x000001fc363724a0 JavaThread "Daemon health stats"               [_thread_blocked, id=36984, stack(0x000000332e900000,0x000000332ea00000) (1024K)]
  0x000001fc367a0080 JavaThread "Incoming local TCP Connector on port 60249"        [_thread_in_native, id=38104, stack(0x000000332eb00000,0x000000332ec00000) (1024K)]
  0x000001fc363c9d90 JavaThread "Daemon periodic checks"            [_thread_blocked, id=18932, stack(0x000000332ec00000,0x000000332ed00000) (1024K)]
  0x000001fc36286af0 JavaThread "Daemon"                            [_thread_blocked, id=1984, stack(0x000000332ed00000,0x000000332ee00000) (1024K)]
  0x000001fc362781d0 JavaThread "Handler for socket connection from /127.0.0.1:60249 to /127.0.0.1:60250"        [_thread_in_native, id=27404, stack(0x000000332ee00000,0x000000332ef00000) (1024K)]
  0x000001fc365433f0 JavaThread "Cancel handler"                    [_thread_blocked, id=46596, stack(0x000000332fa00000,0x000000332fb00000) (1024K)]
  0x000001fc36529ca0 JavaThread "Daemon worker"                     [_thread_in_vm, id=45712, stack(0x000000332fb00000,0x000000332fc00000) (1024K)]
  0x000001fc3652db20 JavaThread "Asynchronous log dispatcher for DefaultDaemonConnection: socket connection from /127.0.0.1:60249 to /127.0.0.1:60250"        [_thread_blocked, id=32080, stack(0x000000332fc00000,0x000000332fd00000) (1024K)]
  0x000001fc3652eac0 JavaThread "Stdin handler"                     [_thread_blocked, id=4524, stack(0x000000332fd00000,0x000000332fe00000) (1024K)]
  0x000001fc3652f290 JavaThread "Daemon client event forwarder"        [_thread_blocked, id=28496, stack(0x000000332fe00000,0x000000332ff00000) (1024K)]
  0x000001fc3652c3b0 JavaThread "Cache worker for journal cache (C:\Users\conne\.gradle\caches\journal-1)"        [_thread_blocked, id=50884, stack(0x000000332ff00000,0x0000003330000000) (1024K)]
  0x000001fc36530a00 JavaThread "File lock request listener"        [_thread_in_native, id=47768, stack(0x0000003330000000,0x0000003330100000) (1024K)]
  0x000001fc35692100 JavaThread "Cache worker for file hash cache (C:\Users\conne\.gradle\caches\9.3.1\fileHashes)"        [_thread_blocked, id=12600, stack(0x000000332e100000,0x000000332e200000) (1024K)]
  0x000001fc2f7dffb0 JavaThread "Cache worker for file hash cache (C:\Users\conne\OneDrive\Desktop\MJ-\.gradle\9.3.1\fileHashes)"        [_thread_blocked, id=29492, stack(0x000000332e700000,0x000000332e800000) (1024K)]
  0x000001fc373b56e0 JavaThread "Cache worker for checksums cache (C:\Users\conne\OneDrive\Desktop\MJ-\.gradle\9.3.1\checksums)"        [_thread_blocked, id=28380, stack(0x000000332ea00000,0x000000332eb00000) (1024K)]
  0x000001fc373b37a0 JavaThread "Cache worker for Build Output Cleanup Cache (C:\Users\conne\OneDrive\Desktop\MJ-\.gradle\buildOutputCleanup)"        [_thread_blocked, id=9240, stack(0x0000003330400000,0x0000003330500000) (1024K)]
  0x000001fc373b9560 JavaThread "Cache worker for file content cache (C:\Users\conne\.gradle\caches\9.3.1\fileContent)"        [_thread_blocked, id=33424, stack(0x0000003330500000,0x0000003330600000) (1024K)]
  0x000001fc373b5eb0 JavaThread "File watcher server"        daemon [_thread_in_native, id=39684, stack(0x0000003330300000,0x0000003330400000) (1024K)]
  0x000001fc373b7620 JavaThread "File watcher consumer"      daemon [_thread_blocked, id=31768, stack(0x0000003330600000,0x0000003330700000) (1024K)]
  0x000001fc3874c100 JavaThread "Cache worker for cache directory md-supplier (C:\Users\conne\.gradle\caches\9.3.1\md-supplier)"        [_thread_blocked, id=38404, stack(0x0000003330800000,0x0000003330900000) (1024K)]
  0x000001fc38748a50 JavaThread "Cache worker for cache directory md-rule (C:\Users\conne\.gradle\caches\9.3.1\md-rule)"        [_thread_blocked, id=10932, stack(0x0000003330900000,0x0000003330a00000) (1024K)]
  0x000001fc3874a1c0 JavaThread "jar transforms"                    [_thread_blocked, id=29092, stack(0x0000003330700000,0x0000003330800000) (1024K)]
  0x000001fc3874b160 JavaThread "jar transforms Thread 2"           [_thread_blocked, id=47292, stack(0x0000003330a00000,0x0000003330b00000) (1024K)]
  0x000001fc36d360c0 JavaThread "jar transforms Thread 3"           [_thread_blocked, id=39816, stack(0x0000003330c00000,0x0000003330d00000) (1024K)]
  0x000001fc3a093550 JavaThread "jar transforms Thread 4"           [_thread_blocked, id=39588, stack(0x0000003330d00000,0x0000003330e00000) (1024K)]
  0x000001fc3a095c60 JavaThread "jar transforms Thread 5"           [_thread_blocked, id=39412, stack(0x0000003330e00000,0x0000003330f00000) (1024K)]
  0x000001fc3a099ae0 JavaThread "Unconstrained build operations"        [_thread_blocked, id=43860, stack(0x0000003330f00000,0x0000003331000000) (1024K)]
  0x000001fc3a099310 JavaThread "Unconstrained build operations Thread 2"        [_thread_blocked, id=20020, stack(0x0000003331000000,0x0000003331100000) (1024K)]
  0x000001fc3a09a2b0 JavaThread "Unconstrained build operations Thread 3"        [_thread_blocked, id=49856, stack(0x0000003331100000,0x0000003331200000) (1024K)]
  0x000001fc3a097ba0 JavaThread "Unconstrained build operations Thread 4"        [_thread_blocked, id=14952, stack(0x0000003331200000,0x0000003331300000) (1024K)]
  0x000001fc36bcd6e0 JavaThread "Unconstrained build operations Thread 5"        [_thread_blocked, id=50644, stack(0x0000003331300000,0x0000003331400000) (1024K)]
  0x000001fc36bcb7a0 JavaThread "Unconstrained build operations Thread 6"        [_thread_blocked, id=43632, stack(0x0000003331400000,0x0000003331500000) (1024K)]
  0x000001fc36bccf10 JavaThread "jar transforms Thread 6"           [_thread_blocked, id=32988, stack(0x0000003331500000,0x0000003331600000) (1024K)]
  0x000001fc36bce680 JavaThread "jar transforms Thread 7"           [_thread_blocked, id=23660, stack(0x0000003331600000,0x0000003331700000) (1024K)]
  0x000001fc371590a0 JavaThread "Unconstrained build operations Thread 7"        [_thread_blocked, id=37600, stack(0x0000003331700000,0x0000003331800000) (1024K)]
  0x000001fc3715a810 JavaThread "Unconstrained build operations Thread 8"        [_thread_blocked, id=43432, stack(0x0000003331800000,0x0000003331900000) (1024K)]
  0x000001fc3715a040 JavaThread "Unconstrained build operations Thread 9"        [_thread_blocked, id=35968, stack(0x0000003331900000,0x0000003331a00000) (1024K)]
  0x000001fc37157930 JavaThread "jar transforms Thread 8"           [_thread_blocked, id=30644, stack(0x0000003331a00000,0x0000003331b00000) (1024K)]
  0x000001fc3715dec0 JavaThread "jar transforms Thread 9"           [_thread_blocked, id=45216, stack(0x0000003331b00000,0x0000003331c00000) (1024K)]
  0x000001fc3715bf80 JavaThread "jar transforms Thread 10"          [_thread_blocked, id=44472, stack(0x0000003331c00000,0x0000003331d00000) (1024K)]
  0x000001fc3715c750 JavaThread "Unconstrained build operations Thread 10"        [_thread_blocked, id=31220, stack(0x0000003331d00000,0x0000003331e00000) (1024K)]
  0x000001fc3715d6f0 JavaThread "Unconstrained build operations Thread 11"        [_thread_blocked, id=47160, stack(0x0000003331e00000,0x0000003331f00000) (1024K)]
  0x000001fc353fd5e0 JavaThread "Unconstrained build operations Thread 12"        [_thread_blocked, id=15916, stack(0x0000003331f00000,0x0000003332000000) (1024K)]
  0x000001fc353ffcf0 JavaThread "Configuration cache report writer"        [_thread_blocked, id=50332, stack(0x000000332e200000,0x000000332e300000) (1024K)]
  0x000001fc35402400 JavaThread "Unconstrained build operations Thread 13"        [_thread_blocked, id=35724, stack(0x0000003332000000,0x0000003332100000) (1024K)]
  0x000001fc354052e0 JavaThread "Unconstrained build operations Thread 14"        [_thread_blocked, id=15644, stack(0x0000003332100000,0x0000003332200000) (1024K)]
  0x000001fc35404340 JavaThread "Unconstrained build operations Thread 15"        [_thread_blocked, id=5588, stack(0x0000003332200000,0x0000003332300000) (1024K)]
  0x000001fc35406a50 JavaThread "Unconstrained build operations Thread 16"        [_thread_blocked, id=32340, stack(0x0000003332300000,0x0000003332400000) (1024K)]
  0x000001fc35408990 JavaThread "Unconstrained build operations Thread 17"        [_thread_blocked, id=22308, stack(0x0000003332400000,0x0000003332500000) (1024K)]
  0x000001fc3540a100 JavaThread "Unconstrained build operations Thread 18"        [_thread_blocked, id=36116, stack(0x0000003332500000,0x0000003332600000) (1024K)]
  0x000001fc354079f0 JavaThread "Unconstrained build operations Thread 19"        [_thread_blocked, id=23948, stack(0x0000003332600000,0x0000003332700000) (1024K)]
  0x000001fc3540a8d0 JavaThread "Unconstrained build operations Thread 20"        [_thread_blocked, id=19804, stack(0x0000003332700000,0x0000003332800000) (1024K)]
  0x000001fc3540b870 JavaThread "Unconstrained build operations Thread 21"        [_thread_blocked, id=31892, stack(0x0000003332800000,0x0000003332900000) (1024K)]
  0x000001fc2fa85f90 JavaThread "build event listener"              [_thread_blocked, id=45844, stack(0x0000003332900000,0x0000003332a00000) (1024K)]
  0x000001fc2fa828e0 JavaThread "Memory manager"                    [_thread_blocked, id=32728, stack(0x0000003332a00000,0x0000003332b00000) (1024K)]
  0x000001fc2fa86760 JavaThread "build event listener"              [_thread_blocked, id=39504, stack(0x0000003330b00000,0x0000003330c00000) (1024K)]
  0x000001fc2fa84050 JavaThread "File lock release action executor"        [_thread_blocked, id=18324, stack(0x0000003332b00000,0x0000003332c00000) (1024K)]
=>0x000001fc3833d710 JavaThread "C2 CompilerThread1"         daemon [_thread_in_native, id=22388, stack(0x000000332cd00000,0x000000332ce00000) (1024K)]
Total: 69

Other Threads:
  0x000001fc2ecb82b0 VMThread "VM Thread"                           [id=3564, stack(0x000000332d500000,0x000000332d600000) (1024K)]
  0x000001fc2eb31490 WatcherThread "VM Periodic Task Thread"        [id=21164, stack(0x000000332d400000,0x000000332d500000) (1024K)]
  0x000001fc1455ce20 WorkerThread "GC Thread#0"                     [id=38204, stack(0x000000332cf00000,0x000000332d000000) (1024K)]
  0x000001fc34cb7ac0 WorkerThread "GC Thread#1"                     [id=21312, stack(0x000000332e300000,0x000000332e400000) (1024K)]
  0x000001fc34b40e00 WorkerThread "GC Thread#2"                     [id=26140, stack(0x000000332e400000,0x000000332e500000) (1024K)]
  0x000001fc34b41230 WorkerThread "GC Thread#3"                     [id=50456, stack(0x000000332e500000,0x000000332e600000) (1024K)]
  0x000001fc34b41660 WorkerThread "GC Thread#4"                     [id=48536, stack(0x000000332e600000,0x000000332e700000) (1024K)]
  0x000001fc34de8200 WorkerThread "GC Thread#5"                     [id=30788, stack(0x000000332e800000,0x000000332e900000) (1024K)]
  0x000001fc34decb50 WorkerThread "GC Thread#6"                     [id=15608, stack(0x000000332ef00000,0x000000332f000000) (1024K)]
  0x000001fc34dee980 WorkerThread "GC Thread#7"                     [id=17756, stack(0x000000332f000000,0x000000332f100000) (1024K)]
  0x000001fc34decfa0 WorkerThread "GC Thread#8"                     [id=23368, stack(0x000000332f100000,0x000000332f200000) (1024K)]
  0x000001fc34ded3f0 WorkerThread "GC Thread#9"                     [id=20860, stack(0x000000332f200000,0x000000332f300000) (1024K)]
  0x000001fc34ded840 WorkerThread "GC Thread#10"                    [id=35024, stack(0x000000332f300000,0x000000332f400000) (1024K)]
  0x000001fc34dee530 WorkerThread "GC Thread#11"                    [id=46992, stack(0x000000332f400000,0x000000332f500000) (1024K)]
  0x000001fc34dedc90 WorkerThread "GC Thread#12"                    [id=34896, stack(0x000000332f500000,0x000000332f600000) (1024K)]
  0x000001fc34dee0e0 WorkerThread "GC Thread#13"                    [id=50380, stack(0x000000332f600000,0x000000332f700000) (1024K)]
  0x000001fc1214e130 ConcurrentGCThread "G1 Main Marker"            [id=19284, stack(0x000000332d000000,0x000000332d100000) (1024K)]
  0x000001fc1214e780 WorkerThread "G1 Conc#0"                       [id=45256, stack(0x000000332d100000,0x000000332d200000) (1024K)]
  0x000001fc365a7780 WorkerThread "G1 Conc#1"                       [id=8932, stack(0x000000332f700000,0x000000332f800000) (1024K)]
  0x000001fc365a61f0 WorkerThread "G1 Conc#2"                       [id=48420, stack(0x000000332f800000,0x000000332f900000) (1024K)]
  0x000001fc365a6a90 WorkerThread "G1 Conc#3"                       [id=36252, stack(0x000000332f900000,0x000000332fa00000) (1024K)]
  0x000001fc2eb1eab0 ConcurrentGCThread "G1 Refine#0"               [id=30312, stack(0x000000332d200000,0x000000332d300000) (1024K)]
  0x000001fc1459e7d0 ConcurrentGCThread "G1 Service"                [id=37136, stack(0x000000332d300000,0x000000332d400000) (1024K)]
Total: 23

Threads with active compile tasks:
C2 CompilerThread1  37215 16130       4       java.lang.reflect.AccessibleObject::checkAccess (40 bytes)
Total: 1

VM state: not at safepoint (normal execution)

VM Mutex/Monitor currently owned by a thread: None

Heap address: 0x0000000700000000, size: 4096 MB, Compressed Oops mode: Zero based, Oop shift amount: 3

CDS archive(s) not mapped
Compressed class space mapped at: 0x0000000099000000-0x00000000d9000000, reserved size: 1073741824
UseCompressedClassPointers 1, UseCompactObjectHeaders 0
Narrow klass pointer bits 32, Max shift 3
Narrow klass base: 0x0000000000000000, Narrow klass shift: 0
Encoding Range: [0x0000000000000000 - 0x0000000100000000), (4294967296 bytes)
Klass Range:    [0x0000000099000000 - 0x00000000d9000000), (1073741824 bytes)
Klass ID Range:  [2566914048 - 3640655865) (1073741817)
No protection zone.

GC Precious Log:
 CardTable entry size: 512
 Card Set container configuration: InlinePtr #cards 4 size 8 Array Of Cards #cards 16 size 48 Howl #buckets 8 coarsen threshold 3686 Howl Bitmap #cards 512 size 80 coarsen threshold 460 Card regions per heap region 1 cards per card region 4096
 CPUs: 18 total, 18 available
 Memory: 15805M
 Large Page Support: Disabled
 NUMA Support: Disabled
 Compressed Oops: Enabled (Zero based)
 Heap Region Size: 2M
 Heap Min Capacity: 8M
 Heap Initial Capacity: 248M
 Heap Max Capacity: 4G
 Pre-touch: Disabled
 Parallel Workers: 14
 Concurrent Workers: 4
 Concurrent Refinement Workers: 14
 Periodic GC: Disabled

Heap:
 garbage-first heap   total reserved 4194304K, committed 188416K, used 141508K [0x0000000700000000, 0x0000000800000000)
  region size 2048K, 21 young (43008K), 5 survivors (10240K)

Heap Regions: E=young(eden), S=young(survivor), O=old, HS=humongous(starts), HC=humongous(continues), CS=collection set, F=free, TAMS=top-at-mark-start, PB=parsable bottom
|   0|0x0000000700000000, 0x0000000700200000, 0x0000000700200000|100%|HS|  |TAMS 0x0000000700000000| PB 0x0000000700000000| Complete |  0
|   1|0x0000000700200000, 0x0000000700400000, 0x0000000700400000|100%|HC|  |TAMS 0x0000000700200000| PB 0x0000000700200000| Complete |  0
|   2|0x0000000700400000, 0x0000000700600000, 0x0000000700600000|100%| O|  |TAMS 0x0000000700400000| PB 0x0000000700400000| Untracked |  0
|   3|0x0000000700600000, 0x0000000700800000, 0x0000000700800000|100%| O|  |TAMS 0x0000000700600000| PB 0x0000000700600000| Untracked |  0
|   4|0x0000000700800000, 0x0000000700a00000, 0x0000000700a00000|100%| O|  |TAMS 0x0000000700800000| PB 0x0000000700800000| Untracked |  0
|   5|0x0000000700a00000, 0x0000000700c00000, 0x0000000700c00000|100%| O|  |TAMS 0x0000000700a00000| PB 0x0000000700a00000| Untracked |  0
|   6|0x0000000700c00000, 0x0000000700e00000, 0x0000000700e00000|100%| O|  |TAMS 0x0000000700c00000| PB 0x0000000700c00000| Untracked |  0
|   7|0x0000000700e00000, 0x0000000701000000, 0x0000000701000000|100%| O|  |TAMS 0x0000000700e00000| PB 0x0000000700e00000| Untracked |  0
|   8|0x0000000701000000, 0x0000000701200000, 0x0000000701200000|100%| O|  |TAMS 0x0000000701000000| PB 0x0000000701000000| Untracked |  0
|   9|0x0000000701200000, 0x0000000701400000, 0x0000000701400000|100%| O|  |TAMS 0x0000000701200000| PB 0x0000000701200000| Untracked |  0
|  10|0x0000000701400000, 0x0000000701600000, 0x0000000701600000|100%| O|  |TAMS 0x0000000701400000| PB 0x0000000701400000| Untracked |  0
|  11|0x0000000701600000, 0x0000000701800000, 0x0000000701800000|100%|HS|  |TAMS 0x0000000701600000| PB 0x0000000701600000| Complete |  0
|  12|0x0000000701800000, 0x0000000701a00000, 0x0000000701a00000|100%| O|  |TAMS 0x0000000701800000| PB 0x0000000701800000| Untracked |  0
|  13|0x0000000701a00000, 0x0000000701c00000, 0x0000000701c00000|100%| O|  |TAMS 0x0000000701a00000| PB 0x0000000701a00000| Untracked |  0
|  14|0x0000000701c00000, 0x0000000701e00000, 0x0000000701e00000|100%| O|  |TAMS 0x0000000701c00000| PB 0x0000000701c00000| Untracked |  0
|  15|0x0000000701e00000, 0x0000000702000000, 0x0000000702000000|100%| O|  |TAMS 0x0000000701e00000| PB 0x0000000701e00000| Untracked |  0
|  16|0x0000000702000000, 0x0000000702200000, 0x0000000702200000|100%| O|  |TAMS 0x0000000702000000| PB 0x0000000702000000| Untracked |  0
|  17|0x0000000702200000, 0x0000000702400000, 0x0000000702400000|100%| O|  |TAMS 0x0000000702200000| PB 0x0000000702200000| Untracked |  0
|  18|0x0000000702400000, 0x0000000702600000, 0x0000000702600000|100%| O|  |TAMS 0x0000000702400000| PB 0x0000000702400000| Untracked |  0
|  19|0x0000000702600000, 0x0000000702800000, 0x0000000702800000|100%| O|  |TAMS 0x0000000702600000| PB 0x0000000702600000| Untracked |  0
|  20|0x0000000702800000, 0x0000000702a00000, 0x0000000702a00000|100%| O|  |TAMS 0x0000000702800000| PB 0x0000000702800000| Untracked |  0
|  21|0x0000000702a00000, 0x0000000702c00000, 0x0000000702c00000|100%| O|  |TAMS 0x0000000702a00000| PB 0x0000000702a00000| Untracked |  0
|  22|0x0000000702c00000, 0x0000000702e00000, 0x0000000702e00000|100%| O|  |TAMS 0x0000000702c00000| PB 0x0000000702c00000| Untracked |  0
|  23|0x0000000702e00000, 0x0000000703000000, 0x0000000703000000|100%| O|  |TAMS 0x0000000702e00000| PB 0x0000000702e00000| Untracked |  0
|  24|0x0000000703000000, 0x0000000703200000, 0x0000000703200000|100%| O|  |TAMS 0x0000000703000000| PB 0x0000000703000000| Untracked |  0
|  25|0x0000000703200000, 0x0000000703400000, 0x0000000703400000|100%| O|  |TAMS 0x0000000703200000| PB 0x0000000703200000| Untracked |  0
|  26|0x0000000703400000, 0x0000000703600000, 0x0000000703600000|100%| O|  |TAMS 0x0000000703400000| PB 0x0000000703400000| Untracked |  0
|  27|0x0000000703600000, 0x0000000703800000, 0x0000000703800000|100%|HS|  |TAMS 0x0000000703600000| PB 0x0000000703600000| Complete |  0
|  28|0x0000000703800000, 0x0000000703a00000, 0x0000000703a00000|100%| O|  |TAMS 0x0000000703800000| PB 0x0000000703800000| Untracked |  0
|  29|0x0000000703a00000, 0x0000000703c00000, 0x0000000703c00000|100%| O|  |TAMS 0x0000000703a00000| PB 0x0000000703a00000| Untracked |  0
|  30|0x0000000703c00000, 0x0000000703e00000, 0x0000000703e00000|100%| O|  |TAMS 0x0000000703c00000| PB 0x0000000703c00000| Untracked |  0
|  31|0x0000000703e00000, 0x0000000704000000, 0x0000000704000000|100%| O|  |TAMS 0x0000000703e00000| PB 0x0000000703e00000| Untracked |  0
|  32|0x0000000704000000, 0x0000000704200000, 0x0000000704200000|100%| O|  |TAMS 0x0000000704000000| PB 0x0000000704000000| Untracked |  0
|  33|0x0000000704200000, 0x0000000704400000, 0x0000000704400000|100%| O|  |TAMS 0x0000000704200000| PB 0x0000000704200000| Untracked |  0
|  34|0x0000000704400000, 0x0000000704431100, 0x0000000704600000|  9%| S|CS|TAMS 0x0000000704400000| PB 0x0000000704400000| Complete |  0
|  35|0x0000000704600000, 0x0000000704600000, 0x0000000704800000|  0%| F|  |TAMS 0x0000000704600000| PB 0x0000000704600000| Untracked |  0
|  36|0x0000000704800000, 0x0000000704800000, 0x0000000704a00000|  0%| F|  |TAMS 0x0000000704800000| PB 0x0000000704800000| Untracked |  0
|  37|0x0000000704a00000, 0x0000000704c00000, 0x0000000704c00000|100%| O|  |TAMS 0x0000000704a00000| PB 0x0000000704a00000| Untracked |  0
|  38|0x0000000704c00000, 0x0000000704e00000, 0x0000000704e00000|100%| O|  |TAMS 0x0000000704c00000| PB 0x0000000704c00000| Untracked |  0
|  39|0x0000000704e00000, 0x0000000705000000, 0x0000000705000000|100%| O|Cm|TAMS 0x0000000704e00000| PB 0x0000000704e00000| Complete |  0
|  40|0x0000000705000000, 0x0000000705200000, 0x0000000705200000|100%| O|  |TAMS 0x0000000705000000| PB 0x0000000705000000| Untracked |  0
|  41|0x0000000705200000, 0x0000000705400000, 0x0000000705400000|100%| O|  |TAMS 0x0000000705200000| PB 0x0000000705200000| Untracked |  0
|  42|0x0000000705400000, 0x0000000705600000, 0x0000000705600000|100%| S|CS|TAMS 0x0000000705400000| PB 0x0000000705400000| Complete |  0
|  43|0x0000000705600000, 0x0000000705800000, 0x0000000705800000|100%| S|CS|TAMS 0x0000000705600000| PB 0x0000000705600000| Complete |  0
|  44|0x0000000705800000, 0x0000000705a00000, 0x0000000705a00000|100%| S|CS|TAMS 0x0000000705800000| PB 0x0000000705800000| Complete |  0
|  45|0x0000000705a00000, 0x0000000705a00000, 0x0000000705c00000|  0%| F|  |TAMS 0x0000000705a00000| PB 0x0000000705a00000| Untracked |  0
|  46|0x0000000705c00000, 0x0000000705c00000, 0x0000000705e00000|  0%| F|  |TAMS 0x0000000705c00000| PB 0x0000000705c00000| Untracked |  0
|  47|0x0000000705e00000, 0x0000000706000000, 0x0000000706000000|100%| S|CS|TAMS 0x0000000705e00000| PB 0x0000000705e00000| Complete |  0
|  48|0x0000000706000000, 0x0000000706000000, 0x0000000706200000|  0%| F|  |TAMS 0x0000000706000000| PB 0x0000000706000000| Untracked |  0
|  49|0x0000000706200000, 0x0000000706200000, 0x0000000706400000|  0%| F|  |TAMS 0x0000000706200000| PB 0x0000000706200000| Untracked |  0
|  50|0x0000000706400000, 0x0000000706400000, 0x0000000706600000|  0%| F|  |TAMS 0x0000000706400000| PB 0x0000000706400000| Untracked |  0
|  51|0x0000000706600000, 0x0000000706600000, 0x0000000706800000|  0%| F|  |TAMS 0x0000000706600000| PB 0x0000000706600000| Untracked |  0
|  52|0x0000000706800000, 0x0000000706800000, 0x0000000706a00000|  0%| F|  |TAMS 0x0000000706800000| PB 0x0000000706800000| Untracked |  0
|  53|0x0000000706a00000, 0x0000000706a00000, 0x0000000706c00000|  0%| F|  |TAMS 0x0000000706a00000| PB 0x0000000706a00000| Untracked |  0
|  54|0x0000000706c00000, 0x0000000706c00000, 0x0000000706e00000|  0%| F|  |TAMS 0x0000000706c00000| PB 0x0000000706c00000| Untracked |  0
|  55|0x0000000706e00000, 0x0000000706e00000, 0x0000000707000000|  0%| F|  |TAMS 0x0000000706e00000| PB 0x0000000706e00000| Untracked |  0
|  56|0x0000000707000000, 0x0000000707000000, 0x0000000707200000|  0%| F|  |TAMS 0x0000000707000000| PB 0x0000000707000000| Untracked |  0
|  57|0x0000000707200000, 0x0000000707200000, 0x0000000707400000|  0%| F|  |TAMS 0x0000000707200000| PB 0x0000000707200000| Untracked |  0
|  58|0x0000000707400000, 0x0000000707400000, 0x0000000707600000|  0%| F|  |TAMS 0x0000000707400000| PB 0x0000000707400000| Untracked |  0
|  59|0x0000000707600000, 0x0000000707600000, 0x0000000707800000|  0%| F|  |TAMS 0x0000000707600000| PB 0x0000000707600000| Untracked |  0
|  60|0x0000000707800000, 0x0000000707800000, 0x0000000707a00000|  0%| F|  |TAMS 0x0000000707800000| PB 0x0000000707800000| Untracked |  0
|  61|0x0000000707a00000, 0x0000000707a00000, 0x0000000707c00000|  0%| F|  |TAMS 0x0000000707a00000| PB 0x0000000707a00000| Untracked |  0
|  62|0x0000000707c00000, 0x0000000707c00000, 0x0000000707e00000|  0%| F|  |TAMS 0x0000000707c00000| PB 0x0000000707c00000| Untracked |  0
|  63|0x0000000707e00000, 0x0000000707e00000, 0x0000000708000000|  0%| F|  |TAMS 0x0000000707e00000| PB 0x0000000707e00000| Untracked |  0
|  64|0x0000000708000000, 0x0000000708000000, 0x0000000708200000|  0%| F|  |TAMS 0x0000000708000000| PB 0x0000000708000000| Untracked |  0
|  65|0x0000000708200000, 0x0000000708400000, 0x0000000708400000|100%| E|  |TAMS 0x0000000708200000| PB 0x0000000708200000| Complete |  0
|  66|0x0000000708400000, 0x0000000708600000, 0x0000000708600000|100%| E|CS|TAMS 0x0000000708400000| PB 0x0000000708400000| Complete |  0
|  67|0x0000000708600000, 0x0000000708800000, 0x0000000708800000|100%| E|CS|TAMS 0x0000000708600000| PB 0x0000000708600000| Complete |  0
|  68|0x0000000708800000, 0x0000000708a00000, 0x0000000708a00000|100%| E|CS|TAMS 0x0000000708800000| PB 0x0000000708800000| Complete |  0
|  69|0x0000000708a00000, 0x0000000708c00000, 0x0000000708c00000|100%| E|CS|TAMS 0x0000000708a00000| PB 0x0000000708a00000| Complete |  0
|  85|0x000000070aa00000, 0x000000070ac00000, 0x000000070ac00000|100%| E|CS|TAMS 0x000000070aa00000| PB 0x000000070aa00000| Complete |  0
|  86|0x000000070ac00000, 0x000000070ae00000, 0x000000070ae00000|100%| E|CS|TAMS 0x000000070ac00000| PB 0x000000070ac00000| Complete |  0
|  87|0x000000070ae00000, 0x000000070b000000, 0x000000070b000000|100%| E|CS|TAMS 0x000000070ae00000| PB 0x000000070ae00000| Complete |  0
|  88|0x000000070b000000, 0x000000070b200000, 0x000000070b200000|100%| E|CS|TAMS 0x000000070b000000| PB 0x000000070b000000| Complete |  0
|  89|0x000000070b200000, 0x000000070b400000, 0x000000070b400000|100%| E|CS|TAMS 0x000000070b200000| PB 0x000000070b200000| Complete |  0
|  90|0x000000070b400000, 0x000000070b600000, 0x000000070b600000|100%| E|CS|TAMS 0x000000070b400000| PB 0x000000070b400000| Complete |  0
|  91|0x000000070b600000, 0x000000070b800000, 0x000000070b800000|100%| E|CS|TAMS 0x000000070b600000| PB 0x000000070b600000| Complete |  0
|  92|0x000000070b800000, 0x000000070ba00000, 0x000000070ba00000|100%| E|CS|TAMS 0x000000070b800000| PB 0x000000070b800000| Complete |  0
| 123|0x000000070f600000, 0x000000070f800000, 0x000000070f800000|100%| E|CS|TAMS 0x000000070f600000| PB 0x000000070f600000| Complete |  0
|2035|0x00000007fe600000, 0x00000007fe800000, 0x00000007fe800000|100%| O|  |TAMS 0x00000007fe600000| PB 0x00000007fe600000| Untracked |  0
|2036|0x00000007fe800000, 0x00000007fea00000, 0x00000007fea00000|100%| O|  |TAMS 0x00000007fe800000| PB 0x00000007fe800000| Untracked |  0
|2037|0x00000007fea00000, 0x00000007fec00000, 0x00000007fec00000|100%| E|CS|TAMS 0x00000007fea00000| PB 0x00000007fea00000| Complete |  0
|2038|0x00000007fec00000, 0x00000007fee00000, 0x00000007fee00000|100%| E|CS|TAMS 0x00000007fec00000| PB 0x00000007fec00000| Complete |  0
|2039|0x00000007fee00000, 0x00000007ff000000, 0x00000007ff000000|100%| O|Cm|TAMS 0x00000007fee00000| PB 0x00000007fee00000| Complete |  0
|2040|0x00000007ff000000, 0x00000007ff200000, 0x00000007ff200000|100%| O|  |TAMS 0x00000007ff000000| PB 0x00000007ff000000| Untracked |  0
|2041|0x00000007ff200000, 0x00000007ff400000, 0x00000007ff400000|100%| O|  |TAMS 0x00000007ff200000| PB 0x00000007ff200000| Untracked |  0
|2042|0x00000007ff400000, 0x00000007ff600000, 0x00000007ff600000|100%| O|  |TAMS 0x00000007ff400000| PB 0x00000007ff400000| Untracked |  0
|2043|0x00000007ff600000, 0x00000007ff800000, 0x00000007ff800000|100%| O|  |TAMS 0x00000007ff600000| PB 0x00000007ff600000| Untracked |  0
|2044|0x00000007ff800000, 0x00000007ffa00000, 0x00000007ffa00000|100%| O|  |TAMS 0x00000007ff800000| PB 0x00000007ff800000| Untracked |  0
|2045|0x00000007ffa00000, 0x00000007ffc00000, 0x00000007ffc00000|100%| O|  |TAMS 0x00000007ffa00000| PB 0x00000007ffa00000| Untracked |  0
|2046|0x00000007ffc00000, 0x00000007ffe00000, 0x00000007ffe00000|100%| O|  |TAMS 0x00000007ffc00000| PB 0x00000007ffc00000| Untracked |  0
|2047|0x00000007ffe00000, 0x0000000800000000, 0x0000000800000000|100%| O|  |TAMS 0x00000007ffe00000| PB 0x00000007ffe00000| Untracked |  0

Card table byte_map: [0x000001fc27c90000,0x000001fc28490000] _byte_map_base: 0x000001fc24490000

Marking Bits: (CMBitMap*) 0x000001fc1455d460
 Bits: [0x000001fc28490000, 0x000001fc2c490000)

Polling page: 0x000001fc12020000

Metaspace:
Metaspace        used 121400K, committed 123648K, reserved 1179648K
 class space     used 17927K, committed 19008K, reserved 1048576K

Usage:
  Non-class:    101.05 MB used.
      Class:     17.51 MB used.
       Both:    118.55 MB used.

Virtual space:
  Non-class space:      128.00 MB reserved,     102.19 MB ( 80%) committed,  2 nodes.
      Class space:        1.00 GB reserved,      18.56 MB (  2%) committed,  1 nodes.
             Both:        1.12 GB reserved,     120.75 MB ( 10%) committed. 

Chunk freelists:
   Non-Class:  9.62 MB
       Class:  13.48 MB
        Both:  23.11 MB

MaxMetaspaceSize: unlimited
CompressedClassSpaceSize: 1.00 GB
Initial GC threshold: 21.00 MB
Current GC threshold: 197.19 MB
CDS: off
 - commit_granule_bytes: 65536.
 - commit_granule_words: 8192.
 - virtual_space_node_default_size: 8388608.
 - enlarge_chunks_in_place: 1.
UseCompressedClassPointers 1, UseCompactObjectHeaders 0
Narrow klass pointer bits 32, Max shift 3
Narrow klass base: 0x0000000000000000, Narrow klass shift: 0
Encoding Range: [0x0000000000000000 - 0x0000000100000000), (4294967296 bytes)
Klass Range:    [0x0000000099000000 - 0x00000000d9000000), (1073741824 bytes)
Klass ID Range:  [2566914048 - 3640655865) (1073741817)
No protection zone.


Internal statistics:

num_allocs_failed_limit: 9.
num_arena_births: 4390.
num_arena_deaths: 2.
num_vsnodes_births: 3.
num_vsnodes_deaths: 0.
num_space_committed: 1932.
num_space_uncommitted: 0.
num_chunks_returned_to_freelist: 20.
num_chunks_taken_from_freelist: 9352.
num_chunk_merges: 11.
num_chunk_splits: 6209.
num_chunks_enlarged: 4085.
num_inconsistent_stats: 0.

CodeHeap 'non-profiled nmethods': size=119232Kb used=5955Kb max_used=6099Kb free=113276Kb
 bounds [0x000001fc1f560000, 0x000001fc1fb60000, 0x000001fc269d0000]
CodeHeap 'profiled nmethods': size=119104Kb used=19333Kb max_used=19774Kb free=99770Kb
 bounds [0x000001fc179d0000, 0x000001fc18d20000, 0x000001fc1ee20000]
CodeHeap 'non-nmethods': size=7424Kb used=2073Kb max_used=3863Kb free=5350Kb
 bounds [0x000001fc1ee20000, 0x000001fc1f200000, 0x000001fc1f560000]
CodeCache: size=245760Kb, used=27361Kb, max_used=29736Kb, free=218396Kb
 total_blobs=14447, nmethods=13512, adapters=836, full_count=0
Compilation: enabled, stopped_count=0, restarted_count=0

Compilation events (20 events):
Event: 35.945 Thread 0x000001fc380e1a90 16171       3       com.sun.org.apache.xerces.internal.impl.XMLEntityScanner::checkEntityLimit (50 bytes)
Event: 35.946 Thread 0x000001fc380e1a90 nmethod 16171 0x000001fc183d2188 code [0x000001fc183d2280, 0x000001fc183d2580]
Event: 35.947 Thread 0x000001fc380e1a90 16172       1       com.sun.org.apache.xerces.internal.impl.XMLDocumentFragmentScannerImpl::setScannerState (6 bytes)
Event: 35.947 Thread 0x000001fc2f80b6b0 16173       3       com.sun.org.apache.xerces.internal.impl.XMLEntityScanner::checkBeforeLoad (140 bytes)
Event: 35.947 Thread 0x000001fc380e1a90 nmethod 16172 0x000001fc1f941708 code [0x000001fc1f941800, 0x000001fc1f9418c8]
Event: 35.948 Thread 0x000001fc2f80b6b0 nmethod 16173 0x000001fc18720c08 code [0x000001fc18720d00, 0x000001fc18721230]
Event: 35.954 Thread 0x000001fc380e1a90 16174       3       com.fasterxml.jackson.core.json.WriterBasedJsonGenerator::_prependOrWriteCharacterEscape (489 bytes)
Event: 35.954 Thread 0x000001fc2f800140 nmethod 16169 0x000001fc1fa94f88 code [0x000001fc1fa95080, 0x000001fc1fa957a8]
Event: 35.954 Thread 0x000001fc2f800140 16164       4       java.util.regex.CharPredicates$$Lambda/0x00000000997e7608::is (5 bytes)
Event: 35.955 Thread 0x000001fc2f800140 nmethod 16164 0x000001fc1fa94c88 code [0x000001fc1fa94d80, 0x000001fc1fa94e68]
Event: 35.955 Thread 0x000001fc380e1a90 nmethod 16174 0x000001fc17bb7c08 code [0x000001fc17bb7d00, 0x000001fc17bb8df8]
Event: 35.955 Thread 0x000001fc2f800140 16170   !   4       java.util.regex.Matcher::appendReplacement (65 bytes)
Event: 35.969 Thread 0x000001fc2f800140 nmethod 16170 0x000001fc1fa07288 code [0x000001fc1fa07380, 0x000001fc1fa07ed0]
Event: 35.993 Thread 0x000001fc2f800140 16175       4       java.lang.invoke.MethodHandle::asType (28 bytes)
Event: 35.996 Thread 0x000001fc2f800140 nmethod 16175 0x000001fc1fa94788 code [0x000001fc1fa94880, 0x000001fc1fa94a58]
Event: 36.016 Thread 0x000001fc2f80b6b0 16176       3       org.gradle.api.internal.provider.DefaultMapProperty::calculateValueFrom (11 bytes)
Event: 36.016 Thread 0x000001fc380e1a90 16177       3       org.gradle.api.internal.provider.DefaultMapProperty::calculateValueFrom (8 bytes)
Event: 36.016 Thread 0x000001fc380e1a90 nmethod 16177 0x000001fc1851e788 code [0x000001fc1851e880, 0x000001fc1851ea48]
Event: 36.016 Thread 0x000001fc2f80b6b0 nmethod 16176 0x000001fc18595f08 code [0x000001fc18596000, 0x000001fc18596310]
Event: 36.017 Thread 0x000001fc2f800140 16178       4       java.util.HashMap::entrySet (27 bytes)

GC Heap Usage History (20 events):
Event: 20.676 {heap Before GC invocations=42 (full 0):
 garbage-first heap   total reserved 4194304K, committed 135168K, used 123639K [0x0000000700000000, 0x0000000800000000)
  region size 2048K, 31 young (63488K), 3 survivors (6144K)
}
Event: 20.679 {heap After GC invocations=43 (full 0):
 garbage-first heap   total reserved 4194304K, committed 163840K, used 66763K [0x0000000700000000, 0x0000000800000000)
  region size 2048K, 3 young (6144K), 3 survivors (6144K)
}
Event: 21.229 {heap Before GC invocations=44 (full 0):
 garbage-first heap   total reserved 4194304K, committed 163840K, used 99531K [0x0000000700000000, 0x0000000800000000)
  region size 2048K, 21 young (43008K), 3 survivors (6144K)
}
Event: 21.235 {heap After GC invocations=45 (full 0):
 garbage-first heap   total reserved 4194304K, committed 163840K, used 71965K [0x0000000700000000, 0x0000000800000000)
  region size 2048K, 5 young (10240K), 5 survivors (10240K)
}
Event: 22.699 {heap Before GC invocations=46 (full 0):
 garbage-first heap   total reserved 4194304K, committed 163840K, used 153885K [0x0000000700000000, 0x0000000800000000)
  region size 2048K, 45 young (92160K), 5 survivors (10240K)
}
Event: 22.708 {heap After GC invocations=47 (full 0):
 garbage-first heap   total reserved 4194304K, committed 184320K, used 90536K [0x0000000700000000, 0x0000000800000000)
  region size 2048K, 6 young (12288K), 6 survivors (12288K)
}
Event: 23.176 {heap Before GC invocations=47 (full 0):
 garbage-first heap   total reserved 4194304K, committed 184320K, used 111016K [0x0000000700000000, 0x0000000800000000)
  region size 2048K, 17 young (34816K), 6 survivors (12288K)
}
Event: 23.181 {heap After GC invocations=48 (full 0):
 garbage-first heap   total reserved 4194304K, committed 184320K, used 91538K [0x0000000700000000, 0x0000000800000000)
  region size 2048K, 4 young (8192K), 4 survivors (8192K)
}
Event: 24.720 {heap Before GC invocations=49 (full 0):
 garbage-first heap   total reserved 4194304K, committed 184320K, used 167314K [0x0000000700000000, 0x0000000800000000)
  region size 2048K, 41 young (83968K), 4 survivors (8192K)
}
Event: 24.725 {heap After GC invocations=50 (full 0):
 garbage-first heap   total reserved 4194304K, committed 186368K, used 101059K [0x0000000700000000, 0x0000000800000000)
  region size 2048K, 6 young (12288K), 6 survivors (12288K)
}
Event: 25.941 {heap Before GC invocations=50 (full 0):
 garbage-first heap   total reserved 4194304K, committed 186368K, used 166595K [0x0000000700000000, 0x0000000800000000)
  region size 2048K, 39 young (79872K), 6 survivors (12288K)
}
Event: 25.946 {heap After GC invocations=51 (full 0):
 garbage-first heap   total reserved 4194304K, committed 186368K, used 101751K [0x0000000700000000, 0x0000000800000000)
  region size 2048K, 3 young (6144K), 3 survivors (6144K)
}
Event: 27.158 {heap Before GC invocations=51 (full 0):
 garbage-first heap   total reserved 4194304K, committed 186368K, used 167287K [0x0000000700000000, 0x0000000800000000)
  region size 2048K, 35 young (71680K), 3 survivors (6144K)
}
Event: 27.165 {heap After GC invocations=52 (full 0):
 garbage-first heap   total reserved 4194304K, committed 186368K, used 104818K [0x0000000700000000, 0x0000000800000000)
  region size 2048K, 4 young (8192K), 4 survivors (8192K)
}
Event: 28.744 {heap Before GC invocations=53 (full 0):
 garbage-first heap   total reserved 4194304K, committed 186368K, used 170354K [0x0000000700000000, 0x0000000800000000)
  region size 2048K, 36 young (73728K), 4 survivors (8192K)
}
Event: 28.751 {heap After GC invocations=54 (full 0):
 garbage-first heap   total reserved 4194304K, committed 186368K, used 106887K [0x0000000700000000, 0x0000000800000000)
  region size 2048K, 3 young (6144K), 3 survivors (6144K)
}
Event: 31.154 {heap Before GC invocations=54 (full 0):
 garbage-first heap   total reserved 4194304K, committed 186368K, used 172423K [0x0000000700000000, 0x0000000800000000)
  region size 2048K, 35 young (71680K), 3 survivors (6144K)
}
Event: 31.165 {heap After GC invocations=55 (full 0):
 garbage-first heap   total reserved 4194304K, committed 186368K, used 107556K [0x0000000700000000, 0x0000000800000000)
  region size 2048K, 4 young (8192K), 4 survivors (8192K)
}
Event: 34.818 {heap Before GC invocations=55 (full 0):
 garbage-first heap   total reserved 4194304K, committed 186368K, used 173092K [0x0000000700000000, 0x0000000800000000)
  region size 2048K, 36 young (73728K), 4 survivors (8192K)
}
Event: 34.832 {heap After GC invocations=56 (full 0):
 garbage-first heap   total reserved 4194304K, committed 186368K, used 110788K [0x0000000700000000, 0x0000000800000000)
  region size 2048K, 5 young (10240K), 5 survivors (10240K)
}

Metaspace Usage History (20 events):
Event: 20.676 {metaspace Before GC invocations=42 (full 0):
 Metaspace       used 83961K, committed 86016K, reserved 1179648K
  class space    used 12304K, committed 13248K, reserved 1048576K
}
Event: 20.679 {metaspace After GC invocations=43 (full 0):
 Metaspace       used 83961K, committed 86016K, reserved 1179648K
  class space    used 12304K, committed 13248K, reserved 1048576K
}
Event: 21.229 {metaspace Before GC invocations=44 (full 0):
 Metaspace       used 84442K, committed 86464K, reserved 1179648K
  class space    used 12365K, committed 13312K, reserved 1048576K
}
Event: 21.235 {metaspace After GC invocations=45 (full 0):
 Metaspace       used 84442K, committed 86464K, reserved 1179648K
  class space    used 12365K, committed 13312K, reserved 1048576K
}
Event: 22.699 {metaspace Before GC invocations=46 (full 0):
 Metaspace       used 90021K, committed 91968K, reserved 1179648K
  class space    used 13040K, committed 13952K, reserved 1048576K
}
Event: 22.708 {metaspace After GC invocations=47 (full 0):
 Metaspace       used 90021K, committed 91968K, reserved 1179648K
  class space    used 13040K, committed 13952K, reserved 1048576K
}
Event: 23.176 {metaspace Before GC invocations=47 (full 0):
 Metaspace       used 91964K, committed 94080K, reserved 1179648K
  class space    used 13395K, committed 14400K, reserved 1048576K
}
Event: 23.181 {metaspace After GC invocations=48 (full 0):
 Metaspace       used 91964K, committed 94080K, reserved 1179648K
  class space    used 13395K, committed 14400K, reserved 1048576K
}
Event: 24.720 {metaspace Before GC invocations=49 (full 0):
 Metaspace       used 98010K, committed 100032K, reserved 1179648K
  class space    used 14241K, committed 15168K, reserved 1048576K
}
Event: 24.725 {metaspace After GC invocations=50 (full 0):
 Metaspace       used 98010K, committed 100032K, reserved 1179648K
  class space    used 14241K, committed 15168K, reserved 1048576K
}
Event: 25.941 {metaspace Before GC invocations=50 (full 0):
 Metaspace       used 102189K, committed 104320K, reserved 1179648K
  class space    used 14807K, committed 15808K, reserved 1048576K
}
Event: 25.946 {metaspace After GC invocations=51 (full 0):
 Metaspace       used 102189K, committed 104320K, reserved 1179648K
  class space    used 14807K, committed 15808K, reserved 1048576K
}
Event: 27.158 {metaspace Before GC invocations=51 (full 0):
 Metaspace       used 105775K, committed 107904K, reserved 1179648K
  class space    used 15324K, committed 16320K, reserved 1048576K
}
Event: 27.165 {metaspace After GC invocations=52 (full 0):
 Metaspace       used 105775K, committed 107904K, reserved 1179648K
  class space    used 15324K, committed 16320K, reserved 1048576K
}
Event: 28.744 {metaspace Before GC invocations=53 (full 0):
 Metaspace       used 110008K, committed 112192K, reserved 1179648K
  class space    used 16078K, committed 17088K, reserved 1048576K
}
Event: 28.751 {metaspace After GC invocations=54 (full 0):
 Metaspace       used 110008K, committed 112192K, reserved 1179648K
  class space    used 16078K, committed 17088K, reserved 1048576K
}
Event: 31.154 {metaspace Before GC invocations=54 (full 0):
 Metaspace       used 114322K, committed 116544K, reserved 1179648K
  class space    used 16826K, committed 17856K, reserved 1048576K
}
Event: 31.165 {metaspace After GC invocations=55 (full 0):
 Metaspace       used 114322K, committed 116544K, reserved 1179648K
  class space    used 16826K, committed 17856K, reserved 1048576K
}
Event: 34.818 {metaspace Before GC invocations=55 (full 0):
 Metaspace       used 118676K, committed 120896K, reserved 1179648K
  class space    used 17504K, committed 18560K, reserved 1048576K
}
Event: 34.832 {metaspace After GC invocations=56 (full 0):
 Metaspace       used 118676K, committed 120896K, reserved 1179648K
  class space    used 17504K, committed 18560K, reserved 1048576K
}

Dll operation events (3 events):
Event: 0.018 Loaded shared library C:\Program Files\Android\Android Studio1\jbr\bin\java.dll
Event: 0.026 Loaded shared library C:\Program Files\Android\Android Studio1\jbr\bin\zip.dll
Event: 1.129 Loaded shared library C:\Program Files\Android\Android Studio1\jbr\bin\verify.dll

Deoptimization events (20 events):
Event: 34.751 Thread 0x000001fc36529ca0 Uncommon trap: trap_request=0xffffffc6 fr.pc=0x000001fc1faffbe8 relative=0x0000000000000168
Event: 34.751 Thread 0x000001fc36529ca0 Uncommon trap: reason=bimorphic_or_optimized_type_check action=maybe_recompile pc=0x000001fc1faffbe8 method=java.lang.Throwable.<init>()V @ 24 c2
Event: 34.751 Thread 0x000001fc36529ca0 DEOPT PACKING pc=0x000001fc1faffbe8 sp=0x000000332fbf7090
Event: 34.751 Thread 0x000001fc36529ca0 DEOPT UNPACKING pc=0x000001fc1ef38582 sp=0x000000332fbf7028 mode 2
Event: 34.793 Thread 0x000001fc36529ca0 Uncommon trap: trap_request=0xffffffc6 fr.pc=0x000001fc1faffbe8 relative=0x0000000000000168
Event: 34.793 Thread 0x000001fc36529ca0 Uncommon trap: reason=bimorphic_or_optimized_type_check action=maybe_recompile pc=0x000001fc1faffbe8 method=java.lang.Throwable.<init>()V @ 24 c2
Event: 34.793 Thread 0x000001fc36529ca0 DEOPT PACKING pc=0x000001fc1faffbe8 sp=0x000000332fbf7800
Event: 34.793 Thread 0x000001fc36529ca0 DEOPT UNPACKING pc=0x000001fc1ef38582 sp=0x000000332fbf7798 mode 2
Event: 35.169 Thread 0x000001fc36529ca0 Uncommon trap: trap_request=0xffffffc6 fr.pc=0x000001fc1faffbe8 relative=0x0000000000000168
Event: 35.169 Thread 0x000001fc36529ca0 Uncommon trap: reason=bimorphic_or_optimized_type_check action=maybe_recompile pc=0x000001fc1faffbe8 method=java.lang.Throwable.<init>()V @ 24 c2
Event: 35.169 Thread 0x000001fc36529ca0 DEOPT PACKING pc=0x000001fc1faffbe8 sp=0x000000332fbf75a0
Event: 35.169 Thread 0x000001fc36529ca0 DEOPT UNPACKING pc=0x000001fc1ef38582 sp=0x000000332fbf7538 mode 2
Event: 35.914 Thread 0x000001fc36529ca0 Uncommon trap: trap_request=0xffffff45 fr.pc=0x000001fc1fafabec relative=0x000000000000056c
Event: 35.914 Thread 0x000001fc36529ca0 Uncommon trap: reason=unstable_if action=reinterpret pc=0x000001fc1fafabec method=java.util.regex.Matcher.find()Z @ 10 c2
Event: 35.914 Thread 0x000001fc36529ca0 DEOPT PACKING pc=0x000001fc1fafabec sp=0x000000332fbf8550
Event: 35.914 Thread 0x000001fc36529ca0 DEOPT UNPACKING pc=0x000001fc1ef38582 sp=0x000000332fbf8530 mode 2
Event: 35.944 Thread 0x000001fc36529ca0 Uncommon trap: trap_request=0xffffff45 fr.pc=0x000001fc1f6c2848 relative=0x00000000000004c8
Event: 35.944 Thread 0x000001fc36529ca0 Uncommon trap: reason=unstable_if action=reinterpret pc=0x000001fc1f6c2848 method=java.lang.CharacterDataLatin1.digit(II)I @ 12 c2
Event: 35.944 Thread 0x000001fc36529ca0 DEOPT PACKING pc=0x000001fc1f6c2848 sp=0x000000332fbf89e0
Event: 35.944 Thread 0x000001fc36529ca0 DEOPT UNPACKING pc=0x000001fc1ef38582 sp=0x000000332fbf8800 mode 2

Classes loaded (20 events):
Event: 35.898 Loading class com/sun/org/apache/xerces/internal/parsers/AbstractSAXParser$LocatorProxy
Event: 35.899 Loading class org/xml/sax/ext/Locator2
Event: 35.899 Loading class org/xml/sax/ext/Locator2 done
Event: 35.899 Loading class com/sun/org/apache/xerces/internal/parsers/AbstractSAXParser$LocatorProxy done
Event: 35.899 Loading class com/sun/org/apache/xerces/internal/impl/XMLScanner$NameType
Event: 35.899 Loading class com/sun/org/apache/xerces/internal/impl/XMLScanner$NameType done
Event: 35.901 Loading class com/sun/org/apache/xerces/internal/impl/Constants
Event: 35.904 Loading class com/sun/org/apache/xerces/internal/impl/Constants done
Event: 35.904 Loading class com/sun/org/apache/xerces/internal/impl/Constants$ArrayEnumeration
Event: 35.904 Loading class com/sun/org/apache/xerces/internal/impl/Constants$ArrayEnumeration done
Event: 35.907 Loading class org/xml/sax/helpers/AttributesImpl
Event: 35.908 Loading class org/xml/sax/helpers/AttributesImpl done
Event: 35.910 Loading class java/util/regex/Pattern$Behind
Event: 35.911 Loading class java/util/regex/Pattern$Behind done
Event: 35.942 Loading class javax/xml/datatype/DatatypeConfigurationException
Event: 35.943 Loading class javax/xml/datatype/DatatypeConfigurationException done
Event: 35.950 Loading class com/sun/org/apache/xerces/internal/impl/io/MalformedByteSequenceException
Event: 35.950 Loading class java/io/CharConversionException
Event: 35.950 Loading class java/io/CharConversionException done
Event: 35.950 Loading class com/sun/org/apache/xerces/internal/impl/io/MalformedByteSequenceException done

Classes unloaded (16 events):
Event: 15.931 Thread 0x000001fc2ecb82b0 Unloading class 0x0000000099994000 '_BuildScript_$_run_closure2$_closure4'
Event: 15.931 Thread 0x000001fc2ecb82b0 Unloading class 0x000000009998ba10 '_BuildScript_$_run_closure2'
Event: 15.931 Thread 0x000001fc2ecb82b0 Unloading class 0x000000009998b5e8 '_BuildScript_$_run_closure1$_closure3'
Event: 15.931 Thread 0x000001fc2ecb82b0 Unloading class 0x000000009998b1c0 '_BuildScript_$_run_closure1'
Event: 15.931 Thread 0x000001fc2ecb82b0 Unloading class 0x000000009998ac88 '_BuildScript_'
Event: 15.931 Thread 0x000001fc2ecb82b0 Unloading class 0x000000009998a858 'GradleDaemonClasspathEnhancer$_findJarsForClasses_closure3'
Event: 15.931 Thread 0x000001fc2ecb82b0 Unloading class 0x000000009998a430 'GradleDaemonClasspathEnhancer$_getTestClasspath_closure2'
Event: 15.931 Thread 0x000001fc2ecb82b0 Unloading class 0x000000009998a000 'GradleDaemonClasspathEnhancer$_enhanceGradleDaemonClasspath_closure1'
Event: 15.931 Thread 0x000001fc2ecb82b0 Unloading class 0x0000000099989a28 'GradleDaemonClasspathEnhancer'
Event: 15.931 Thread 0x000001fc2ecb82b0 Unloading class 0x0000000099989700 'FileComparisonTestEventLogger$1'
Event: 15.931 Thread 0x000001fc2ecb82b0 Unloading class 0x0000000099989430 'FileComparisonTestEventLogger'
Event: 15.931 Thread 0x000001fc2ecb82b0 Unloading class 0x0000000099989000 'TestEventLogger$_logTestResult_closure3'
Event: 15.931 Thread 0x000001fc2ecb82b0 Unloading class 0x0000000099988b18 'TestEventLogger$_logTestOutputEvent_closure2'
Event: 15.931 Thread 0x000001fc2ecb82b0 Unloading class 0x00000000999886e8 'TestEventLogger$_logTestEvent_closure1$_closure4'
Event: 15.931 Thread 0x000001fc2ecb82b0 Unloading class 0x00000000999882b8 'TestEventLogger$_logTestEvent_closure1'
Event: 15.931 Thread 0x000001fc2ecb82b0 Unloading class 0x0000000099988000 'TestEventLogger'

Classes redefined (0 events):
No events

Internal exceptions (20 events):
Event: 35.959 Thread 0x000001fc36529ca0 Exception <a 'sun/nio/fs/WindowsException'{0x000000070898afa8}> (0x000000070898afa8) 
thrown [s\src\hotspot\share\prims\jni.cpp, line 535]
Event: 35.961 Thread 0x000001fc36529ca0 Exception <a 'sun/nio/fs/WindowsException'{0x00000007089982c0}> (0x00000007089982c0) 
thrown [s\src\hotspot\share\prims\jni.cpp, line 535]
Event: 35.962 Thread 0x000001fc36529ca0 Exception <a 'sun/nio/fs/WindowsException'{0x00000007089a39f0}> (0x00000007089a39f0) 
thrown [s\src\hotspot\share\prims\jni.cpp, line 535]
Event: 35.963 Thread 0x000001fc36529ca0 Exception <a 'sun/nio/fs/WindowsException'{0x00000007089aeba0}> (0x00000007089aeba0) 
thrown [s\src\hotspot\share\prims\jni.cpp, line 535]
Event: 35.971 Thread 0x000001fc36529ca0 Exception <a 'sun/nio/fs/WindowsException'{0x00000007089c78b8}> (0x00000007089c78b8) 
thrown [s\src\hotspot\share\prims\jni.cpp, line 535]
Event: 35.975 Thread 0x000001fc36529ca0 Exception <a 'sun/nio/fs/WindowsException'{0x00000007089d3a38}> (0x00000007089d3a38) 
thrown [s\src\hotspot\share\prims\jni.cpp, line 535]
Event: 35.977 Thread 0x000001fc36529ca0 Exception <a 'sun/nio/fs/WindowsException'{0x00000007089de490}> (0x00000007089de490) 
thrown [s\src\hotspot\share\prims\jni.cpp, line 535]
Event: 35.980 Thread 0x000001fc36529ca0 Exception <a 'sun/nio/fs/WindowsException'{0x00000007089ebca8}> (0x00000007089ebca8) 
thrown [s\src\hotspot\share\prims\jni.cpp, line 535]
Event: 35.982 Thread 0x000001fc36529ca0 Exception <a 'sun/nio/fs/WindowsException'{0x00000007089f7f78}> (0x00000007089f7f78) 
thrown [s\src\hotspot\share\prims\jni.cpp, line 535]
Event: 35.984 Thread 0x000001fc36529ca0 Exception <a 'sun/nio/fs/WindowsException'{0x00000007086097a8}> (0x00000007086097a8) 
thrown [s\src\hotspot\share\prims\jni.cpp, line 535]
Event: 35.986 Thread 0x000001fc36529ca0 Exception <a 'sun/nio/fs/WindowsException'{0x00000007086140b8}> (0x00000007086140b8) 
thrown [s\src\hotspot\share\prims\jni.cpp, line 535]
Event: 35.989 Thread 0x000001fc36529ca0 Exception <a 'sun/nio/fs/WindowsException'{0x0000000708620678}> (0x0000000708620678) 
thrown [s\src\hotspot\share\prims\jni.cpp, line 535]
Event: 35.991 Thread 0x000001fc36529ca0 Exception <a 'sun/nio/fs/WindowsException'{0x000000070862c5b8}> (0x000000070862c5b8) 
thrown [s\src\hotspot\share\prims\jni.cpp, line 535]
Event: 35.995 Thread 0x000001fc36529ca0 Exception <a 'sun/nio/fs/WindowsException'{0x0000000708639900}> (0x0000000708639900) 
thrown [s\src\hotspot\share\prims\jni.cpp, line 535]
Event: 35.999 Thread 0x000001fc36529ca0 Exception <a 'sun/nio/fs/WindowsException'{0x000000070864b4a8}> (0x000000070864b4a8) 
thrown [s\src\hotspot\share\prims\jni.cpp, line 535]
Event: 36.001 Thread 0x000001fc36529ca0 Exception <a 'sun/nio/fs/WindowsException'{0x0000000708657280}> (0x0000000708657280) 
thrown [s\src\hotspot\share\prims\jni.cpp, line 535]
Event: 36.005 Thread 0x000001fc36529ca0 Exception <a 'sun/nio/fs/WindowsException'{0x0000000708664530}> (0x0000000708664530) 
thrown [s\src\hotspot\share\prims\jni.cpp, line 535]
Event: 36.011 Thread 0x000001fc36529ca0 Exception <a 'sun/nio/fs/WindowsException'{0x0000000708674af0}> (0x0000000708674af0) 
thrown [s\src\hotspot\share\prims\jni.cpp, line 535]
Event: 36.020 Thread 0x000001fc36529ca0 Exception <a 'sun/nio/fs/WindowsException'{0x0000000708691c48}> (0x0000000708691c48) 
thrown [s\src\hotspot\share\prims\jni.cpp, line 535]
Event: 36.023 Thread 0x000001fc36529ca0 Exception <a 'sun/nio/fs/WindowsException'{0x000000070869ece8}> (0x000000070869ece8) 
thrown [s\src\hotspot\share\prims\jni.cpp, line 535]

VM Operations (20 events):
Event: 27.832 Executing non-safepoint VM operation: HandshakeAllThreads (Deoptimize)
Event: 27.832 Executing non-safepoint VM operation: HandshakeAllThreads (Deoptimize) done
Event: 28.666 Executing non-safepoint VM operation: HandshakeAllThreads (Deoptimize)
Event: 28.666 Executing non-safepoint VM operation: HandshakeAllThreads (Deoptimize) done
Event: 28.744 Executing safepoint VM operation: G1CollectForAllocation (G1 Evacuation Pause)
Event: 28.751 Executing safepoint VM operation: G1CollectForAllocation (G1 Evacuation Pause) done
Event: 31.154 Executing safepoint VM operation: G1CollectForAllocation (G1 Evacuation Pause)
Event: 31.166 Executing safepoint VM operation: G1CollectForAllocation (G1 Evacuation Pause) done
Event: 31.364 Executing non-safepoint VM operation: HandshakeAllThreads (Deoptimize)
Event: 31.364 Executing non-safepoint VM operation: HandshakeAllThreads (Deoptimize) done
Event: 32.598 Executing non-safepoint VM operation: HandshakeAllThreads (Deoptimize)
Event: 32.598 Executing non-safepoint VM operation: HandshakeAllThreads (Deoptimize) done
Event: 34.817 Executing safepoint VM operation: G1CollectForAllocation (G1 Evacuation Pause)
Event: 34.833 Executing safepoint VM operation: G1CollectForAllocation (G1 Evacuation Pause) done
Event: 34.910 Executing safepoint VM operation: G1PauseRemark
Event: 34.922 Executing safepoint VM operation: G1PauseRemark done
Event: 34.947 Executing safepoint VM operation: G1PauseCleanup
Event: 34.947 Executing safepoint VM operation: G1PauseCleanup done
Event: 35.841 Executing non-safepoint VM operation: HandshakeAllThreads (Deoptimize)
Event: 35.842 Executing non-safepoint VM operation: HandshakeAllThreads (Deoptimize) done

Memory protections (0 events):
No events

Nmethod flushes (20 events):
Event: 34.918 Thread 0x000001fc2ecb82b0 flushing  nmethod 0x000001fc1871e908
Event: 34.918 Thread 0x000001fc2ecb82b0 flushing  nmethod 0x000001fc18720608
Event: 34.918 Thread 0x000001fc2ecb82b0 flushing  nmethod 0x000001fc18756508
Event: 34.918 Thread 0x000001fc2ecb82b0 flushing  nmethod 0x000001fc18845908
Event: 34.918 Thread 0x000001fc2ecb82b0 flushing  nmethod 0x000001fc18b19388
Event: 34.918 Thread 0x000001fc2ecb82b0 flushing  nmethod 0x000001fc18029f88
Event: 34.918 Thread 0x000001fc2ecb82b0 flushing  nmethod 0x000001fc18099088
Event: 34.918 Thread 0x000001fc2ecb82b0 flushing  nmethod 0x000001fc180c1708
Event: 34.918 Thread 0x000001fc2ecb82b0 flushing  nmethod 0x000001fc18108588
Event: 34.918 Thread 0x000001fc2ecb82b0 flushing  nmethod 0x000001fc18109f88
Event: 34.918 Thread 0x000001fc2ecb82b0 flushing  nmethod 0x000001fc181e3088
Event: 34.918 Thread 0x000001fc2ecb82b0 flushing  nmethod 0x000001fc181eb608
Event: 34.918 Thread 0x000001fc2ecb82b0 flushing  nmethod 0x000001fc1846e708
Event: 34.918 Thread 0x000001fc2ecb82b0 flushing  nmethod 0x000001fc18655f88
Event: 34.918 Thread 0x000001fc2ecb82b0 flushing  nmethod 0x000001fc18656e08
Event: 34.918 Thread 0x000001fc2ecb82b0 flushing  nmethod 0x000001fc186e2288
Event: 34.918 Thread 0x000001fc2ecb82b0 flushing  nmethod 0x000001fc186e6308
Event: 34.918 Thread 0x000001fc2ecb82b0 flushing  nmethod 0x000001fc1870f988
Event: 34.918 Thread 0x000001fc2ecb82b0 flushing  nmethod 0x000001fc187bda08
Event: 34.918 Thread 0x000001fc2ecb82b0 flushing  nmethod 0x000001fc1885fd08

Events (20 events):
Event: 23.775 Thread 0x000001fc2f9a4d90 Thread added: 0x000001fc380d38d0
Event: 24.007 Thread 0x000001fc380d38d0 Thread exited: 0x000001fc380d38d0
Event: 24.063 Thread 0x000001fc36529ca0 Thread added: 0x000001fc2fa86760
Event: 24.557 Thread 0x000001fc2f80b6b0 Thread added: 0x000001fc380d6930
Event: 26.726 Thread 0x000001fc380d6930 Thread exited: 0x000001fc380d6930
Event: 27.829 Thread 0x000001fc36530a00 Thread added: 0x000001fc2fa84050
Event: 31.450 Thread 0x000001fc35832140 Thread added: 0x000001fc380e1a90
Event: 32.554 Thread 0x000001fc35832140 Thread exited: 0x000001fc35832140
Event: 32.558 Thread 0x000001fc35833970 Thread exited: 0x000001fc35833970
Event: 32.569 Thread 0x000001fc2f9a4d90 Thread exited: 0x000001fc2f9a4d90
Event: 32.590 Thread 0x000001fc380e1a90 Thread added: 0x000001fc380dfa50
Event: 33.229 Thread 0x000001fc380e1a90 Thread exited: 0x000001fc380e1a90
Event: 33.313 Thread 0x000001fc2f80b6b0 Thread added: 0x000001fc380e1a90
Event: 33.560 Thread 0x000001fc380e1a90 Thread exited: 0x000001fc380e1a90
Event: 33.692 Thread 0x000001fc2f800140 Thread added: 0x000001fc380e0260
Event: 33.784 Thread 0x000001fc380dfa50 Thread added: 0x000001fc380e1a90
Event: 33.784 Thread 0x000001fc380dfa50 Thread added: 0x000001fc380dea30
Event: 33.815 Thread 0x000001fc380e0260 Thread exited: 0x000001fc380e0260
Event: 35.067 Thread 0x000001fc380dea30 Thread exited: 0x000001fc380dea30
Event: 35.337 Thread 0x000001fc380e1a90 Thread added: 0x000001fc3833d710


Dynamic libraries:
0x00007ff706e40000 - 0x00007ff706e4a000 	C:\Program Files\Android\Android Studio1\jbr\bin\java.exe
0x00007ff8bf8a0000 - 0x00007ff8bfb06000 	C:\Windows\SYSTEM32\ntdll.dll
0x00007ff8bdb40000 - 0x00007ff8bdc09000 	C:\Windows\System32\KERNEL32.DLL
0x00007ff8bcba0000 - 0x00007ff8bcf9f000 	C:\Windows\System32\KERNELBASE.dll
0x00007ff8bd300000 - 0x00007ff8bd44c000 	C:\Windows\System32\ucrtbase.dll
0x00007ff859fb0000 - 0x00007ff859fc6000 	C:\Program Files\Android\Android Studio1\jbr\bin\jli.dll
0x00007ff8bee90000 - 0x00007ff8bf056000 	C:\Windows\System32\USER32.dll
0x00007ff8bcab0000 - 0x00007ff8bcad7000 	C:\Windows\System32\win32u.dll
0x00007ff8bda10000 - 0x00007ff8bda3b000 	C:\Windows\System32\GDI32.dll
0x00007ff8a6f60000 - 0x00007ff8a6f7b000 	C:\Program Files\Android\Android Studio1\jbr\bin\VCRUNTIME140.dll
0x00007ff8bd140000 - 0x00007ff8bd269000 	C:\Windows\System32\gdi32full.dll
0x00007ff8bd520000 - 0x00007ff8bd5c3000 	C:\Windows\System32\msvcp_win.dll
0x00007ff8a1040000 - 0x00007ff8a12d1000 	C:\Windows\WinSxS\amd64_microsoft.windows.common-controls_6595b64144ccf1df_6.0.26100.8972_none_3e0da176e32f9d4b\COMCTL32.dll
0x00007ff8bd960000 - 0x00007ff8bda09000 	C:\Windows\System32\msvcrt.dll
0x00007ff8bd920000 - 0x00007ff8bd952000 	C:\Windows\System32\IMM32.DLL
0x00007ff88fc70000 - 0x00007ff88fd62000 	C:\Program Files\Windhawk\Engine\1.7.3\64\windhawk.dll
0x00007ff8bd7d0000 - 0x00007ff8bd88c000 	C:\Windows\System32\ADVAPI32.dll
0x00007ff8bdca0000 - 0x00007ff8bdd4a000 	C:\Windows\System32\sechost.dll
0x00007ff8bf420000 - 0x00007ff8bf538000 	C:\Windows\System32\RPCRT4.dll
0x00007ff8a6f50000 - 0x00007ff8a6f5c000 	C:\Program Files\Android\Android Studio1\jbr\bin\vcruntime140_1.dll
0x00007ff814170000 - 0x00007ff8141fd000 	C:\Program Files\Android\Android Studio1\jbr\bin\msvcp140.dll
0x00007ff808ce0000 - 0x00007ff809bba000 	C:\Program Files\Android\Android Studio1\jbr\bin\server\jvm.dll
0x00007ff8bdef0000 - 0x00007ff8bdf72000 	C:\Windows\System32\WS2_32.dll
0x00007ff8bc910000 - 0x00007ff8bc96e000 	C:\Windows\SYSTEM32\POWRPROF.dll
0x00007ff8a6120000 - 0x00007ff8a612b000 	C:\Windows\SYSTEM32\VERSION.dll
0x00007ff8b9260000 - 0x00007ff8b9296000 	C:\Windows\SYSTEM32\WINMM.dll
0x00007ff8bc8f0000 - 0x00007ff8bc905000 	C:\Windows\SYSTEM32\UMPDC.dll
0x00007ff8bb770000 - 0x00007ff8bb78b000 	C:\Windows\SYSTEM32\kernel.appcore.dll
0x00007ff8a6f40000 - 0x00007ff8a6f4a000 	C:\Program Files\Android\Android Studio1\jbr\bin\jimage.dll
0x00007ff8ba0e0000 - 0x00007ff8ba322000 	C:\Windows\SYSTEM32\DBGHELP.DLL
0x00007ff8bf080000 - 0x00007ff8bf405000 	C:\Windows\System32\combase.dll
0x00007ff8be5b0000 - 0x00007ff8be689000 	C:\Windows\System32\OLEAUT32.dll
0x00007ff89b370000 - 0x00007ff89b3ab000 	C:\Windows\SYSTEM32\dbgcore.DLL
0x00007ff8bd460000 - 0x00007ff8bd50c000 	C:\Windows\System32\bcryptPrimitives.dll
0x00007ff8836c0000 - 0x00007ff8836ce000 	C:\Program Files\Android\Android Studio1\jbr\bin\instrument.dll
0x00007ff8a6f20000 - 0x00007ff8a6f3f000 	C:\Program Files\Android\Android Studio1\jbr\bin\java.dll
0x00007ff8bdd50000 - 0x00007ff8bdee9000 	C:\Windows\System32\ole32.dll
0x00007ff8be700000 - 0x00007ff8bee88000 	C:\Windows\System32\SHELL32.dll
0x00007ff85db40000 - 0x00007ff85db57000 	C:\Program Files\Android\Android Studio1\jbr\bin\zip.dll
0x00007ff8ba520000 - 0x00007ff8badbb000 	C:\Windows\SYSTEM32\windows.storage.dll
0x00007ff8bdf80000 - 0x00007ff8be079000 	C:\Windows\System32\SHCORE.dll
0x00007ff8be690000 - 0x00007ff8be6f6000 	C:\Windows\System32\shlwapi.dll
0x00007ff8bc9d0000 - 0x00007ff8bc9f9000 	C:\Windows\SYSTEM32\profapi.dll
0x00007ff88a2a0000 - 0x00007ff88a2b0000 	C:\Program Files\Android\Android Studio1\jbr\bin\net.dll
0x00007ff8bbd10000 - 0x00007ff8bbd7c000 	C:\Windows\system32\mswsock.dll
0x00007ff85d790000 - 0x00007ff85d7a6000 	C:\Program Files\Android\Android Studio1\jbr\bin\nio.dll
0x00007ff8846b0000 - 0x00007ff8846c0000 	C:\Program Files\Android\Android Studio1\jbr\bin\verify.dll
0x00007ff88a2e0000 - 0x00007ff88a307000 	C:\Users\conne\.gradle\native\660c5614fbf4a5f2a75b1949f50a0caf5cd603558e7d8a26e50b933a0cfb79d1\windows-amd64\native-platform.dll
0x00007ff846bd0000 - 0x00007ff846c47000 	C:\Users\conne\.gradle\native\0.2.8\x86_64-windows-gnu\gradle-fileevents.dll
0x00007ff889420000 - 0x00007ff889429000 	C:\Program Files\Android\Android Studio1\jbr\bin\management.dll
0x00007ff887f50000 - 0x00007ff887f5b000 	C:\Program Files\Android\Android Studio1\jbr\bin\management_ext.dll
0x00007ff8bf060000 - 0x00007ff8bf068000 	C:\Windows\System32\PSAPI.DLL
0x00007ff8bb1d0000 - 0x00007ff8bb203000 	C:\Windows\SYSTEM32\IPHLPAPI.DLL
0x00007ff8bf070000 - 0x00007ff8bf07a000 	C:\Windows\System32\NSI.dll
0x00007ff889fb0000 - 0x00007ff889fb9000 	C:\Program Files\Android\Android Studio1\jbr\bin\extnet.dll
0x00007ff8bc040000 - 0x00007ff8bc05b000 	C:\Windows\SYSTEM32\CRYPTSP.dll
0x00007ff8bb6d0000 - 0x00007ff8bb709000 	C:\Windows\system32\rsaenh.dll
0x00007ff8bbdc0000 - 0x00007ff8bbdf2000 	C:\Windows\SYSTEM32\USERENV.dll
0x00007ff8bc9a0000 - 0x00007ff8bc9ca000 	C:\Windows\SYSTEM32\bcrypt.dll
0x00007ff8bc020000 - 0x00007ff8bc02c000 	C:\Windows\SYSTEM32\CRYPTBASE.dll
0x00007ff88ac00000 - 0x00007ff88ac08000 	C:\Windows\system32\wshunix.dll

JVMTI agents:
C:\Users\conne\.gradle\wrapper\dists\gradle-9.3.1-bin\23ovyewtku6u96viwx3xl3oks\gradle-9.3.1\lib\agents\gradle-instrumentation-agent-9.3.1.jar path:C:\Program Files\Android\Android Studio1\jbr\bin\instrument.dll, loaded, initialized, instrumentlib options:none

dbghelp: loaded successfully - version: 4.0.5 - missing functions: none
symbol engine: initialized successfully - sym options: 0x614 - pdb path: .;C:\Program Files\Android\Android Studio1\jbr\bin;C:\Windows\SYSTEM32;C:\Windows\WinSxS\amd64_microsoft.windows.common-controls_6595b64144ccf1df_6.0.26100.8972_none_3e0da176e32f9d4b;C:\Program Files\Windhawk\Engine\1.7.3\64;C:\Program Files\Android\Android Studio1\jbr\bin\server;C:\Users\conne\.gradle\native\660c5614fbf4a5f2a75b1949f50a0caf5cd603558e7d8a26e50b933a0cfb79d1\windows-amd64;C:\Users\conne\.gradle\native\0.2.8\x86_64-windows-gnu

VM Arguments:
jvm_args: --add-opens=java.base/java.lang=ALL-UNNAMED --add-opens=java.base/java.lang.invoke=ALL-UNNAMED --add-opens=java.base/java.util=ALL-UNNAMED --add-opens=java.prefs/java.util.prefs=ALL-UNNAMED --add-exports=jdk.compiler/com.sun.tools.javac.api=ALL-UNNAMED --add-exports=jdk.compiler/com.sun.tools.javac.util=ALL-UNNAMED --add-opens=java.base/java.util=ALL-UNNAMED --add-opens=java.prefs/java.util.prefs=ALL-UNNAMED --add-opens=java.base/java.nio.charset=ALL-UNNAMED --add-opens=java.base/java.net=ALL-UNNAMED --add-opens=java.base/java.util.concurrent=ALL-UNNAMED --add-opens=java.base/java.util.concurrent.atomic=ALL-UNNAMED --add-opens=java.xml/javax.xml.namespace=ALL-UNNAMED --add-opens=java.base/java.time=ALL-UNNAMED --enable-native-access=ALL-UNNAMED -Xmx4g -Dfile.encoding=UTF-8 -Duser.country=IN -Duser.language=en -Duser.variant -javaagent:C:\Users\conne\.gradle\wrapper\dists\gradle-9.3.1-bin\23ovyewtku6u96viwx3xl3oks\gradle-9.3.1\lib\agents\gradle-instrumentation-agent-9.3.1.jar 
java_command: org.gradle.launcher.daemon.bootstrap.GradleDaemon 9.3.1
java_class_path (initial): C:\Users\conne\.gradle\wrapper\dists\gradle-9.3.1-bin\23ovyewtku6u96viwx3xl3oks\gradle-9.3.1\lib\gradle-daemon-main-9.3.1.jar
Launcher Type: SUN_STANDARD

[Global flags]
     intx CICompilerCount                          = 12                                        {product} {ergonomic}
     uint ConcGCThreads                            = 4                                         {product} {ergonomic}
     uint G1ConcRefinementThreads                  = 14                                        {product} {ergonomic}
   size_t G1HeapRegionSize                         = 2097152                                   {product} {ergonomic}
   size_t InitialHeapSize                          = 260046848                                 {product} {ergonomic}
   size_t MarkStackSize                            = 4194304                                   {product} {ergonomic}
   size_t MarkStackSizeMax                         = 536870912                                 {product} {ergonomic}
   size_t MaxHeapSize                              = 4294967296                                {product} {command line}
   size_t MaxNewSize                               = 2575302656                                {product} {ergonomic}
   size_t MinHeapDeltaBytes                        = 2097152                                   {product} {ergonomic}
   size_t MinHeapSize                              = 8388608                                   {product} {ergonomic}
    uintx NonNMethodCodeHeapSize                   = 7602176                                {pd product} {ergonomic}
    uintx NonProfiledCodeHeapSize                  = 122093568                              {pd product} {ergonomic}
    uintx ProfiledCodeHeapSize                     = 121962496                              {pd product} {ergonomic}
    uintx ReservedCodeCacheSize                    = 251658240                              {pd product} {ergonomic}
     bool SegmentedCodeCache                       = true                                      {product} {ergonomic}
   size_t SoftMaxHeapSize                          = 4294967296                             {manageable} {ergonomic}
     bool UseCompressedOops                        = true                           {product lp64_product} {ergonomic}
     bool UseG1GC                                  = true                                      {product} {ergonomic}
     bool UseLargePagesIndividualAllocation        = false                                  {pd product} {ergonomic}

Logging:
Log output configuration:
 #0: stdout all=warning uptime,level,tags foldmultilines=false
 #1: stderr all=off uptime,level,tags foldmultilines=false

Release file:
JAVA_VERSION="25.0.2" 
MODULES="java.base java.compiler java.datatransfer java.xml java.prefs java.desktop java.instrument java.logging java.management java.security.sasl java.naming java.rmi java.management.rmi java.net.http java.scripting java.security.jgss java.transaction.xa java.sql java.sql.rowset java.xml.crypto java.se java.smartcardio jdk.accessibility jdk.internal.jvmstat jdk.attach jdk.charsets jdk.internal.opt jdk.zipfs jdk.compiler jdk.crypto.cryptoki jdk.crypto.ec jdk.dynalink jdk.hotspot.agent jdk.httpserver jdk.internal.ed jdk.internal.le jdk.internal.md jdk.internal.vm.ci jdk.jartool jdk.javadoc jdk.jcmd jdk.jdeps jdk.jdwp.agent jdk.jdi jdk.jfr jdk.jlink jdk.localedata jdk.management jdk.management.agent jdk.management.jfr jdk.naming.dns jdk.naming.rmi jdk.net jdk.sctp jdk.security.auth jdk.security.jgss jdk.unsupported jdk.unsupported.desktop jdk.xml.dom" 
IMPLEMENTOR="JetBrains s.r.o." 
JAVA_RUNTIME_VERSION="25.0.2+-15348964-b329.117" 
LIBC="default" 
OS_ARCH="x86_64" 
OS_NAME="Windows" 
SOURCE=".:git:3cf398e84a39" 

Environment Variables:
PATH=C:\Program Files\Common Files\Oracle\Java\javapath;C:\Program Files (x86)\Common Files\Oracle\Java\java8path;C:\Program Files (x86)\Common Files\Oracle\Java\javapath;C:\Windows\system32;C:\Windows;C:\Windows\System32\Wbem;C:\Windows\System32\WindowsPowerShell\v1.0\;C:\Windows\System32\OpenSSH\;C:\Program Files\Git\cmd;C:\Program Files\dotnet\;C:\Program Files\GitHub CLI\;C:\Program Files\nodejs\;C:\Program Files\PowerShell\7\;C:\Program Files\Docker\Docker\resources\bin;C:\Users\conne\AppData\Local\Programs\Python\Python311\Scripts\;C:\Users\conne\AppData\Local\Programs\Python\Python311\;C:\Users\conne\AppData\Local\Microsoft\WindowsApps;C:\Users\conne\AppData\Local\Programs\Microsoft VS Code\bin;C:\Users\conne\.dotnet\tools;C:\Users\conne\AppData\Local\Programs\Antigravity\bin;C:\Users\conne\AppData\Local\GitHubDesktop\bin;C:\Users\conne\AppData\Local\Programs\Ollama;C:\Users\conne\AppData\Local\Microsoft\WinGet\Packages\Ngrok.Ngrok_Microsoft.Winget.Source_8wekyb3d8bbwe;C:\Users\conne\AppData\Local\Programs\Antigravity IDE\bin;C:\Users\conne\AppData\Roaming\npm;C:\Users\conne\AppData\Local\Google\Cloud SDK\google-cloud-sdk\bin
USERNAME=conne
OS=Windows_NT
PROCESSOR_IDENTIFIER=Intel64 Family 6 Model 170 Stepping 4, GenuineIntel
TMP=C:\Users\conne\AppData\Local\Temp
TEMP=C:\Users\conne\AppData\Local\Temp




Compilation memory statistics disabled.

Periodic native trim disabled

JNI global refs:
JNI global refs: 37, weak refs: 7

JNI global refs memory usage: 835, weak refs: 833

Process memory usage:
Resident Set Size: 492596K (3% of 16184696K total physical memory with 412196K free physical memory)

OOME stack traces (most recent first):
Classloader memory used:
Loader org.gradle.internal.classloader.VisitableURLClassLoader                         : 49483 K
Loader bootstrap                                                                       : 29983 K
Loader org.gradle.internal.classloader.VisitableURLClassLoader$InstrumentingVisitableURLClassLoader: 26689 K
Loader org.gradle.initialization.MixInLegacyTypesClassLoader                           : 14074 K
Loader jdk.internal.loader.ClassLoaders$PlatformClassLoader                            : 430 K
Loader org.gradle.internal.classloader.VisitableURLClassLoader                         : 380 K
Loader jdk.internal.loader.ClassLoaders$AppClassLoader                                 : 226 K
Loader org.gradle.groovy.scripts.internal.DefaultScriptCompilationHandler$ScriptClassLoader: 145 K

Classes loaded by more than one classloader:
Class Program                                                                         : loaded 5 times (x 74B)
Class Build_gradle                                                                    : loaded 3 times (x 128B)
Class com.google.common.collect.RegularImmutableMap$KeySet                            : loaded 2 times (x 154B)
Class org.gradle.internal.classloader.FilteringClassLoader                            : loaded 2 times (x 106B)
Class com.google.common.base.CharMatcher$IsEither                                     : loaded 2 times (x 113B)
Class org.gradle.internal.classloader.ClassLoaderHierarchy                            : loaded 2 times (x 72B)
Class com.google.common.collect.ImmutableEnumSet                                      : loaded 2 times (x 148B)
Class com.google.common.util.concurrent.ExecutionError                                : loaded 2 times (x 84B)
Class com.google.common.collect.ImmutableList$1                                       : loaded 2 times (x 99B)
Class ijKotlinCoroutineJvmDebugInit1_b4vuni4rlz3jl41v4toj9fs4i                        : loaded 2 times (x 173B)
Class org.gradle.api.internal.classpath.ManifestUtil                                  : loaded 2 times (x 73B)
Class com.google.common.collect.RegularImmutableMap                                   : loaded 2 times (x 122B)
Class com.google.common.collect.ImmutableMap$MapViewOfValuesAsSingletonSets           : loaded 2 times (x 128B)
Class [Lorg.objectweb.asm.Symbol;                                                     : loaded 2 times (x 71B)
Class org.objectweb.asm.ClassVisitor                                                  : loaded 2 times (x 90B)
Class com.google.common.collect.UnmodifiableListIterator                              : loaded 2 times (x 97B)
Class com.google.common.base.Platform$JdkPatternCompiler                              : loaded 2 times (x 77B)
Class org.objectweb.asm.MethodTooLargeException                                       : loaded 2 times (x 84B)
Class [Lcom.google.common.cache.CacheBuilder$OneWeigher;                              : loaded 2 times (x 71B)
Class com.google.common.base.Suppliers                                                : loaded 2 times (x 73B)
Class org.gradle.internal.classloader.DefaultClassLoaderFactory                       : loaded 2 times (x 84B)
Class org.gradle.internal.classloader.ClassLoaderVisitor                              : loaded 2 times (x 78B)
Class [Lcom.google.common.collect.ImmutableMapEntry;                                  : loaded 2 times (x 71B)
Class org.gradle.api.internal.classpath.EffectiveClassPath                            : loaded 2 times (x 92B)
Class com.google.common.collect.ListMultimap                                          : loaded 2 times (x 72B)
Class com.google.common.collect.ImmutableEnumMap                                      : loaded 2 times (x 128B)
Class com.google.common.collect.Sets$1                                                : loaded 2 times (x 141B)
Class org.objectweb.asm.AnnotationVisitor                                             : loaded 2 times (x 80B)
Class org.gradle.api.internal.DefaultClassPathProvider                                : loaded 2 times (x 78B)
Class com.google.common.collect.Sets$2                                                : loaded 2 times (x 141B)
Class [Lorg.gradle.api.internal.ClassPathProvider;                                    : loaded 2 times (x 71B)
Class org.gradle.api.internal.ClassPathProvider                                       : loaded 2 times (x 72B)
Class [Lorg.objectweb.asm.AnnotationVisitor;                                          : loaded 2 times (x 71B)
Class com.google.common.collect.Sets$3                                                : loaded 2 times (x 141B)
Class com.google.common.cache.LocalCache$LocalLoadingCache                            : loaded 2 times (x 136B)
Class org.gradle.internal.service.UnknownServiceException                             : loaded 2 times (x 85B)
Class com.google.common.collect.Sets$4                                                : loaded 2 times (x 141B)
Class org.objectweb.asm.ModuleVisitor                                                 : loaded 2 times (x 83B)
Class com.google.common.cache.LocalCache$Strength$1                                   : loaded 2 times (x 83B)
Class com.google.common.util.concurrent.SettableFuture                                : loaded 2 times (x 116B)
Class com.google.common.cache.LocalCache$Strength$2                                   : loaded 2 times (x 83B)
Class com.google.common.cache.LocalCache$Strength$3                                   : loaded 2 times (x 83B)
Class com.google.common.collect.MapDifference                                         : loaded 2 times (x 72B)
Class org.objectweb.asm.FieldWriter                                                   : loaded 2 times (x 79B)
Class com.google.common.cache.CacheBuilder$NullListener                               : loaded 2 times (x 84B)
Class org.gradle.internal.classpath.TransformedClassPath                              : loaded 2 times (x 98B)
Class org.gradle.internal.classloader.InstrumentingClassLoader                        : loaded 2 times (x 72B)
Class com.google.common.cache.CacheLoader$FunctionToCacheLoader                       : loaded 2 times (x 77B)
Class com.google.common.collect.Iterators$ArrayItr                                    : loaded 2 times (x 99B)
Class com.google.common.collect.ImmutableCollection$Builder                           : loaded 2 times (x 78B)
Class com.google.common.base.Joiner                                                   : loaded 2 times (x 81B)
Class com.google.common.base.MoreObjects                                              : loaded 2 times (x 73B)
Class com.google.common.base.Equivalence$Identity                                     : loaded 2 times (x 84B)
Class [Lorg.objectweb.asm.Type;                                                       : loaded 2 times (x 71B)
Class com.google.common.collect.UnmodifiableIterator                                  : loaded 2 times (x 82B)
Class org.gradle.internal.service.ServiceLocator                                      : loaded 2 times (x 72B)
Class com.google.common.base.Ascii                                                    : loaded 2 times (x 73B)
Class com.google.common.cache.LocalCache$1                                            : loaded 2 times (x 91B)
Class com.google.common.collect.SingletonImmutableBiMap                               : loaded 2 times (x 145B)
Class com.google.common.collect.Iterators$SingletonIterator                           : loaded 2 times (x 83B)
Class com.google.common.collect.AbstractMapEntry                                      : loaded 2 times (x 83B)
Class com.google.common.collect.Sets$ImprovedAbstractSet                              : loaded 2 times (x 137B)
Class com.google.common.collect.ImmutableList$Builder                                 : loaded 2 times (x 79B)
Class com.google.common.collect.AbstractMultimap                                      : loaded 2 times (x 125B)
Class com.google.common.cache.LocalCache$2                                            : loaded 2 times (x 144B)
Class com.google.common.collect.RegularImmutableAsList                                : loaded 2 times (x 219B)
Class com.google.common.util.concurrent.AbstractFuture$Trusted                        : loaded 2 times (x 72B)
Class com.google.common.collect.Iterators                                             : loaded 2 times (x 73B)
Class com.google.common.collect.Lists$StringAsImmutableList                           : loaded 2 times (x 209B)
Class com.google.common.util.concurrent.UncheckedExecutionException                   : loaded 2 times (x 84B)
Class org.gradle.kotlin.dsl.VersionCatalogAccessorsKt                                 : loaded 2 times (x 73B)
Class com.google.common.collect.AbstractMapBasedMultimap$KeySet$1                     : loaded 2 times (x 84B)
Class org.objectweb.asm.ClassWriter                                                   : loaded 2 times (x 107B)
Class com.google.common.cache.CacheLoader$UnsupportedLoadingOperationException        : loaded 2 times (x 84B)
Class com.google.common.base.CharMatcher$And                                          : loaded 2 times (x 114B)
Class org.gradle.internal.classloader.ClasspathUtil$1                                 : loaded 2 times (x 78B)
Class org.objectweb.asm.FieldVisitor                                                  : loaded 2 times (x 79B)
Class com.google.common.collect.IndexedImmutableSet                                   : loaded 2 times (x 154B)
Class com.google.common.collect.ImmutableMap$1                                        : loaded 2 times (x 83B)
Class com.google.common.collect.BiMap                                                 : loaded 2 times (x 72B)
Class org.gradle.api.internal.classpath.DefaultModuleRegistry$DefaultModule           : loaded 2 times (x 88B)
Class com.google.common.primitives.Ints                                               : loaded 2 times (x 73B)
Class com.google.common.collect.AbstractIterator                                      : loaded 2 times (x 84B)
Class com.google.common.collect.ObjectArrays                                          : loaded 2 times (x 73B)
Class com.google.common.math.MathPreconditions                                        : loaded 2 times (x 73B)
Class com.google.common.collect.Multiset                                              : loaded 2 times (x 72B)
Class com.google.common.collect.ArrayListMultimapGwtSerializationDependencies         : loaded 2 times (x 173B)
Class com.google.common.collect.AbstractIndexedListIterator                           : loaded 2 times (x 98B)
Class ijJvmDebugger1_5snrpkg115f7rrh8n9qi8vx7p$_run_closure1$_closure2                : loaded 2 times (x 141B)
Class com.google.common.collect.ImmutableMapEntrySet                                  : loaded 2 times (x 154B)
Class org.gradle.api.internal.classpath.Module                                        : loaded 2 times (x 72B)
Class com.google.common.cache.Weigher                                                 : loaded 2 times (x 72B)
Class org.gradle.api.internal.classpath.UnknownModuleException                        : loaded 2 times (x 84B)
Class com.google.common.base.Stopwatch                                                : loaded 2 times (x 74B)
Class com.google.common.cache.LocalCache$Strength                                     : loaded 2 times (x 83B)
Class com.google.common.cache.Cache                                                   : loaded 2 times (x 72B)
Class com.google.common.util.concurrent.AbstractFuture$Cancellation                   : loaded 2 times (x 74B)
Class com.google.common.collect.ImmutableMap$Builder                                  : loaded 2 times (x 84B)
Class com.google.common.cache.RemovalListener                                         : loaded 2 times (x 72B)
Class org.gradle.api.internal.DefaultClassPathRegistry                                : loaded 2 times (x 78B)
Class com.google.common.primitives.IntsMethodsForWeb                                  : loaded 2 times (x 73B)
Class com.google.common.collect.Multimap                                              : loaded 2 times (x 72B)
Class org.gradle.api.internal.ClassPathRegistry                                       : loaded 2 times (x 72B)
Class org.gradle.internal.classpath.DefaultClassPath$ImmutableUniqueList              : loaded 2 times (x 201B)
Class com.google.common.collect.Platform                                              : loaded 2 times (x 73B)
Class com.google.common.cache.CacheBuilder                                            : loaded 2 times (x 74B)
Class com.google.common.collect.SingletonImmutableList                                : loaded 2 times (x 209B)
Class Settings_gradle$1                                                               : loaded 2 times (x 76B)
Class org.gradle.internal.classpath.ClassPath                                         : loaded 2 times (x 72B)
Class com.google.common.base.JdkPattern                                               : loaded 2 times (x 77B)
Class com.google.common.collect.ImmutableList$ReverseImmutableList                    : loaded 2 times (x 211B)
Class org.objectweb.asm.SymbolTable$Entry                                             : loaded 2 times (x 75B)
Class org.objectweb.asm.Edge                                                          : loaded 2 times (x 74B)
Class com.google.common.base.Suppliers$SupplierOfInstance                             : loaded 2 times (x 81B)
Class com.google.common.collect.Iterators$1                                           : loaded 2 times (x 83B)
Class com.google.common.cache.LocalCache$ComputingValueReference                      : loaded 2 times (x 98B)
Class com.google.common.collect.SingletonImmutableSet                                 : loaded 2 times (x 148B)
Class com.google.common.collect.ImmutableMap$IteratorBasedImmutableMap                : loaded 2 times (x 128B)
Class com.google.common.cache.LocalCache$Segment                                      : loaded 2 times (x 155B)
Class com.google.common.collect.AbstractListMultimap                                  : loaded 2 times (x 173B)
Class [Lorg.objectweb.asm.SymbolTable$Entry;                                          : loaded 2 times (x 71B)
Class com.google.common.cache.CacheLoader                                             : loaded 2 times (x 76B)
Class com.google.common.collect.Iterators$4                                           : loaded 2 times (x 84B)
Class com.google.common.collect.ImmutableBiMap                                        : loaded 2 times (x 145B)
Class org.gradle.api.internal.classpath.ModuleRegistry                                : loaded 2 times (x 72B)
Class org.gradle.internal.installation.GradleInstallation$1                           : loaded 2 times (x 77B)
Class com.google.common.collect.ImmutableSet$JdkBackedSetBuilderImpl                  : loaded 2 times (x 78B)
Class com.google.common.util.concurrent.internal.InternalFutureFailureAccess          : loaded 2 times (x 74B)
Class com.google.common.collect.Iterators$5                                           : loaded 2 times (x 84B)
Class ijKotlinCoroutineJvmDebugInit1_b4vuni4rlz3jl41v4toj9fs4i$_run_closure1          : loaded 2 times (x 140B)
Class com.google.common.cache.LocalCache$LocalManualCache$1                           : loaded 2 times (x 77B)
Class com.google.common.base.CharMatcher$ForPredicate                                 : loaded 2 times (x 114B)
Class com.google.common.base.CharMatcher$AnyOf                                        : loaded 2 times (x 114B)
Class com.google.common.collect.ImmutableCollection                                   : loaded 2 times (x 127B)
Class org.gradle.api.internal.classpath.DefaultModuleRegistry                         : loaded 2 times (x 88B)
Class com.google.common.collect.Lists                                                 : loaded 2 times (x 73B)
Class com.google.common.util.concurrent.ListenableFuture                              : loaded 2 times (x 72B)
Class com.google.common.cache.ReferenceEntry                                          : loaded 2 times (x 72B)
Class com.google.common.base.Converter                                                : loaded 2 times (x 92B)
Class com.google.common.collect.ImmutableSet$CachingAsList                            : loaded 2 times (x 150B)
Class com.google.common.collect.AbstractMapBasedMultimap                              : loaded 2 times (x 140B)
Class com.google.common.util.concurrent.AbstractFuture                                : loaded 2 times (x 108B)
Class com.google.common.base.FunctionalEquivalence                                    : loaded 2 times (x 85B)
Class com.google.common.collect.Iterators$9                                           : loaded 2 times (x 83B)
Class com.google.common.collect.ImmutableAsList                                       : loaded 2 times (x 211B)
Class org.objectweb.asm.RecordComponentVisitor                                        : loaded 2 times (x 79B)
Class com.google.common.cache.CacheLoader$SupplierToCacheLoader                       : loaded 2 times (x 77B)
Class org.gradle.internal.service.ServiceLookupException                              : loaded 2 times (x 84B)
Class [Lcom.google.common.cache.LocalCache$EntryFactory;                              : loaded 2 times (x 71B)
Class org.gradle.internal.classloader.ClassLoaderFactory                              : loaded 2 times (x 72B)
Class com.google.common.base.CommonPattern                                            : loaded 2 times (x 76B)
Class com.google.common.cache.LocalCache$LocalManualCache                             : loaded 2 times (x 101B)
Class com.google.common.base.CharMatcher$IsNot                                        : loaded 2 times (x 113B)
Class org.gradle.internal.service.CachingServiceLocator                               : loaded 2 times (x 84B)
Class com.google.common.collect.AbstractMapBasedMultimap$KeySet                       : loaded 2 times (x 139B)
Class com.google.common.math.IntMath                                                  : loaded 2 times (x 73B)
Class org.objectweb.asm.commons.InstructionAdapter                                    : loaded 2 times (x 190B)
Class com.google.common.collect.ImmutableMapEntry                                     : loaded 2 times (x 87B)
Class com.google.common.base.Equivalence                                              : loaded 2 times (x 84B)
Class com.google.common.base.Function                                                 : loaded 2 times (x 72B)
Class com.google.common.collect.ImmutableMapEntry$NonTerminalImmutableMapEntry        : loaded 2 times (x 87B)
Class com.google.common.cache.CacheBuilder$OneWeigher                                 : loaded 2 times (x 84B)
Class com.google.common.collect.RegularImmutableList                                  : loaded 2 times (x 215B)
Class org.gradle.internal.classloader.ClasspathUtil                                   : loaded 2 times (x 73B)
Class com.google.common.util.concurrent.Uninterruptibles                              : loaded 2 times (x 73B)
Class com.google.common.util.concurrent.LazyLogger                                    : loaded 2 times (x 74B)
Class com.google.common.collect.Maps                                                  : loaded 2 times (x 73B)
Class org.gradle.api.specs.Spec                                                       : loaded 2 times (x 72B)
Class [Lcom.google.common.collect.ImmutableEntry;                                     : loaded 2 times (x 71B)
Class com.google.common.cache.LocalCache$LoadingValueReference                        : loaded 2 times (x 98B)
Class com.google.common.base.Platform                                                 : loaded 2 times (x 73B)
Class [Lorg.objectweb.asm.AnnotationWriter;                                           : loaded 2 times (x 71B)
Class com.google.common.collect.Maps$8                                                : loaded 2 times (x 84B)
Class com.google.common.collect.Sets$SetView                                          : loaded 2 times (x 140B)
Class com.google.common.cache.LocalCache$StrongValueReference                         : loaded 2 times (x 92B)
Class org.objectweb.asm.Type                                                          : loaded 2 times (x 74B)
Class org.gradle.internal.classloader.VisitableURLClassLoader$InstrumentingVisitableURLClassLoader: loaded 2 times (x 124B)
Class com.google.common.math.IntMath$1                                                : loaded 2 times (x 73B)
Class org.objectweb.asm.ByteVector                                                    : loaded 2 times (x 81B)
Class [Lcom.google.common.cache.CacheBuilder$NullListener;                            : loaded 2 times (x 71B)
Class org.gradle.internal.classloader.VisitableURLClassLoader$Spec                    : loaded 2 times (x 76B)
Class org.gradle.internal.classpath.DefaultClassPath                                  : loaded 2 times (x 92B)
Class org.objectweb.asm.Symbol                                                        : loaded 2 times (x 75B)
Class ijJvmDebugger1_5snrpkg115f7rrh8n9qi8vx7p$_run_closure1                          : loaded 2 times (x 140B)
Class com.google.common.base.CharMatcher$BitSetMatcher                                : loaded 2 times (x 114B)
Class com.google.common.collect.RegularImmutableMap$Values                            : loaded 2 times (x 209B)
Class com.google.common.collect.ImmutableSet                                          : loaded 2 times (x 147B)
Class org.gradle.internal.classloader.ClassLoaderSpec                                 : loaded 2 times (x 73B)
Class org.objectweb.asm.AnnotationWriter                                              : loaded 2 times (x 80B)
Class com.google.common.cache.CacheStats                                              : loaded 2 times (x 73B)
Class org.objectweb.asm.RecordComponentWriter                                         : loaded 2 times (x 79B)
Class com.google.common.util.concurrent.AbstractFuture$Listener                       : loaded 2 times (x 74B)
Class com.google.common.base.CharMatcher$Or                                           : loaded 2 times (x 114B)
Class Settings_gradle$1$1                                                             : loaded 2 times (x 76B)
Class org.objectweb.asm.Attribute                                                     : loaded 2 times (x 79B)
Class com.google.common.base.Supplier                                                 : loaded 2 times (x 72B)
Class org.gradle.internal.classloader.VisitableURLClassLoader                         : loaded 2 times (x 118B)
Class Settings_gradle                                                                 : loaded 2 times (x 126B)
Class org.gradle.internal.Cast                                                        : loaded 2 times (x 73B)
Class org.gradle.api.Action                                                           : loaded 2 times (x 72B)
Class com.google.common.base.Strings                                                  : loaded 2 times (x 73B)
Class com.google.common.collect.Sets                                                  : loaded 2 times (x 73B)
Class org.objectweb.asm.Handler                                                       : loaded 2 times (x 74B)
Class com.google.common.base.Ticker                                                   : loaded 2 times (x 74B)
Class com.google.common.base.CharMatcher$FastMatcher                                  : loaded 2 times (x 113B)
Class [Lcom.google.common.cache.LocalCache$Segment;                                   : loaded 2 times (x 71B)
Class [Lcom.google.common.cache.LocalCache$Strength;                                  : loaded 2 times (x 71B)
Class com.google.common.cache.CacheBuilder$1                                          : loaded 2 times (x 87B)
Class com.google.common.base.Predicate                                                : loaded 2 times (x 72B)
Class com.google.common.collect.ImmutableMap                                          : loaded 2 times (x 122B)
Class org.gradle.internal.classpath.DefaultClassPath$ImmutableUniqueList$Builder      : loaded 2 times (x 77B)
Class com.google.common.cache.LocalCache                                              : loaded 2 times (x 188B)
Class com.google.common.cache.CacheBuilder$2                                          : loaded 2 times (x 81B)
Class com.google.common.base.CharMatcher$NegatedFastMatcher                           : loaded 2 times (x 115B)
Class com.google.common.collect.ArrayListMultimap                                     : loaded 2 times (x 173B)
Class com.google.common.cache.CacheBuilder$3                                          : loaded 2 times (x 74B)
Class [Lcom.google.common.collect.AbstractMapEntry;                                   : loaded 2 times (x 71B)
Class com.google.common.collect.ImmutableEntry                                        : loaded 2 times (x 84B)
Class org.gradle.api.GradleException                                                  : loaded 2 times (x 84B)
Class com.google.common.collect.CollectPreconditions                                  : loaded 2 times (x 73B)
Class com.google.common.collect.SortedMapDifference                                   : loaded 2 times (x 72B)
Class com.google.common.cache.LocalCache$EntryFactory                                 : loaded 2 times (x 85B)
Class com.google.common.cache.LocalCache$AbstractReferenceEntry                       : loaded 2 times (x 109B)
Class org.gradle.internal.IoActions                                                   : loaded 2 times (x 73B)
Class org.objectweb.asm.SymbolTable                                                   : loaded 2 times (x 74B)
Class com.google.common.cache.CacheLoader$InvalidCacheLoadException                   : loaded 2 times (x 84B)
Class com.google.common.collect.ImmutableSet$RegularSetBuilderImpl                    : loaded 2 times (x 78B)
Class org.gradle.internal.classloader.SystemClassLoaderSpec                           : loaded 2 times (x 73B)
Class com.google.common.cache.LocalCache$StrongEntry                                  : loaded 2 times (x 110B)
Class com.google.common.util.concurrent.AbstractFuture$TrustedFuture                  : loaded 2 times (x 116B)
Class com.google.common.cache.LoadingCache                                            : loaded 2 times (x 72B)
Class ijKotlinCoroutineJvmDebugInit1_b4vuni4rlz3jl41v4toj9fs4i$_run_closure1$_closure2: loaded 2 times (x 140B)
Class org.objectweb.asm.MethodWriter                                                  : loaded 2 times (x 107B)
Class [Lcom.google.common.cache.Weigher;                                              : loaded 2 times (x 71B)
Class com.google.common.collect.RegularImmutableMap$BucketOverflowException           : loaded 2 times (x 84B)
Class com.google.common.cache.LocalCache$ValueReference                               : loaded 2 times (x 72B)
Class com.google.common.base.CharMatcher$Negated                                      : loaded 2 times (x 115B)
Class com.google.common.base.CharMatcher$Is                                           : loaded 2 times (x 113B)
Class com.google.common.collect.RegularImmutableBiMap                                 : loaded 2 times (x 150B)
Class com.google.common.base.PatternCompiler                                          : loaded 2 times (x 72B)
Class com.google.common.util.concurrent.AbstractFuture$Failure                        : loaded 2 times (x 74B)
Class com.google.common.base.Equivalence$Equals                                       : loaded 2 times (x 84B)
Class com.google.common.collect.Hashing                                               : loaded 2 times (x 73B)
Class com.google.common.base.Preconditions                                            : loaded 2 times (x 73B)
Class com.google.common.base.Joiner$1                                                 : loaded 2 times (x 82B)
Class org.objectweb.asm.Label                                                         : loaded 2 times (x 75B)
Class org.objectweb.asm.CurrentFrame                                                  : loaded 2 times (x 75B)
Class org.objectweb.asm.ClassTooLargeException                                        : loaded 2 times (x 84B)
Class com.google.common.base.CharMatcher                                              : loaded 2 times (x 113B)
Class com.google.common.collect.PeekingIterator                                       : loaded 2 times (x 72B)
Class com.google.common.base.Joiner$2                                                 : loaded 2 times (x 81B)
Class org.objectweb.asm.Frame                                                         : loaded 2 times (x 75B)
Class org.objectweb.asm.MethodVisitor                                                 : loaded 2 times (x 107B)
Class com.google.common.cache.LocalCache$EntryFactory$1                               : loaded 2 times (x 85B)
Class [Lcom.google.common.cache.RemovalListener;                                      : loaded 2 times (x 71B)
Class com.google.common.base.CharMatcher$1                                            : loaded 2 times (x 115B)
Class com.google.common.base.CharMatcher$NamedFastMatcher                             : loaded 2 times (x 114B)
Class com.google.common.cache.LocalCache$EntryFactory$2                               : loaded 2 times (x 85B)
Class org.gradle.api.internal.classpath.GlobalCacheRootsProvider                      : loaded 2 times (x 72B)
Class org.objectweb.asm.ModuleWriter                                                  : loaded 2 times (x 83B)
Class com.google.common.cache.LocalCache$EntryFactory$3                               : loaded 2 times (x 85B)
Class com.google.common.base.Ticker$1                                                 : loaded 2 times (x 74B)
Class com.google.common.collect.Maps$BiMapConverter                                   : loaded 2 times (x 92B)
Class com.google.common.collect.ImmutableMapEntrySet$RegularEntrySet                  : loaded 2 times (x 154B)
Class com.google.common.collect.ImmutableSet$Builder                                  : loaded 2 times (x 87B)
Class com.google.common.cache.LocalCache$EntryFactory$4                               : loaded 2 times (x 85B)
Class com.google.common.base.CharMatcher$InRange                                      : loaded 2 times (x 113B)
Class com.google.common.cache.LocalCache$EntryFactory$5                               : loaded 2 times (x 85B)
Class com.google.common.base.PairwiseEquivalence                                      : loaded 2 times (x 85B)
Class com.google.common.cache.LocalCache$EntryFactory$6                               : loaded 2 times (x 85B)
Class org.gradle.internal.installation.CurrentGradleInstallationLocator               : loaded 2 times (x 73B)
Class com.google.common.collect.Maps$KeySet                                           : loaded 2 times (x 139B)
Class com.google.common.collect.ImmutableSet$EmptySetBuilderImpl                      : loaded 2 times (x 78B)
Class com.google.common.cache.LocalCache$EntryFactory$7                               : loaded 2 times (x 85B)
Class com.google.common.collect.ImmutableList                                         : loaded 2 times (x 208B)
Class ijJvmDebugger1_5snrpkg115f7rrh8n9qi8vx7p                                        : loaded 2 times (x 173B)
Class org.gradle.internal.service.DefaultServiceLocator                               : loaded 2 times (x 85B)
Class com.google.common.cache.LocalCache$EntryFactory$8                               : loaded 2 times (x 85B)
Class com.google.common.collect.ImmutableSet$SetBuilderImpl                           : loaded 2 times (x 78B)
Class org.gradle.internal.installation.CurrentGradleInstallation                      : loaded 2 times (x 75B)
Class com.google.common.cache.CacheLoader$1                                           : loaded 2 times (x 77B)
Class com.google.common.collect.ImmutableList$SubList                                 : loaded 2 times (x 211B)
Class org.gradle.util.internal.GUtil                                                  : loaded 2 times (x 73B)
Class com.google.common.cache.AbstractCache$StatsCounter                              : loaded 2 times (x 72B)
Class com.google.common.collect.Iterators$MergingIterator                             : loaded 2 times (x 83B)
Class com.google.common.collect.RegularImmutableSet                                   : loaded 2 times (x 150B)
Class org.gradle.internal.installation.GradleInstallation                             : loaded 2 times (x 77B)
Class com.google.common.collect.Iterables                                             : loaded 2 times (x 73B)

---------------  S Y S T E M  ---------------

OS:
 Windows 11 , 64 bit Build 26100 (10.0.26100.9168)
OS uptime: 3 days 13:31 hours
Hyper-V role detected

CPU: total 18 (initial active 18) (9 cores per cpu, 2 threads per core) family 6 model 170 stepping 4 microcode 0x28, cx8, cmov, fxsr, ht, mmx, 3dnowpref, sse, sse2, sse3, ssse3, sse4.1, sse4.2, popcnt, lzcnt, tsc, tscinvbit, avx, avx2, aes, erms, clmul, bmi1, bmi2, adx, sha, fma, vzeroupper, clflush, clflushopt, clwb, hv, serialize, rdtscp, rdpid, fsrm, gfni, f16c, cet_ibt, cet_ss
Processor Information for processor 0
  Max Mhz: 1200, Current Mhz: 1200, Mhz Limit: 1200
Processor Information for processor 1
  Max Mhz: 1200, Current Mhz: 1200, Mhz Limit: 1200
Processor Information for processor 2
  Max Mhz: 700, Current Mhz: 700, Mhz Limit: 700
Processor Information for processor 3
  Max Mhz: 700, Current Mhz: 700, Mhz Limit: 700
Processor Information for processor 4
  Max Mhz: 700, Current Mhz: 700, Mhz Limit: 700
Processor Information for processor 5
  Max Mhz: 700, Current Mhz: 700, Mhz Limit: 700
Processor Information for processor 6
  Max Mhz: 700, Current Mhz: 700, Mhz Limit: 700
Processor Information for processor 7
  Max Mhz: 700, Current Mhz: 700, Mhz Limit: 700
Processor Information for processor 8
  Max Mhz: 700, Current Mhz: 700, Mhz Limit: 700
Processor Information for processor 9
  Max Mhz: 700, Current Mhz: 700, Mhz Limit: 700
Processor Information for processor 10
  Max Mhz: 1200, Current Mhz: 1200, Mhz Limit: 1200
Processor Information for processor 11
  Max Mhz: 1200, Current Mhz: 1200, Mhz Limit: 1200
Processor Information for processor 12
  Max Mhz: 1200, Current Mhz: 1200, Mhz Limit: 1200
Processor Information for processor 13
  Max Mhz: 1200, Current Mhz: 1200, Mhz Limit: 1200
Processor Information for processor 14
  Max Mhz: 1200, Current Mhz: 1200, Mhz Limit: 1200
Processor Information for processor 15
  Max Mhz: 1200, Current Mhz: 1200, Mhz Limit: 1200
Processor Information for processor 16
  Max Mhz: 700, Current Mhz: 700, Mhz Limit: 700
Processor Information for processor 17
  Max Mhz: 700, Current Mhz: 700, Mhz Limit: 700

Memory: 4k page, system-wide physical 15805M (402M free)
TotalPageFile size 31805M (AvailPageFile size 43M)
current process WorkingSet (physical memory assigned to process): 481M, peak: 482M
current process commit charge ("private bytes"): 525M, peak: 538M

vm_info: OpenJDK 64-Bit Server VM (25.0.2+-15348964-b329.117) for windows-amd64 JRE (25.0.2+-15348964-b329.117), built on 2026-05-05T18:25:19Z with MS VC++ 16.10 / 16.11 (VS2019)

END.
